Cell_ID,true_label,canonical_fold,lzh_pred,wyh_pred,s0_pred,lzh_top1,lzh_margin,lzh_entropy,wyh_top1,wyh_margin,wyh_entropy,s0_top1,s0_margin,s0_entropy,Region,E/I,Segment,Section_ID,hard_bucket,n_detected,library_size,neuron_or_glial,true_family,lzh_wyh_agree,lzh_s0_agree,wyh_s0_agree,all_three_agree,all_three_different,n_experts_supporting_s0,rescue_evidence_score,js_s0_lzh,js_s0_wyh,js_lzh_wyh,group_n1,group_n2,group_n3,lzh_correct,wyh_correct,s0_correct
2796212800399100077,DH_ex_Reln,1,DH_ex_Reln,DH_ex_Reln,DH_ex_Sox5,0.9737265999663208,0.9539498761768691,0.13623460290264872,0.9996196960598445,0.9993042667995602,0.003548678592515035,0.24652771726943049,0.10599527147984486,2.347977463210467,1,excitatory,6,0613_F4_L,False,16,33.0,neuron,neuronal_or_other,True,False,False,False,False,1,-1.8382759705269094,0.6945544420437283,0.714460326222258,0.012015840917708052,False,True,True,True,True,False
2656144900395100204,DH_in_Npy,0,DH_in_Npy,DH_in_Npy,DH_in_Cdh3,0.8807436236134978,0.7614872530269958,0.3654408772267363,0.9999690707214217,0.9999381414428434,0.00035209246882029295,0.3527574834030689,0.12847691629315902,1.9792615636278923,1,inhibitory,4,0328_M2_T,False,12,14.0,neuron,neuronal_or_other,True,False,False,False,False,1,-1.4267390756217813,0.40541823077795947,0.5792247176555355,0.062164966870160085,False,True,True,True,True,False
2787445900361100208,MV_in_Esrrb,0,MV_in_Esrrb,MV_in_Esrrb,MV_in_Gm26673,0.9999999940999997,0.9999999939999997,1.4175252073536734e-07,1.0,1.0,-0.0,0.5397866119471468,0.3725645334672227,1.6147419041092743,4,inhibitory,14,0503_F4_C,False,12,15.0,neuron,neuronal_or_other,True,False,False,False,False,1,-1.1132235982576097,0.7753638675597014,0.7753639298922819,2.950000006277528e-09,False,True,True,True,True,False
2787445900618100070,astrocyte_1,4,oligodendrocyte_progenitor_2,astrocyte_1,astrocyte_2,0.39124741447627637,0.17045022825558204,1.5314169520939758,0.4915177210843824,0.20990123681301925,1.1278180258979413,0.3556282613835211,0.04997915712105039,1.4933267542419784,__MISSING__,__MISSING__,__MISSING__,0503_F3_C,True,7,11.0,glial_non_neuronal,astrocyte,False,False,False,False,True,1,0.9612926133440041,0.07980147826405548,0.10698504300104604,0.10158121919516065,False,False,True,False,True,False
2796212800922100073,DH_ex_Prkcg/Rxfp1,4,DH_ex_Prkcg/Rxfp1,DH_ex_Prkcg/Rxfp1,DM_ex_Zfhx3,0.9024448284866557,0.8062881589416536,0.3270028789308882,0.9671348405248492,0.934515354035011,0.14601245791538048,0.16556572087156274,0.015015651894066284,2.6184064663710656,1,excitatory,6,0613_F4_C,False,10,18.0,neuron,neuronal_or_other,True,False,False,False,False,1,-1.721385522563561,0.7343564494160083,0.7516387542408465,0.01294639589230008,False,True,True,True,True,False
2707737900021100138,oligodendrocyte_progenitor_2,0,oligodendrocyte_1,oligodendrocyte_progenitor_2,oligodendrocyte_1,0.5262523774627507,0.13223150478670725,1.033897051530645,0.5004682960655583,0.024861074842992326,0.8074199046838137,0.487579262556991,0.12568384923449516,1.3065189122251497,__MISSING__,__MISSING__,__MISSING__,0415_F1_S,True,7,11.0,glial_non_neuronal,oligodendrocyte_opc,False,True,False,False,False,2,1.6267027917511352,0.020152363502129865,0.05239134334106084,0.022887525544389553,False,False,True,False,True,False
2656143800468100060,DH_ex_Reln/Nmur2,3,DH_ex_Reln/Nmur2,DH_ex_Reln/Nmur2,DH_in_Cdh3,0.8936751272169142,0.7873502602338289,0.3387620573941111,0.8595025824808609,0.7190051649617217,0.4058654156035169,0.18142574316066915,0.0018325347835550232,2.528632175835896,1,excitatory,3,0328_M3_L,False,8,9.0,neuron,neuronal_or_other,True,False,False,False,False,1,-1.2997398995992158,0.9660084292862184,0.9654592453195057,0.0019521669630489056,False,True,True,True,True,False
2707737900112100022,endothelial,2,astrocyte_2,astrocyte_1,astrocyte_2,0.47627618777356995,0.15586956908937816,1.2555083090571775,0.6041715483820196,0.355542545030701,1.0696041257599391,0.6307291225016376,0.42725465834451204,1.377009845129465,__MISSING__,__MISSING__,__MISSING__,0415_F1_L,True,4,4.0,glial_non_neuronal,vascular,False,True,False,False,False,2,1.8431364479783532,0.08004163284344758,0.33169462612251416,0.15397576311586939,True,False,False,False,False,False
2795903600518100067,DH_ex_Grp,3,DH_ex_Grp,DH_ex_Grp,DH_ex_Cpne4,0.7719830602084226,0.6141679721934429,0.6776454474219349,0.9524752913549343,0.9065328846623191,0.19810060847464694,0.3227216992258588,0.24384667974823143,2.681667425943446,1,excitatory,6,0613_M5_C,False,5,6.0,neuron,neuronal_or_other,True,False,False,False,False,1,-0.6275164159292075,0.7184086629461076,0.7838310302252202,0.08196555537578765,False,True,True,True,True,False
2707604000109100211,pericyte,4,endothelial,endothelial,MV_in_Sema5b,0.7805649063365333,0.7221545923192801,0.9449927084224812,0.7971894407553386,0.6851185409500471,0.7075939320238114,0.3026466876804067,0.15790682296061537,2.2273701582590952,__MISSING__,__MISSING__,__MISSING__,0415_M3_T,True,17,19.0,glial_non_neuronal,vascular,True,False,False,False,False,1,-0.6421657997699043,0.6124848810324265,0.614418704969575,0.04369008935107178,True,False,False,False,False,False
2656144900058100068,peripheral_glia,4,Schwann_cell,Schwann_cell,Schwann_cell,0.8610471218013843,0.8212111434027617,0.6748091264307208,0.8063359112573193,0.6133803824593934,0.49693772785617896,0.8358491225755945,0.6723945780925917,0.45245196584575614,__MISSING__,__MISSING__,__MISSING__,0328_M1_C,True,10,44.0,glial_non_neuronal,remaining_glial_non_neuronal,True,True,True,True,False,3,0.8840377818856677,0.07678418770619559,0.0012118879749254483,0.0874483932491959,True,False,False,False,False,False
2707604700365100052,DH_ex_Grp,1,DH_ex_Grp,DH_ex_Grp,DH_in_Cdh3,0.7465206075507991,0.511754737862409,0.6456483449931693,0.9759744287163596,0.9534884885974676,0.11903670437733642,0.3159045078373163,0.21063988132608014,2.429328699176002,1,excitatory,6,0415_M2_C,False,37,114.0,neuron,neuronal_or_other,True,False,False,False,False,1,-0.638120321049881,0.7837240995935482,0.8156118844964102,0.09142265840047499,False,True,True,True,True,False
2795103300382100107,astrocyte_1,0,oligodendrocyte_1,oligodendrocyte_progenitor_2,oligodendrocyte_1,0.398210171940757,0.017699970086264283,1.3625110275820131,0.43853045026758836,0.047367712635117964,1.116570750599822,0.4128160941723144,0.23397439011567356,2.127998666774947,__MISSING__,__MISSING__,__MISSING__,0610_M5_S,True,8,11.0,glial_non_neuronal,astrocyte,False,True,False,False,False,2,2.1156814437679783,0.13768083673435008,0.2009384632718874,0.03138325726404236,True,False,False,False,False,False
2787445900933100079,astrocyte_1,4,oligodendrocyte_1,astrocyte_1,astrocyte_2,0.40972515305143065,0.16679624378067973,1.5715700571674442,0.41181744235192447,0.008714753941385212,1.2350307269886927,0.38953230244030396,0.07324802033527078,1.679638598448657,__MISSING__,__MISSING__,__MISSING__,0503_F3_S,True,9,11.0,glial_non_neuronal,astrocyte,False,False,False,False,True,1,1.437755115385882,0.2724798074052384,0.3843503344093152,0.08207937811611447,False,False,True,False,True,False
2945606900000006599,endothelial,1,endothelial,astrocyte_1,MV_in_Chrna2,0.3815404592462059,0.08926792918232246,1.623523893346234,0.5147179000562859,0.10120118492834007,0.9357970562117816,0.4490632038647454,0.22510495166553804,1.7908116928083346,__MISSING__,__MISSING__,__MISSING__,0328_F1_C,True,19,29.0,glial_non_neuronal,vascular,False,False,False,False,True,1,1.8537875942932187,0.39538087321326837,0.3874467583092084,0.12298947181590537,False,False,True,True,False,False
2656143800078100083,DH_in_Npy,1,DH_in_Npy,DH_in_Npy,DH_in_Cdh3,0.9865174841851896,0.9730349741703795,0.07145191763096038,0.999999155988396,0.9999983119767918,1.264759758960005e-05,0.3621760477665273,7.701556311823232e-05,1.5395514088267177,1,inhibitory,4,0328_M3_C,False,15,40.0,neuron,neuronal_or_other,True,False,False,False,False,1,-2.1952216064535746,0.3921448814388617,0.4310222971947891,0.006768178346381526,False,True,True,True,True,False
2656143800052100323,DH_in_Npy,4,DH_in_Npy,DH_in_Npy,DH_in_Cdh3,0.9170248637967225,0.8340497333934452,0.28597634785174325,0.999968261326838,0.999936522653676,0.0003604865414282316,0.3884152064396502,0.21417757394708006,2.18770008488464,1,inhibitory,4,0328_M3_C,False,8,10.0,neuron,neuronal_or_other,True,False,False,False,False,1,-1.296597933304557,0.4961154857271633,0.6441001658444526,0.04259515798710283,False,True,True,True,True,False
2787889600348100196,MV_in_Sema5b,1,MV_in_Sema5b,MV_in_Sema5b,astrocyte_1,0.9999999940999997,0.9999999939999997,1.4175252073536734e-07,1.0,1.0,-0.0,0.6888447478518476,0.5708292230167182,1.2625824487474988,4,inhibitory,15,0503_M4_C,False,12,17.0,neuron,neuronal_or_other,True,False,False,False,False,1,-0.5116080463267795,0.9291057777046224,0.929105841749237,2.950000006277528e-09,False,True,True,True,True,False
2945606900000003404,pericyte,3,microglia,microglia,microglia,0.8935149359783721,0.8527676306801688,0.553660336886619,0.9765657582397922,0.9559524506800618,0.12193630570807225,0.6539869412187932,0.5286177804651737,1.233647189110557,__MISSING__,__MISSING__,__MISSING__,0328_F1_C,True,6,7.0,glial_non_neuronal,vascular,True,True,True,True,False,3,-0.28867114807167343,0.07738097277170268,0.1550833241843971,0.030960387499116917,True,False,False,False,False,False
2787445900583100189,MV_in_Gabra1,2,MV_in_Gabra1,MV_in_Gabra1,MV_in_Gm26673,0.9999846457175458,0.999973456471945,0.00019547301619791645,1.0,1.0,-0.0,0.6207839604461106,0.42571239055101573,1.0677090392981108,4,inhibitory,16,0503_F3_C,False,28,59.0,neuron,neuronal_or_other,True,False,False,False,False,1,-0.9519039133355374,0.7044653875721291,0.7045443793913723,7.677183742337391e-06,False,True,True,True,True,False
2795584800226100152,DH_in_Cdh3,0,DH_in_Cdh3,DH_in_Cdh3,DH_in_Pdyn,0.9856091211995845,0.9713898006349795,0.07634893359573243,0.9990924842018081,0.9981849684036161,0.007264070166299081,0.2974101018487158,0.04634404554161081,1.8434424525430841,1,inhibitory,10,0610_F3_C,False,28,60.0,neuron,neuronal_or_other,True,False,False,False,False,1,-2.048284099405638,0.5510198918920062,0.570618622374276,0.005205820190581123,False,True,True,True,True,False
2656143800153100293,DH_in_Npy,3,DH_in_Npy,DH_in_Npy,DM_ex_Zfhx3,0.9959093965378296,0.9918187988756594,0.026576818189981984,0.9999655003890205,0.9999310007780411,0.00038896742543821714,0.16404845463061116,0.01356554127175999,3.0304381605149984,1,inhibitory,4,0328_M3_C,False,4,5.0,neuron,neuronal_or_other,True,False,False,False,False,1,-2.187788074093426,0.8968607598075795,0.9069306407527861,0.0019216896619760628,False,True,True,True,True,False
2707737900101100075,DH_ex_Maf/Slc17a8,1,DH_ex_Maf/Cck,DH_ex_Maf/Cck,DH_ex_Maf/Cck,0.9461466250619929,0.920006726964101,0.26214842843129427,0.9640594741376968,0.9452418565744468,0.18867230197613216,0.3131424231129925,0.10143735498678577,2.0083368996620625,1,excitatory,10,0415_F1_L,False,34,70.0,neuron,neuronal_or_other,True,True,True,True,False,3,-1.6840335678797826,0.42046917333713385,0.44781928121156717,0.009758525371343238,True,False,False,False,False,False
2707737900007100130,oligodendrocyte_2,0,oligodendrocyte_progenitor_2,oligodendrocyte_1,oligodendrocyte_1,0.5482541848710858,0.16060384894906804,0.9774577925274229,0.5340983597757138,0.07697010242303137,0.7382671998747358,0.5239900323875554,0.1489808865157401,1.122736592668714,__MISSING__,__MISSING__,__MISSING__,0415_F1_S,True,7,10.0,glial_non_neuronal,oligodendrocyte_opc,False,False,True,False,False,2,1.5431732704645544,0.02993613086231634,0.03889897137181673,0.03420528041238378,True,False,False,False,False,False
2796212800882100020,DH_ex_Reln/Nmur2,1,DH_ex_Reln/Nmur2,DH_ex_Reln/Nmur2,DH_ex_Tac2,0.9890955104943874,0.9781910267887751,0.06011774716142167,0.9999876821378032,0.9999753642756064,0.0001515645685196841,0.4020317342784312,0.15847616368323936,1.8325246732586908,1,excitatory,3,0613_F3_C,False,15,24.0,neuron,neuronal_or_other,True,False,False,False,False,1,-1.723759912425248,0.5566397698121869,0.5562857349832909,0.005410730147766077,False,True,True,True,True,False
2795103300182100065,oligodendrocyte_progenitor_1,2,oligodendrocyte_precursor_cell,oligodendrocyte_precursor_cell,oligodendrocyte_precursor_cell,0.9102238086376636,0.8560411194255642,0.42595596880014336,0.9909643392903281,0.9862678944361183,0.06228859541173265,0.8096053745027835,0.7268229082264656,0.8783809545314747,__MISSING__,__MISSING__,__MISSING__,0610_M4_C,True,9,16.0,glial_non_neuronal,oligodendrocyte_opc,True,True,True,True,False,3,0.24673309875627608,0.0536683511173451,0.08676937256393807,0.031051864070107637,True,False,False,False,False,False
2656144300141100022,DH_ex_Gpr83,3,DH_ex_Gpr83,DH_ex_Gpr83,DH_ex_Tac2,0.8668386943854378,0.7336773945708761,0.3923524649294942,0.9917723812454796,0.9835447624909592,0.04768837673020471,0.1626870801184096,0.031553978209406836,2.6498419020036423,1,excitatory,2,0328_F2_L,False,7,10.0,neuron,neuronal_or_other,True,False,False,False,False,1,-1.638515621037471,0.8579976532525285,0.8782928887362668,0.05108764222190017,False,True,True,True,True,False
2707737900086100132,oligodendrocyte_progenitor_2,0,oligodendrocyte_progenitor_2,oligodendrocyte_progenitor_2,oligodendrocyte_1,0.5819340364848917,0.35740702259840096,1.2194786035473153,0.7405703685296392,0.4815820735200004,0.5764828411118238,0.4701320872472511,0.01435905106393065,1.0867539010790448,__MISSING__,__MISSING__,__MISSING__,0415_F1_L,True,10,41.0,glial_non_neuronal,oligodendrocyte_opc,True,False,False,False,False,1,-0.02074247120061723,0.10253220888950546,0.0825885526217422,0.10280278426918939,False,True,True,True,True,False
2726544600456100095,MV_in_Gabra1,3,MV_in_Gabra1,MV_in_Gabra1,DH_ex_Maf/Cck,0.9999999940999997,0.9999999939999997,1.4175252073536734e-07,1.0,1.0,-0.0,0.19122855249488177,0.015742724573115707,2.910189008350627,4,inhibitory,16,0422_F1_L,False,9,15.0,neuron,neuronal_or_other,True,False,False,False,False,1,-2.1959658151726114,0.9502706630640764,0.9502707385815703,2.950000006277528e-09,False,True,True,True,True,False
2795103300193100190,oligodendrocyte_progenitor_2,3,endothelial,endothelial,endothelial,0.899815440757717,0.8699083150514028,0.5292130991971685,0.9877888182082621,0.9798841146814672,0.07878200189205611,0.8118214647302446,0.7604428861376652,0.8452760341694898,__MISSING__,__MISSING__,__MISSING__,0610_M4_L,True,7,8.0,glial_non_neuronal,oligodendrocyte_opc,True,True,True,True,False,3,0.3365930230275017,0.039452241151354726,0.07613497846807477,0.03806005451816394,True,False,False,False,False,False
2726562700118100166,endothelial,1,astrocyte_1,astrocyte_1,astrocyte_1,0.5769182314451341,0.19991414858913925,0.8846093781539762,0.8240546434762973,0.6745179426043135,0.560429651305052,0.5602634511270113,0.45953802920213305,1.7769039705389442,__MISSING__,__MISSING__,__MISSING__,0422_F2_C,True,6,9.0,glial_non_neuronal,vascular,True,True,True,True,False,3,1.2291419028388408,0.2570683951417984,0.20310723515010423,0.05630391355081304,True,False,False,False,False,False
2796212800627100042,oligodendrocyte_progenitor_2,2,oligodendrocyte_1,oligodendrocyte_1,oligodendrocyte_1,0.553489466063159,0.33265366640954563,1.2244102150272163,0.9169824637632846,0.8508192024433159,0.3406097748321651,0.5817259691697357,0.4222877132228531,1.4742343340795565,__MISSING__,__MISSING__,__MISSING__,0613_F4_T,True,6,9.0,glial_non_neuronal,oligodendrocyte_opc,True,True,True,True,False,3,0.528536968434027,0.047838064734070714,0.14725327143979067,0.1542137603542853,True,False,False,False,False,False
2787889600094100080,astrocyte_1,1,astrocyte_1,astrocyte_1,MV_in_Gabra1,0.9623072872122748,0.9490407130913889,0.23105956984571557,0.9984559326348035,0.9969683072852796,0.011859865307246292,0.5502745129733716,0.3714462753527568,1.4410430400864982,__MISSING__,__MISSING__,__MISSING__,0503_M5_C,True,39,80.0,glial_non_neuronal,astrocyte,True,False,False,False,False,1,-1.0193643241945027,0.6492907786292379,0.6571658446267095,0.016738665054762288,False,True,True,True,True,False
2946331700000013341,MV_in_Sema5b,2,MV_in_Sema5b,MV_in_Sema5b,oligodendrocyte_1,0.9999999940999997,0.9999999939999997,1.4175252073536734e-07,1.0,1.0,-0.0,0.32445873068164305,0.1445276307789312,2.2174907351653355,4,inhibitory,15,0415_F2_S,False,12,12.0,neuron,neuronal_or_other,True,False,False,False,False,1,-1.8051801306242306,0.6365553361203974,0.6365554072247785,2.950000006277528e-09,False,True,True,True,True,False
2787445900268100092,endothelial,3,endothelial,endothelial,MV_in_Gabra1,0.696572731783354,0.5612389853947687,1.0140207508387282,0.7894188774178452,0.6217620607318712,0.6554312833780317,0.22082841658628805,0.008639777091966505,2.486051634349352,__MISSING__,__MISSING__,__MISSING__,0503_F5_L,True,11,16.0,glial_non_neuronal,vascular,True,False,False,False,False,1,-0.6812569677128614,0.5213593409632014,0.5353308244848588,0.04131687564293613,False,True,True,True,True,False
2796212800716100234,MV_in_Gabra1,1,MV_in_Gabra1,MV_in_Gabra1,DH_in_Cdh3,0.9999999940999997,0.9999999939999997,1.4175252073536734e-07,1.0,1.0,-0.0,0.19328246213809738,0.000972092144282316,2.7231950038068673,4,inhibitory,16,0613_F3_T,False,8,10.0,neuron,neuronal_or_other,True,False,False,False,False,1,-2.240785909972304,0.8194380383425511,0.8194381112450755,2.950000006277528e-09,False,True,True,True,True,False
2707604000038100061,oligodendrocyte_1,4,oligodendrocyte_progenitor_2,oligodendrocyte_progenitor_2,oligodendrocyte_progenitor_2,0.32874537297845474,0.04859815023974079,1.599238144332949,0.6067210205167415,0.4024776466374117,1.00691373956888,0.43335724340446835,0.09190502669803685,1.4611235792832007,__MISSING__,__MISSING__,__MISSING__,0415_M3_L,True,8,11.0,glial_non_neuronal,oligodendrocyte_opc,True,True,True,True,False,3,0.9244471061316767,0.138535401092931,0.09905287875397688,0.13831398721983731,True,False,False,False,False,False
2796212800977100222,MV_ex_Syt2,3,MV_ex_Syt2,MV_ex_Syt2,MV_in_Gabra1,0.9999999940999997,0.9999999939999997,1.4175252073536734e-07,1.0,1.0,-0.0,0.6685766349392265,0.5271313964190696,1.1635865710515731,4,excitatory,14,0613_F3_C,False,21,46.0,neuron,neuronal_or_other,True,False,False,False,False,1,-0.6442049909791915,0.7639542123303147,0.7639542721733136,2.950000006277528e-09,False,True,True,True,True,False
2787445900090100096,astrocyte_1,1,oligodendrocyte_progenitor_2,oligodendrocyte_progenitor_2,oligodendrocyte_progenitor_2,0.49700578709804455,0.1017082939629031,1.1501308757400879,0.6230220865300476,0.25006179427447534,0.6884400480477869,0.6029493333358247,0.3392318668765846,1.0779912843075634,__MISSING__,__MISSING__,__MISSING__,0503_F5_T,True,15,33.0,glial_non_neuronal,astrocyte,True,True,True,True,False,3,1.8823649056705933,0.046856482158141206,0.06794102943549304,0.05065247354786101,True,False,False,False,False,False
2787889600195100078,DH_in_Cdh3,4,DH_in_Cdh3,DH_in_Cdh3,DH_ex_Tac2,0.7389152924658406,0.4778305907316815,0.5741885637486447,0.9885945582101074,0.9771891164202149,0.0623642732216486,0.33680444030960627,0.1383196983284914,2.453721501126683,1,inhibitory,10,0503_M5_T,False,22,30.0,neuron,neuronal_or_other,True,False,False,False,False,1,-0.8438736463651743,0.8415066171910707,0.8383852850157008,0.11514417055298133,False,True,True,True,True,False
2796212800110100105,M_ex_Vsx2,0,M_ex_Vsx2,M_ex_Vsx2,MV_in_Sema5b,0.99204592233715,0.9840918504743001,0.04637304381955751,0.9999996857909018,0.9999993715818037,5.018926964504924e-06,0.2710008453423926,0.06127949056937318,2.41259554981041,3,excitatory,20,0613_F5_S,False,5,5.0,neuron,neuronal_or_other,True,False,False,False,False,1,-2.0293062980530516,0.8912810651054912,0.8912842105027763,0.003986125323292064,False,True,True,True,True,False
2707604800404100223,DH_ex_Prkcg/Rxfp1,1,DH_ex_Prkcg/Rxfp1,DH_ex_Prkcg/Rxfp1,DH_ex_Prkcg/Cck,0.9513714234836352,0.9147949739038012,0.22305832593323285,0.9999260299239943,0.9998579841943172,0.0007981966515207915,0.41127831614603927,0.2154151661318803,1.7810158242786107,1,excitatory,6,0415_M1_C,False,33,96.0,neuron,neuronal_or_other,True,False,False,False,False,1,-1.4372494009368033,0.6059351522467162,0.6150749432791542,0.024392628603012497,False,True,True,True,True,False
2656144900185100150,microglia,4,microglia,microglia,astrocyte_1,0.40033527051343193,0.03419810348815616,1.408508706855005,0.5382261932953877,0.08366099952979794,0.7326489871542132,0.6607348078668822,0.545994634859828,1.2298535345965134,__MISSING__,__MISSING__,__MISSING__,0328_M2_C,True,16,27.0,glial_non_neuronal,microglia,True,False,False,False,False,1,2.9609053615598597,0.17451701439237474,0.26418824512978,0.11134304147296234,False,True,True,True,True,False
2945606900000003322,MV_ex_Shox2,0,MV_ex_Shox2,MV_ex_Shox2,M_ex_Vsx2/Shox2,0.9999997479173433,0.9999995491925815,4.303378625531641e-06,1.0,1.0,-0.0,0.5876787261897551,0.2567563151750623,1.0180363742851284,4,excitatory,18,0328_F1_C,False,23,59.0,neuron,neuronal_or_other,True,False,False,False,False,1,-1.4646319475380971,0.4615608377427124,0.4615635705896212,1.2604133979428156e-07,False,True,True,True,True,False
2795903600380200032,oligodendrocyte_2,1,oligodendrocyte_2,oligodendrocyte_2,oligodendrocyte_progenitor_2,0.5718648082175265,0.2810530532918891,1.167451500780318,0.8418753995069825,0.6851719624243108,0.44736927703012264,0.6811296008560335,0.4102505111989835,0.8495346806529873,__MISSING__,__MISSING__,__MISSING__,0613_M5_T,True,8,9.0,glial_non_neuronal,oligodendrocyte_opc,True,False,False,False,False,1,0.9131700420871545,0.13644141159145762,0.25935791745710496,0.09785977866619384,False,True,True,True,True,False
2656143800418100283,DM_ex_Zfhx3,2,DM_ex_Zfhx3,DM_ex_Zfhx3,astrocyte_1,0.9999999940999997,0.9999999939999997,1.4175252073536737e-07,1.0,1.0,-0.0,0.5414059768304991,0.3194984980718497,1.6612167468025605,2,excitatory,11,0328_M3_L,False,18,23.0,neuron,neuronal_or_other,True,False,False,False,False,1,-1.274247491345735,0.5823636200681169,0.5823636881902469,2.950000006277528e-09,False,True,True,True,True,False
2787445900398100118,pericyte,0,astrocyte_1,astrocyte_1,astrocyte_1,0.46927791818266223,0.15581540429307356,1.3645834280927835,0.49111676451106717,0.049752442358269366,0.9655861890668033,0.33946108574223716,0.10506702667893886,1.8467883473471285,__MISSING__,__MISSING__,__MISSING__,0503_F4_C,True,14,27.0,glial_non_neuronal,vascular,True,True,True,True,False,3,1.472515216395455,0.09119261349360668,0.16318340788658536,0.04282654322837162,True,False,False,False,False,False
2945606900000016911,MV_in_Sema5b,3,MV_in_Sema5b,MV_in_Sema5b,oligodendrocyte_progenitor_2,0.9999999940999997,0.9999999939999997,1.4175252073536734e-07,1.0,1.0,-0.0,0.5935722221485135,0.37231924802818744,1.290523541746738,4,inhibitory,15,0328_F1_T,False,10,19.0,neuron,neuronal_or_other,True,False,False,False,False,1,-1.1139678938511473,0.9907702493425343,0.9907703136752581,2.950000006277528e-09,False,True,True,True,True,False
2946331700000003596,microglia,0,oligodendrocyte_progenitor_2,oligodendrocyte_2,oligodendrocyte_2,0.3989214489605736,0.03350231048343277,1.205756815652253,0.4877684241332971,0.14446628494766645,1.0524539868918905,0.3993508684950762,0.04769295368585652,1.5086416205569062,__MISSING__,__MISSING__,__MISSING__,0415_F2_C,True,10,14.0,glial_non_neuronal,microglia,False,False,True,False,False,2,1.3294156310153868,0.132638518773667,0.14650072550786533,0.01625482620719263,True,False,False,False,False,False
2656144900535100149,astrocyte_2,0,oligodendrocyte_1,oligodendrocyte_1,oligodendrocyte_1,0.5519671168589863,0.22652282334275475,1.077340044047823,0.7314244116261129,0.5016100433336731,0.7169407202232544,0.4055638726477462,0.2449673163691071,2.382290916698241,__MISSING__,__MISSING__,__MISSING__,0328_M1_L,True,5,6.0,glial_non_neuronal,astrocyte,True,True,True,True,False,3,0.8735945391360406,0.21901688662248692,0.22870090991431377,0.034165839294052903,True,False,False,False,False,False
2796212800305100059,astrocyte_1,4,astrocyte_1,astrocyte_1,astrocyte_2,0.8380929929640749,0.742575138671725,0.6439003027050558,0.9965588584317292,0.995219061696742,0.02840659440522563,0.7508272076681506,0.5263163671223984,0.71481994673148,__MISSING__,__MISSING__,__MISSING__,0613_F5_L,True,8,9.0,glial_non_neuronal,astrocyte,True,False,False,False,False,1,-0.17630687585898555,0.3716927432121291,0.570218470506244,0.07765249835015704,False,True,True,True,True,False
2795103300345100017,oligodendrocyte_progenitor_2,3,oligodendrocyte_progenitor_2,oligodendrocyte_1,oligodendrocyte_1,0.5307140159334336,0.09209098123034809,0.8606833105970819,0.5294218466075027,0.05929066545568468,0.6957381564437468,0.5548805309607033,0.1403558252151188,0.8604193590122617,__MISSING__,__MISSING__,__MISSING__,0610_M5_S,True,4,18.0,glial_non_neuronal,oligodendrocyte_opc,False,False,True,False,False,2,1.674753752573811,0.01701439699902189,0.015592752400265171,0.018895616641868358,False,False,True,True,False,False
2795584800448100083,endothelial,0,astrocyte_1,astrocyte_1,MV_in_Gabra1,0.8513492865684487,0.7616128083692967,0.5943536514708476,0.9360875847905804,0.8766089011795996,0.2569347297107974,0.5479559579848569,0.4268982732376165,1.8943958645521386,__MISSING__,__MISSING__,__MISSING__,0610_F4_T,True,10,15.0,glial_non_neuronal,vascular,True,False,False,False,False,1,-0.27664939262981547,0.6435592858988262,0.6716938153740347,0.02643946389044343,True,False,False,False,False,False
2795103300178100211,DH_ex_Sox5,0,DH_ex_Sox5,DH_ex_Sox5,astrocyte_1,0.9865264357955124,0.973052877391025,0.07141348725480716,0.9999908984922825,0.999981796984565,0.00011474330780318398,0.17729674027556866,0.08090185283023382,3.033476968539791,1,excitatory,5,0610_M4_C,False,5,5.0,neuron,neuronal_or_other,True,False,False,False,False,1,-1.9499655143448802,0.9198411802032902,0.9196331001716146,0.006719753678797823,False,True,True,True,True,False
2795903600481100179,DH_in_Pdyn/Gal,0,DH_in_Pdyn/Gal,DH_in_Pdyn/Gal,DH_in_Pdyn,0.9999999940999997,0.9999999939999997,1.4175252073536737e-07,1.0,1.0,-0.0,0.6876024696378201,0.41640254722006975,0.8196830320445884,1,inhibitory,5,0613_M4_T,False,20,31.0,neuron,neuronal_or_other,True,False,False,False,False,1,-0.9802012688685613,0.5246843974687831,0.5246844516502834,2.950000006277528e-09,False,True,True,True,True,False
2787889600023100227,DH_in_Cdh3,1,DH_in_Cdh3,DH_in_Cdh3,MV_in_Gm26673,0.9074845764151309,0.8149691586302623,0.30831941174338323,0.9995474505067078,0.9990949010134156,0.0039373557801022745,0.4101093846527957,0.17196089018306102,1.7734043648866442,1,inhibitory,10,0503_M5_C,False,19,32.0,neuron,neuronal_or_other,True,False,False,False,False,1,-1.3888690280240763,0.7122759376430559,0.7296802980836485,0.04602357196609873,False,True,True,True,True,False
2656143800443100175,oligodendrocyte_progenitor_2,4,oligodendrocyte_1,oligodendrocyte_1,oligodendrocyte_1,0.5673902055013023,0.3030613096211691,1.2007807185702506,0.5094285459867912,0.19689182459310256,1.1020238915501244,0.24152108186769472,0.008249147642991866,2.167343207315139,__MISSING__,__MISSING__,__MISSING__,0328_M3_L,True,7,7.0,glial_non_neuronal,oligodendrocyte_opc,True,True,True,True,False,3,0.6230667918802952,0.17940185125679184,0.27585324245583465,0.07428413669276522,True,False,False,False,False,False
2656144900541100087,MV_ex_Syt2,2,MV_ex_Syt2,MV_ex_Syt2,astrocyte_1,0.9999999940999997,0.9999999939999997,1.4175252073536734e-07,1.0,1.0,-0.0,0.9130592646440471,0.8967880231511226,0.5340525049298556,4,excitatory,14,0328_M1_S,False,19,25.0,neuron,neuronal_or_other,True,False,False,False,False,1,0.4774832734395434,0.9398296905422916,0.9398297546217721,2.950000006277528e-09,False,True,True,True,True,False
2656143800052100248,DH_ex_Maf/Cck,0,DH_ex_Maf/Cck,DH_ex_Maf/Cck,MV_ex_Syt2,0.4892882310359452,0.19368119180733112,1.1425982512678279,0.5378767642311156,0.14025697214753718,0.8945974849796362,0.6584380398172505,0.5300973303925126,1.1649296188000982,1,excitatory,10,0328_M3_C,False,29,51.0,neuron,neuronal_or_other,True,False,False,False,False,1,2.5148037652922692,0.503874424413192,0.5237732186822103,0.038816455980899126,False,True,True,True,True,False
2795584800434100172,DH_ex_Grpr,3,DH_ex_Grpr,DH_ex_Grpr,DH_ex_Reln/Nmur2,0.677703017183842,0.3554060401676845,0.6285888830510086,0.7114511762399836,0.42290235247996716,0.6008472035551773,0.5912678692791392,0.49293564936451684,1.6063400417855538,1,excitatory,2,0610_F4_C,False,11,14.0,neuron,neuronal_or_other,True,False,False,False,False,1,1.5515027342136651,0.9178925909942991,0.9191032576556829,0.0009685689244517643,False,True,True,True,True,False
2795103300405100111,oligodendrocyte_progenitor_2,2,astrocyte_2,astrocyte_2,astrocyte_2,0.565452800048176,0.3367908353599065,1.297866879526364,0.8883581796104455,0.7912102224974684,0.40662825569855476,0.627840860386983,0.4845596540976891,1.2158953170772282,__MISSING__,__MISSING__,__MISSING__,0610_M5_L,True,10,13.0,glial_non_neuronal,oligodendrocyte_opc,True,True,True,True,False,3,0.8283997591696693,0.027155760641760833,0.10402413215002337,0.11968902461622907,True,False,False,False,False,False
2795584800709100282,MV_in_Sema5b,0,MV_in_Sema5b,MV_in_Sema5b,MV_in_Gm26673,0.9999999940999997,0.9999999939999997,1.4175252073536734e-07,1.0,1.0,-0.0,0.6782880140891223,0.5373720482866697,1.0904679687817715,4,inhibitory,15,0610_F5_L,False,11,19.0,neuron,neuronal_or_other,True,False,False,False,False,1,-0.613130696108749,0.7401145930448986,0.7401146489759347,2.950000006277528e-09,False,True,True,True,True,False
2795903600516100151,endothelial,0,astrocyte_1,astrocyte_1,astrocyte_1,0.6470144297372196,0.3846939942832471,0.9984246026101133,0.745510707435066,0.5317163533453436,0.7089536135739073,0.29356310997234125,0.013848196679251634,2.290398828927121,__MISSING__,__MISSING__,__MISSING__,0613_M5_C,True,13,17.0,glial_non_neuronal,vascular,True,True,True,True,False,3,-0.170652133285917,0.18681856219486415,0.23712823664705107,0.02008581091455687,True,False,False,False,False,False
2707737900101100147,DH_ex_Nmu/Tac2,2,DH_ex_Nmu/Tac2,DH_ex_Nmu/Tac2,endothelial,0.8849558578146969,0.7939068078982515,0.42984322128917773,0.97824112713245,0.9569980575253312,0.10755607798442021,0.9830233762187727,0.9782273306770054,0.1306766490687823,1,excitatory,8,0415_F1_L,False,15,24.0,neuron,neuronal_or_other,True,False,False,False,False,1,1.1789332436028508,0.9843053205658383,0.9845787503091079,0.04901426893377501,False,True,True,True,True,False
2796212801076100088,meninges_2,4,meninges_1,meninges_1,meninges_1,0.8378695125653403,0.7191859972702148,0.5910663800807097,0.9874871328331654,0.9750081179750815,0.06754343269191199,0.8216372971708382,0.6455342610933028,0.48403192241265636,__MISSING__,__MISSING__,__MISSING__,0613_F3_C,True,5,30.0,glial_non_neuronal,meningeal,True,True,True,True,False,3,0.26743802076486756,0.024048952234536472,0.0676685429822194,0.06188704113564348,True,False,False,False,False,False
2656144900479100069,oligodendrocyte_2,0,oligodendrocyte_2,oligodendrocyte_2,oligodendrocyte_progenitor_2,0.5012691436316002,0.03846322075946634,0.8743802044251585,0.6079442234852841,0.2175402581567349,0.682158099449064,0.49836420901565814,0.03981034228249103,0.9191134380968751,__MISSING__,__MISSING__,__MISSING__,0328_M2_L,True,8,10.0,glial_non_neuronal,oligodendrocyte_opc,True,False,False,False,False,1,1.151578130451405,0.011493764260056858,0.03060369292533141,0.02085571124186678,False,True,True,True,True,False
2707737900049100026,oligodendrocyte_1,4,oligodendrocyte_progenitor_2,oligodendrocyte_progenitor_2,oligodendrocyte_progenitor_2,0.8776786290381807,0.7750661891607704,0.4632073696967239,0.9545636838367623,0.9146984720686923,0.20704429466766125,0.615553498086564,0.2732120771614055,0.8367138379938297,__MISSING__,__MISSING__,__MISSING__,0415_F1_L,True,12,28.0,glial_non_neuronal,oligodendrocyte_opc,True,True,True,True,False,3,-0.8426819261275196,0.0770382010243084,0.13765965171723282,0.016804986933151408,True,False,False,False,False,False
2796212800355100039,oligodendrocyte_1,4,astrocyte_1,oligodendrocyte_1,DH_ex_Grpr,0.5443175431090683,0.3083239856987029,1.3832534172483433,0.44621393768213563,0.10378739781680357,1.277099345394482,0.18364395235304734,0.004375190969103826,2.7935184576000167,__MISSING__,__MISSING__,__MISSING__,0613_F3_S,True,8,12.0,glial_non_neuronal,oligodendrocyte_opc,False,False,False,False,True,1,0.7866825267038242,0.7320176492116081,0.7523351022504872,0.08520181703181272,False,False,True,False,True,False
2656144900584100215,oligodendrocyte_1,4,oligodendrocyte_1,oligodendrocyte_progenitor_2,oligodendrocyte_2,0.3598090884743743,0.010338791619041221,1.400744281599102,0.5520906561493423,0.22683742828820974,1.0522118666902505,0.3416730359427044,0.11041173397479673,1.643390463059726,__MISSING__,__MISSING__,__MISSING__,0328_M2_L,True,10,12.0,glial_non_neuronal,oligodendrocyte_opc,False,False,False,False,True,1,1.3977111946620921,0.09437729053402157,0.21750178941814097,0.05026689608146094,False,False,True,True,False,False
2726562700233100049,DM_ex_Zfhx3,1,DM_ex_Zfhx3,DM_ex_Zfhx3,astrocyte_1,0.9999999940999997,0.9999999939999997,1.4175252073536737e-07,1.0,1.0,-0.0,0.2964604323316103,0.08824602229373238,2.520711185107146,2,excitatory,11,0422_F2_L,False,3,3.0,neuron,neuronal_or_other,True,False,False,False,False,1,-1.9759613778009995,0.9124093829850854,0.9124094586232074,2.950000006277528e-09,False,True,True,True,True,False
2787445900231100134,astrocyte_1,3,astrocyte_1,astrocyte_1,astrocyte_2,0.8457621896143016,0.777085699328101,0.6659988176811227,0.9227504365077386,0.8803200697559225,0.35528128966693806,0.8729956907644437,0.7650064546452923,0.47591445245466124,__MISSING__,__MISSING__,__MISSING__,0503_F5_L,True,5,11.0,glial_non_neuronal,astrocyte,True,False,False,False,False,1,0.7142402032327169,0.5517388878181267,0.6100261831849477,0.02011203638906589,False,True,True,True,True,False
2787445900050100097,DH_ex_Maf/Cck,4,DH_ex_Maf/Cck,DH_ex_Maf/Cck,microglia,0.5997292902536222,0.2967510257702601,0.9162347263962279,0.9298402028239997,0.8815355699276914,0.3075454017656408,0.6162718868768473,0.4901553429382999,1.4482771678273514,1,excitatory,10,0503_F5_T,False,48,130.0,neuron,neuronal_or_other,True,False,False,False,False,1,0.7377877957474628,0.5706605537672746,0.6686318701956394,0.14127824783749626,False,True,True,True,True,False
2707604800058100104,alpha_motoneuron,0,alpha_motoneuron,alpha_motoneuron,endothelial,0.6666659044870032,0.4397366285205164,0.8452737538757753,0.7601627942460154,0.5572323113243564,0.6538746548410456,0.4135135438687492,0.1937191177330389,1.972425587156245,__MISSING__,__MISSING__,22,0415_M1_L,False,9,13.0,glial_non_neuronal,neuronal_or_other,True,False,False,False,False,1,0.22595948211808103,0.5835304747157324,0.551391955087177,0.0681444682250408,False,True,True,True,True,False
2795584800400100402,oligodendrocyte_progenitor_2,1,oligodendrocyte_1,oligodendrocyte_1,DH_ex_Sox5,0.527693810076438,0.21186438339566516,1.1527758535518557,0.4895757771002555,0.14976219544597408,1.0782232613124185,0.3497630039688659,0.2513868789722022,2.397176887865306,__MISSING__,__MISSING__,__MISSING__,0610_F4_C,True,6,10.0,glial_non_neuronal,oligodendrocyte_opc,True,False,False,False,False,1,1.6176628390747438,0.7672727635437355,0.7805964368305971,0.07859657768315641,True,False,False,False,False,False
2707604700250100162,DH_in_Npy2r,0,DH_in_Npy2r,DH_in_Npy2r,DH_in_Cdh3,0.988108349584562,0.976216704969124,0.06452360513106792,0.9998062599286848,0.9996125198573694,0.0018500038423125858,0.6852722955590691,0.42026626949394097,0.8485122930810124,1,inhibitory,9,0415_M2_T,False,27,38.0,neuron,neuronal_or_other,True,False,False,False,False,1,-0.9251275506752419,0.5217953764860819,0.5309446750580081,0.005351259465507497,False,True,True,True,True,False
2707604000054100060,astrocyte_1,3,endothelial,oligodendrocyte_progenitor_2,oligodendrocyte_1,0.4951630159222647,0.221778532005321,1.355715688851779,0.7121534307083954,0.5168491018012633,0.8701867491209231,0.15914934694725258,0.04879343875383671,3.069891792946654,__MISSING__,__MISSING__,__MISSING__,0415_M3_L,True,6,9.0,glial_non_neuronal,astrocyte,False,False,False,False,True,1,0.2565709619920824,0.5239924296502263,0.6426378441836695,0.15082376297352504,True,False,False,False,False,False
2795103300345100187,MV_in_Gabra1,0,MV_in_Gabra1,MV_in_Gabra1,MV_in_Gm26673,0.9999999940999997,0.9999999939999997,1.4175252073536734e-07,1.0,1.0,-0.0,0.4705749272388899,0.19266564036386774,1.2156534198981879,4,inhibitory,16,0610_M5_S,False,12,29.0,neuron,neuronal_or_other,True,False,False,False,False,1,-1.6591098683344676,0.5172542402604677,0.5172542921046035,2.950000006277528e-09,False,True,True,True,True,False
2707737900021100149,oligodendrocyte_1,1,endothelial,endothelial,endothelial,0.7136190695282428,0.5912993300993948,0.9876660617273236,0.7990440985305057,0.7073104995166322,0.703660993507293,0.32681225370931166,0.14067743397545043,2.2664169040403594,__MISSING__,__MISSING__,__MISSING__,0415_F1_S,True,6,8.0,glial_non_neuronal,oligodendrocyte_opc,True,True,True,True,False,3,-0.5042157160258431,0.20236276109101847,0.2403960472234022,0.0171799268078338,True,False,False,False,False,False
2945606900000001552,DH_ex_Prkcg/Nts,4,DH_ex_Prkcg/Nts,DH_ex_Prkcg/Nts,DM_ex_Zfhx3,0.8665442185921148,0.7679564494445192,0.47373518630966716,0.9631997856596733,0.9297168885837166,0.16894465691875993,0.38923555163125434,0.23318591084582932,2.1565963897266345,1,excitatory,8,0328_F1_C,False,21,29.0,neuron,neuronal_or_other,True,False,False,False,False,1,-0.9812170377598325,0.8758409951809404,0.8812144638567783,0.02491750346743251,False,True,True,True,True,False
2656144900190100266,oligodendrocyte_progenitor_2,0,endothelial,astrocyte_1,endothelial,0.3764861995888676,0.04289151302913541,1.361268805091657,0.4405079272888088,0.1326425642002801,1.1454577523395573,0.6482987497143365,0.44836315105169383,1.1963733014489037,__MISSING__,__MISSING__,__MISSING__,0328_M1_C,True,8,9.0,glial_non_neuronal,oligodendrocyte_opc,False,True,False,False,False,2,2.551869276018289,0.08850547903696314,0.20379196805009403,0.05680684137358518,True,False,False,False,False,False
2795903600033100179,MV_in_Gabra1,4,MV_in_Gabra1,MV_in_Gabra1,MV_in_Gm26673,0.9999999940999997,0.9999999939999997,1.4175252073536734e-07,1.0,1.0,-0.0,0.6247257582510967,0.48255775508732257,1.3052148203026002,4,inhibitory,16,0613_M5_S,False,11,12.0,neuron,neuronal_or_other,True,False,False,False,False,1,-0.7794595130642819,0.6904264463187231,0.690426507329858,2.950000006277528e-09,False,True,True,True,True,False
2787889600480100065,MV_in_Gm26673,3,MV_in_Gm26673,MV_in_Gm26673,MV_in_Gabra1,0.975667927711761,0.9513358612235221,0.11445074076768634,0.9998741934490616,0.9997483868981232,0.001255637724116983,0.4721606014261647,0.3659732375095831,2.075076920860328,4,inhibitory,19,0503_M4_L,False,7,12.0,neuron,neuronal_or_other,True,False,False,False,False,1,-1.045598755205357,0.9447598409244045,0.945603765570859,0.0117671506992949,False,True,True,True,True,False
2787889600362100215,oligodendrocyte_1,3,astrocyte_1,astrocyte_1,astrocyte_1,0.6694514382218196,0.4879808765651634,1.0270048680822128,0.8082244455465527,0.6749420769961817,0.6445850736044875,0.2704618267270791,0.010774093234447335,2.0461481075223915,__MISSING__,__MISSING__,__MISSING__,0503_M5_S,True,6,8.0,glial_non_neuronal,oligodendrocyte_opc,True,True,True,True,False,3,-0.6491737979929892,0.1621081889745876,0.27901036867594053,0.05131166648818941,True,False,False,False,False,False
2787445900225100171,DH_ex_Sox5/Tac1,4,DH_ex_Sox5/Tac1,DH_ex_Sox5/Tac1,MV_ex_Syt2,0.993907897820767,0.9878439885873344,0.03733095687715963,0.999996009260189,0.9999920185203779,5.3601749206240155e-05,0.39766595629605295,0.15008035778355439,1.5696826924547567,1,excitatory,5,0503_F5_S,False,44,97.0,neuron,neuronal_or_other,True,False,False,False,False,1,-1.7665514868006982,0.5603686674644295,0.560344437734036,0.0030307816380998887,False,True,True,True,True,False
2795903600462100093,endothelial,4,endothelial,endothelial,DH_in_Cdh3,0.8532801954971407,0.7920140328217049,0.6797370235467487,0.9872932863344773,0.9820525351002499,0.08599760106587884,0.22217439444974815,0.06754391603129337,2.7290884166395086,__MISSING__,__MISSING__,__MISSING__,0613_M5_C,True,7,8.0,glial_non_neuronal,vascular,True,False,False,False,False,1,-1.6307891152574525,0.6007494918900298,0.6488889629328453,0.054058225554244284,False,True,True,True,True,False
2795903600694200027,oligodendrocyte_1,2,oligodendrocyte_progenitor_2,oligodendrocyte_1,oligodendrocyte_progenitor_2,0.542928707119577,0.2068075198214674,1.0536413974889725,0.4718373324717804,0.027398662151780884,0.9257366948481656,0.5064741639060812,0.09053377621823899,0.9847077890623092,__MISSING__,__MISSING__,__MISSING__,0613_M4_C,True,6,30.0,glial_non_neuronal,oligodendrocyte_opc,False,True,False,False,False,2,1.381489018643515,0.013646114255677447,0.010445563900163638,0.02238193756138068,False,False,True,False,True,False
2787445900265100216,DH_ex_Tac2,0,DH_ex_Tac2,DH_ex_Tac2,DH_ex_Reln/Nmur2,0.877306996808703,0.8135062932947507,0.4739588376524339,0.9918542629338044,0.9873184297518083,0.05323454268237753,0.2384563753209425,0.02951825877086947,2.4228030006883277,1,excitatory,8,0503_F5_L,False,9,14.0,neuron,neuronal_or_other,True,False,False,False,False,1,-1.795104895564925,0.7197219462181589,0.8031101454911787,0.04605687864145128,False,True,True,True,True,False
2795103300160100095,oligodendrocyte_1,2,oligodendrocyte_1,oligodendrocyte_1,oligodendrocyte_progenitor_2,0.5741514698580041,0.16293597663028186,0.7708921268496238,0.6365240810405532,0.27306654229739424,0.6556449602749691,0.5643732440179673,0.13995038362483414,0.761925094969772,__MISSING__,__MISSING__,__MISSING__,0610_M4_L,True,5,15.0,glial_non_neuronal,oligodendrocyte_opc,True,False,False,False,False,1,1.1223850059465637,0.01998284220670267,0.03674481213417511,0.009470232355965438,False,True,True,True,True,False
2787445900193100122,DH_ex_Reln/Nmur2,0,DH_ex_Reln/Nmur2,DH_ex_Reln/Nmur2,DH_ex_Reln,0.9597268377572074,0.9194536813144152,0.16881142329493223,0.9994275549243528,0.9988551098487055,0.004845923585175182,0.8084620082133108,0.6291396367592154,0.568334387967348,1,excitatory,3,0503_F5_L,False,13,33.0,neuron,neuronal_or_other,True,False,False,False,False,1,-0.1881916555385849,0.6392632852308108,0.6367562555995635,0.018540718819391174,False,True,True,True,True,False
2707604000086100185,DH_in_Npy,3,DH_in_Npy,DH_in_Npy,astrocyte_1,0.9655754422731492,0.9311508903462986,0.14980105524101966,0.999555256823882,0.999110513647764,0.0038771781337506696,0.3171636279544195,0.21874055224360886,2.68680304902439,1,inhibitory,4,0415_M3_L,False,10,12.0,neuron,neuronal_or_other,True,False,False,False,False,1,-1.4549581651117118,0.9264778511181722,0.9657810691395076,0.015928468944944114,False,True,True,True,True,False
2795103300063100206,DH_ex_Gpr83,4,DH_ex_Grpr,DH_ex_Grpr,DH_ex_Prkcg/Nts,0.726840619782978,0.4536812453659565,0.5863761032662914,0.9482137674727632,0.8964275349455264,0.20374148272995637,0.42696434358609203,0.2915771802132125,2.0751595461688326,1,excitatory,2,0610_M4_S,False,13,17.0,neuron,neuronal_or_other,True,False,False,False,False,1,-0.17529734349749387,0.7714598515879547,0.8078799579331615,0.07024334346860348,True,False,False,False,False,False
2787889600057100125,DH_ex_Maf/Slc17a8,4,DH_ex_Maf/Cck,DH_ex_Maf/Cck,MV_ex_Syt2,0.934235964066477,0.8933862444319174,0.30299045361634036,0.9811321045737362,0.9733385279871829,0.11394360858107416,0.6905967381133747,0.6317101903360653,1.393789188891908,1,excitatory,10,0503_M5_C,False,17,21.0,neuron,neuronal_or_other,True,False,False,False,False,1,-0.08307644986553736,0.8248995546059849,0.8440980990532689,0.012646256348180144,True,False,False,False,False,False
2707737900144100205,MV_in_Esrrb,0,MV_in_Esrrb,MV_in_Esrrb,endothelial,0.9999999940999997,0.9999999939999997,1.4175252073536734e-07,1.0,1.0,-0.0,0.43994743001234926,0.27683723436955265,2.0130175436955864,4,inhibitory,14,0415_F1_T,False,14,15.0,neuron,neuronal_or_other,True,False,False,False,False,1,-1.403699083389899,0.8446195056759471,0.8446195758884212,2.950000006277528e-09,False,True,True,True,True,False
2796212800418100152,gamma_motoneuron,4,alpha_motoneuron,alpha_motoneuron,alpha_motoneuron,0.5624021170123336,0.13167365596882108,0.7206912083114825,0.8537255669707773,0.7076526147374862,0.41772051458976656,0.6653603316021613,0.36089968868269917,0.762678230417634,__MISSING__,__MISSING__,22,0613_F3_S,False,15,22.0,glial_non_neuronal,neuronal_or_other,True,True,True,True,False,3,0.9862424521038091,0.017484155814116383,0.043307171565470835,0.07760075843476273,True,False,False,False,False,False
2787445900360100208,astrocyte_1,0,oligodendrocyte_progenitor_2,oligodendrocyte_progenitor_2,MV_in_Chrna2,0.8175927175204862,0.679639556048814,0.6561377291186208,0.8853373816036316,0.7855613298194845,0.4115315207091273,0.4717764404656073,0.2643447599916323,1.7078520208439643,__MISSING__,__MISSING__,__MISSING__,0503_F4_C,True,25,62.0,glial_non_neuronal,astrocyte,True,False,False,False,False,1,-0.4424309301905528,0.6712302548554065,0.6871638770393987,0.012960847327977297,True,False,False,False,False,False
2707604800445100185,DH_in_Pdyn,0,DH_in_Pdyn,DH_in_Pdyn,DH_ex_Gpr83,0.9999999940999997,0.9999999939999997,1.4175252073536737e-07,1.0,1.0,-0.0,0.2391063696856793,0.03831901700465562,2.1806879387339237,1,inhibitory,2,0415_M1_C,False,12,19.0,neuron,neuronal_or_other,True,False,False,False,False,1,-2.1274601792844723,0.768062668199663,0.7680627314490098,2.950000006277528e-09,False,True,True,True,True,False
2707737900110100007,astrocyte_2,1,astrocyte_2,astrocyte_2,astrocyte_1,0.6607682434137032,0.5217035507691156,1.2655085286125258,0.8533316146495231,0.7673203662248802,0.6208088047503267,0.5692415506382118,0.4601308632975462,1.6764163872026345,__MISSING__,__MISSING__,__MISSING__,0415_F1_L,True,8,9.0,glial_non_neuronal,astrocyte,True,False,False,False,False,1,0.4706297483379258,0.5224942596527155,0.7957354464084387,0.07352563757992668,False,True,True,True,True,False
2787445900698100134,oligodendrocyte_2,0,oligodendrocyte_progenitor_2,oligodendrocyte_progenitor_2,oligodendrocyte_1,0.766159604489301,0.6441366088268816,0.8113473970628395,0.9607818712603396,0.9311706119239652,0.18998292051753185,0.4516315890519044,0.08003160279259913,1.15468115681251,__MISSING__,__MISSING__,__MISSING__,0503_F3_C,True,13,34.0,glial_non_neuronal,oligodendrocyte_opc,True,False,False,False,False,1,-1.2271531529477024,0.13637171899185885,0.3389125165474089,0.0720271128254826,True,False,False,False,False,False
2787445900660100194,endothelial,2,oligodendrocyte_progenitor_2,oligodendrocyte_progenitor_2,oligodendrocyte_progenitor_2,0.9007554128218054,0.878539530263389,0.5361257906663928,0.9960032372894341,0.9937142095643022,0.02951129849706221,0.8981697341795885,0.8621240226059482,0.5350829199648983,__MISSING__,__MISSING__,__MISSING__,0503_F3_C,True,14,18.0,glial_non_neuronal,vascular,True,True,True,True,False,3,0.6022320551066196,0.036729673188490713,0.04353805622750723,0.04437529963928077,True,False,False,False,False,False
2787445900095100103,oligodendrocyte_progenitor_2,4,oligodendrocyte_2,oligodendrocyte_2,oligodendrocyte_2,0.8888757318773176,0.8301852131595389,0.5412703418105792,0.9857171191641088,0.9719466395497157,0.07795644440098136,0.7198516050533672,0.4664081396064978,0.7447464401434246,__MISSING__,__MISSING__,__MISSING__,0503_F5_C,True,16,25.0,glial_non_neuronal,oligodendrocyte_opc,True,True,True,True,False,3,-0.46875503418315323,0.06710069028435467,0.12142215777490266,0.03728746489002186,True,False,False,False,False,False
2656144900609100174,DH_ex_Prkcg/Nts,3,DH_ex_Prkcg/Cck,DH_ex_Prkcg/Cck,DH_ex_Prkcg/Cck,0.8690267911914619,0.7935093279843689,0.4781368070946024,0.9982170469160687,0.9968692354859725,0.014103348100505578,0.5099987512490702,0.2754416178494967,1.5038488344530492,1,excitatory,8,0328_M2_L,False,17,35.0,neuron,neuronal_or_other,True,True,True,True,False,3,-1.0320282776346543,0.19673929193297693,0.29695968816564744,0.06288418213045137,True,False,False,False,False,False
2656144900110100072,astrocyte_1,3,astrocyte_2,astrocyte_1,astrocyte_2,0.4057492631294218,0.08418399132565063,1.325392166495713,0.5777699233270915,0.3929397468965079,1.174328153650812,0.41604064691563264,0.132227341074716,1.4835326239910984,__MISSING__,__MISSING__,__MISSING__,0328_M1_C,True,8,8.0,glial_non_neuronal,astrocyte,False,True,False,False,False,2,1.002020811014054,0.01787417937302259,0.08422160670223498,0.06472064567458333,False,False,True,False,True,False
2787889600193100194,DH_ex_Prkcg/Rxfp1,1,DH_ex_Prkcg/Rxfp1,DH_ex_Prkcg/Rxfp1,DH_ex_Reln/Nmur2,0.7134476219512217,0.497545800460233,0.7590803748521174,0.9490079317502693,0.8988846882735329,0.20582551386492243,0.4213229668128737,0.10068469435825111,1.7737718042491897,1,excitatory,6,0503_M5_T,False,12,13.0,neuron,neuronal_or_other,True,False,False,False,False,1,-0.8379527351861481,0.8631356588780735,0.8836103854327709,0.08460207527293659,False,True,True,True,True,False
2796212800456100298,DH_in_Npy2r,1,DH_in_Npy2r,DH_in_Kcnip2,DH_in_Cdh3,0.7749808396112392,0.5499616850224788,0.5331876672362174,0.6829510016970999,0.3659020033941997,0.6246250327904905,0.25432174355877984,0.14577654565315973,2.658644535638719,1,inhibitory,9,0613_F3_L,False,16,23.0,neuron,neuronal_or_other,False,False,False,False,True,1,0.26289112305022344,0.7526368085788209,0.7396434095384334,0.158696680099011,False,False,True,True,False,False
2795103300181100070,oligodendrocyte_1,4,oligodendrocyte_1,oligodendrocyte_1,astrocyte_1,0.5375075217397909,0.24367568069254358,1.2287012705787115,0.4217881505786165,0.0024889770331434913,1.149437809469161,0.32623599859806546,0.05912344781664536,1.9508511925107326,__MISSING__,__MISSING__,__MISSING__,0610_M4_C,True,7,11.0,glial_non_neuronal,oligodendrocyte_opc,True,False,False,False,False,1,1.269610759559223,0.11060037613898753,0.14726951180443523,0.036724492049452905,False,True,True,True,True,False
2707737900120100153,oligodendrocyte_1,3,oligodendrocyte_progenitor_2,oligodendrocyte_progenitor_2,oligodendrocyte_progenitor_2,0.6495934610034191,0.47043326648528494,1.0904054690683977,0.5944907709881064,0.2933747103674584,0.980921646945674,0.4938377939596048,0.19370626924991047,1.2957624044061293,__MISSING__,__MISSING__,__MISSING__,0415_F1_T,True,9,13.0,glial_non_neuronal,oligodendrocyte_opc,True,True,True,True,False,3,0.6946651408086331,0.06190594898496793,0.10073384538746742,0.03005183684009079,True,False,False,False,False,False
2656144900351100151,endothelial,4,oligodendrocyte_progenitor_2,oligodendrocyte_progenitor_2,oligodendrocyte_progenitor_2,0.7663413033071281,0.6484165879654334,0.8961382661642228,0.9564307813930382,0.9234546049081536,0.21587138405637474,0.6842458742360116,0.5419288984782068,1.3647588713486365,__MISSING__,__MISSING__,__MISSING__,0328_M1_T,True,4,4.0,glial_non_neuronal,vascular,True,True,True,True,False,3,0.18208273176629966,0.06474217567546918,0.11427350082861455,0.06705204931214646,True,False,False,False,False,False
2656144900537100149,oligodendrocyte_1,0,oligodendrocyte_1,astrocyte_1,astrocyte_1,0.8796050364031414,0.8158859177660759,0.5451761330770833,0.9377826389966033,0.9018415519160302,0.2841567826659234,0.6079303672590811,0.450212221182668,1.4163730519460431,__MISSING__,__MISSING__,__MISSING__,0328_M1_L,True,6,6.0,glial_non_neuronal,oligodendrocyte_opc,False,False,True,False,False,2,-0.35315515730085945,0.49389864798423416,0.14403504290152327,0.7635057497568032,False,False,True,True,False,False
2787445900327100116,endothelial,1,endothelial,endothelial,oligodendrocyte_2,0.6683859862031193,0.5050911088726691,1.1580305740084589,0.8267261479868894,0.7415810503675965,0.6902038124872317,0.3158800267504789,0.14917758632131572,1.95714416714433,__MISSING__,__MISSING__,__MISSING__,0503_F4_C,True,13,20.0,glial_non_neuronal,vascular,True,False,False,False,False,1,-0.3920993442734528,0.2568645024281997,0.37131100978158876,0.03959177596162482,False,True,True,True,True,False
2795584800449100206,oligodendrocyte_progenitor_2,2,oligodendrocyte_2,oligodendrocyte_2,oligodendrocyte_2,0.6173892011792644,0.3814929871894285,1.1487424819450958,0.8676347342535861,0.7792389512620446,0.5058676640196672,0.8454415111672501,0.7987607025658294,0.6624362910733176,__MISSING__,__MISSING__,__MISSING__,0610_F4_T,True,15,27.0,glial_non_neuronal,oligodendrocyte_opc,True,True,True,True,False,3,1.7255410195891006,0.08293670129637806,0.03241820677327833,0.06902333438393919,True,False,False,False,False,False
2787889600230100269,oligodendrocyte_1,0,oligodendrocyte_progenitor_2,oligodendrocyte_progenitor_2,oligodendrocyte_progenitor_2,0.938764278597989,0.9181308181466509,0.3398516771003829,0.9927381243223118,0.9855360124833171,0.04348263675484472,0.9596747906466037,0.9451125850015037,0.2454928128038117,__MISSING__,__MISSING__,__MISSING__,0503_M5_T,True,30,78.0,glial_non_neuronal,oligodendrocyte_opc,True,True,True,True,False,3,0.7994025742440584,0.008683695173616309,0.013776235659458878,0.02548485569925637,True,False,False,False,False,False
2946331700000003291,astrocyte_1,1,ependymal,astrocyte_1,ependymal,0.48211259142908697,0.06492598605179778,1.1383212672042706,0.7208638197202932,0.4532373110102767,0.6544875929333687,0.5688150652454078,0.28118658596896323,1.3197123042887058,__MISSING__,__MISSING__,__MISSING__,0415_F2_C,True,17,21.0,glial_non_neuronal,astrocyte,False,True,False,False,False,2,1.3688241653429098,0.04990327408058129,0.16647611340551882,0.08894615008063864,False,False,True,False,True,False
2795903600193100019,oligodendrocyte_progenitor_2,3,oligodendrocyte_progenitor_2,oligodendrocyte_progenitor_2,oligodendrocyte_1,0.5148855692988347,0.05569585400929006,0.8373461097262932,0.5874767540244739,0.17673775567939148,0.6910062553399492,0.6915002478329633,0.45705874548326386,0.9563776569497774,__MISSING__,__MISSING__,__MISSING__,0613_M5_L,True,7,14.0,glial_non_neuronal,oligodendrocyte_opc,True,False,False,False,False,1,2.467811114744994,0.07551036074703871,0.11547843426607576,0.012255967078823015,False,True,True,True,True,False
2707604800424100118,MV_in_Chrna2,4,MV_in_Chrna2,MV_in_Chrna2,MV_in_Sema5b,0.6922980331975632,0.3845960721951267,0.6172497348895353,0.9917302925419278,0.9834605850838556,0.04788995730778975,0.6931595171411498,0.5971567530972098,1.1751550747919386,4,inhibitory,19,0415_M1_C,False,27,51.0,neuron,neuronal_or_other,True,False,False,False,False,1,0.7028996339061303,0.6652476402792785,0.7471867094906252,0.14967241743432771,False,True,True,True,True,False
2707604700363200032,oligodendrocyte_progenitor_1,3,oligodendrocyte_precursor_cell,oligodendrocyte_precursor_cell,oligodendrocyte_precursor_cell,0.6016933298802267,0.454698411568113,1.3148281136053068,0.8933527698171373,0.7886366634548936,0.35139478023676923,0.7352712717136777,0.5143762295110959,0.7712136487332513,__MISSING__,__MISSING__,__MISSING__,0415_M2_C,True,35,68.0,glial_non_neuronal,oligodendrocyte_opc,True,True,True,True,False,3,0.7128868236808433,0.14144707574218746,0.04058975299290319,0.14924554180956853,True,False,False,False,False,False
2787445900790100045,astrocyte_2,1,astrocyte_2,astrocyte_2,astrocyte_1,0.46219001716745356,0.209333960316343,1.4340099342941572,0.7181399460988738,0.49865243457169983,0.819615991036933,0.320034977121834,0.04852879941812349,1.7607529750839481,__MISSING__,__MISSING__,__MISSING__,0503_F3_L,True,5,6.0,glial_non_neuronal,astrocyte,True,False,False,False,False,1,0.3141647555453503,0.04495003192594215,0.24175107993265912,0.12853825612029735,False,True,True,True,True,False
2795584800494100150,DH_ex_Reln/Nmur2,0,DH_ex_Reln/Nmur2,DH_ex_Reln/Nmur2,astrocyte_1,0.6674715196213146,0.33494304504262973,0.6359549615912606,0.755334561610578,0.510669123221156,0.5563982785082767,0.41660270870385463,0.19054137822738484,2.026052106998957,1,excitatory,3,0610_F4_L,False,14,19.0,neuron,neuronal_or_other,True,False,False,False,False,1,0.49635298707299813,0.8819544325952607,0.8801456439989137,0.006800987882543438,False,True,True,True,True,False
2946331700000015824,oligodendrocyte_progenitor_2,3,oligodendrocyte_progenitor_2,endothelial,oligodendrocyte_1,0.5482840345252373,0.2966581461198779,1.2596071185824975,0.530016479707832,0.17909362882818686,1.0162176092564885,0.3695890621277587,0.08577837922595816,1.445304878760987,__MISSING__,__MISSING__,__MISSING__,0415_F2_L,True,14,26.0,glial_non_neuronal,oligodendrocyte_opc,False,False,False,False,True,1,0.9051116164264813,0.13646720666000903,0.1367155009859058,0.09828659864945527,False,False,True,True,False,False
2656144900111100164,DH_ex_Prkcg/Nts,2,DH_ex_Tac2,DH_ex_Tac2,DH_ex_Tac2,0.8532651891800377,0.7475814975787974,0.520680359047321,0.9128439721452695,0.8288832603378462,0.3097276447352406,0.20011933773221252,0.038436051511832714,2.5910163796195316,1,excitatory,8,0328_M1_C,False,7,9.0,neuron,neuronal_or_other,True,True,True,True,False,3,-1.3355549409296958,0.4997508076067146,0.541833217379082,0.015747439883621154,True,False,False,False,False,False
2656144900590100237,astrocyte_1,3,oligodendrocyte_1,oligodendrocyte_progenitor_2,oligodendrocyte_1,0.4031187810380839,0.0004268586410954289,1.295117115288203,0.668780920354277,0.3431251311607892,0.6688108859135584,0.5063405668583514,0.2082890012264474,1.4421865815137043,__MISSING__,__MISSING__,__MISSING__,0328_M1_L,True,8,16.0,glial_non_neuronal,astrocyte,False,True,False,False,False,2,1.481649498728621,0.06704464695010615,0.15174349392195657,0.11150101575603742,True,False,False,False,False,False
2707604800425200049,astrocyte_1,3,astrocyte_1,astrocyte_1,astrocyte_2,0.9264949392493026,0.8980186761712011,0.3846528033383401,0.9725021763751972,0.9450360242802437,0.12624118288104852,0.5482592938692367,0.10376652334077985,0.738811106510374,__MISSING__,__MISSING__,__MISSING__,0415_M1_C,True,13,22.0,glial_non_neuronal,astrocyte,True,False,False,False,False,1,-1.637190957616889,0.29201165874819196,0.2844573362698866,0.025092950956498803,False,True,True,True,True,False
2796212800886100219,endothelial,4,endothelial,endothelial,MV_in_Gm26673,0.8341233490910155,0.7614698078044075,0.6909239799572021,0.9079441102761676,0.8729026011087728,0.4108513784446619,0.4076501622687023,0.14922824974949778,1.5666033552497114,__MISSING__,__MISSING__,__MISSING__,0613_F4_C,True,11,30.0,glial_non_neuronal,vascular,True,False,False,False,False,1,-1.111600703708484,0.5719395508254127,0.5725456423434522,0.015501840791670383,False,True,True,True,True,False
2707737900021200044,oligodendrocyte_progenitor_2,1,oligodendrocyte_progenitor_2,oligodendrocyte_progenitor_2,oligodendrocyte_2,0.7071380512011592,0.6250346589843883,1.1255476721038271,0.8880168643272777,0.8364659717692349,0.4845951131697702,0.43982615721133256,0.0495360377475243,1.360879393364925,__MISSING__,__MISSING__,__MISSING__,0415_F1_S,True,10,16.0,glial_non_neuronal,oligodendrocyte_opc,True,False,False,False,False,1,-1.097520744856071,0.16495504932999344,0.2371517690964129,0.05727724444596571,False,True,True,True,True,False
2787889600410100233,MV_in_Gabra1,3,MV_in_Gabra1,MV_in_Gabra1,DH_in_Cdh3,0.9999999940999997,0.9999999939999997,1.4175252073536734e-07,1.0,1.0,-0.0,0.3192813291712389,0.07807423010704057,2.2262736572633126,4,inhibitory,16,0503_M4_L,False,25,50.0,neuron,neuronal_or_other,True,False,False,False,False,1,-2.0068267244465736,0.9634268827093292,0.9634269537106918,2.950000006277528e-09,False,True,True,True,True,False
2707604800102100026,M_ex_Vsx2/Shox2,4,M_ex_Vsx2/Shox2,M_ex_Vsx2/Shox2,MV_ex_Shox2,0.954095518144124,0.9083215786637643,0.1873679705242456,0.9999820250763148,0.9999640501526296,0.00021437835715637038,0.4696135637302534,0.0958480419371554,1.2045506207763372,3,excitatory,20,0415_M1_L,False,25,42.0,neuron,neuronal_or_other,True,False,False,False,False,1,-1.7886854313684948,0.38442955383877747,0.41986866707286474,0.02323524409042171,False,True,True,True,True,False
2795584800122100117,DH_in_Cdh3,1,DH_in_Cdh3,DH_in_Cdh3,DH_in_Rorb,0.9743822111653268,0.9487644281306538,0.11916250779781143,0.9751694160515811,0.9503388321031623,0.11628559293364023,0.7586175841668098,0.6881263177648886,1.1304040307214018,1,inhibitory,10,0610_F3_T,False,15,19.0,neuron,neuronal_or_other,True,False,False,False,False,1,0.03461595222859229,0.922899925353683,0.9229803174023508,4.548060190034766e-06,False,True,True,True,True,False
2787445900726100268,DH_in_Cdh3,3,DH_in_Cdh3,DH_in_Cdh3,astrocyte_1,0.9850923253609541,0.9701846565219086,0.07749599140786945,0.9994324052737481,0.9988648105474962,0.0048096950056730646,0.7145989245570743,0.5280240986124474,1.0707742825634061,1,inhibitory,10,0503_F3_T,False,21,34.0,neuron,neuronal_or_other,True,False,False,False,False,1,-0.5858629933061168,0.6215028693395447,0.6263738830933898,0.00601975927053501,False,True,True,True,True,False
2656143800152100075,DH_ex_Reln/Npff,1,DH_ex_Reln/Npff,DH_ex_Reln/Npff,DH_ex_Cpne4,0.9999999940999997,0.9999999939999997,1.4175252073536737e-07,1.0,1.0,-0.0,0.23028936353700974,0.10304498569653178,2.585636152927862,1,excitatory,1,0328_M3_C,False,12,22.0,neuron,neuronal_or_other,True,False,False,False,False,1,-1.93105531532558,0.9267681531982316,0.9267682227079178,2.950000006277527e-09,False,True,True,True,True,False
2726544600053100083,DH_ex_Reln,4,DH_ex_Reln,DH_ex_Reln,astrocyte_2,0.9776796860975354,0.9620585708253743,0.12057435601253272,0.9982562813816738,0.9966620599255319,0.013327973221718107,0.38412593392417466,0.09000865431322519,1.7064883320627944,1,excitatory,6,0422_F1_C,False,8,9.0,neuron,neuronal_or_other,True,False,False,False,False,1,-1.8960590728872864,0.7490115015787094,0.7594411077320504,0.007758897686377091,False,True,True,True,True,False
2795103300098100192,astrocyte_1,1,oligodendrocyte_progenitor_2,oligodendrocyte_progenitor_2,oligodendrocyte_progenitor_2,0.8566598464605126,0.8111555089594469,0.658282561807999,0.9972268557864066,0.9949828549494992,0.02098813333217144,0.7011966661977341,0.5932740699930164,1.2399026807935014,__MISSING__,__MISSING__,__MISSING__,0610_M4_S,True,9,11.0,glial_non_neuronal,astrocyte,True,True,True,True,False,3,-0.09544446475310198,0.1468200711544099,0.1608864610118885,0.06933477476501483,True,False,False,False,False,False
2656144300125200083,oligodendrocyte_1,2,endothelial,endothelial,endothelial,0.7943375469141881,0.7330185920351174,0.8634362876284057,0.8437053849867652,0.7655914004434315,0.6079635549931812,0.41861057470523366,0.2382334524152918,1.875633889249408,__MISSING__,__MISSING__,__MISSING__,0328_F2_T,True,8,11.0,glial_non_neuronal,oligodendrocyte_opc,True,True,True,True,False,3,-0.5775945389607859,0.1406908983660264,0.19386201894580954,0.022628216225474153,True,False,False,False,False,False
2787445900361100230,MV_ex_Syt2,3,MV_ex_Syt2,MV_ex_Syt2,MV_in_Gabra1,0.9999999940999997,0.9999999939999997,1.4175252073536734e-07,1.0,1.0,-0.0,0.6527330150303983,0.5076780577157852,1.2045584468335977,4,excitatory,14,0503_F4_C,False,42,98.0,neuron,neuronal_or_other,True,False,False,False,False,1,-0.7032343175197207,0.8316087679951634,0.8316088246810287,2.950000006277528e-09,False,True,True,True,True,False
2796212800387100292,MV_in_Gm26673,0,MV_in_Gm26673,MV_in_Gm26673,MV_in_Esrrb,0.9870228562678942,0.9740457183357886,0.06927274094084745,0.9999653960112729,0.9999307920225458,0.0003900396997877197,0.33427110704721236,0.15967008625295245,2.16280000034684,4,inhibitory,19,0613_F3_S,False,6,12.0,neuron,neuronal_or_other,True,False,False,False,False,1,-1.7126270231120164,0.6449675860388921,0.6437862212351343,0.006363339043238413,False,True,True,True,True,False
2707604700412100113,DH_ex_Reln/Nmur2,0,DH_ex_Reln/Nmur2,DH_ex_Reln/Nmur2,DH_ex_Reln,0.9744719015652292,0.9489438089304587,0.11883600644489542,0.9999912445674153,0.9999824891348306,0.0001107197278521951,0.49820200417034505,0.004801109862892894,0.755952407286064,1,excitatory,3,0415_M2_C,False,15,33.0,neuron,neuronal_or_other,True,False,False,False,False,1,-2.137723624894705,0.32326566819614416,0.3165062869621641,0.01283068857317014,False,True,True,True,True,False
2787445900359100123,MV_in_Gm26673,3,MV_in_Gm26673,MV_in_Gm26673,MV_in_Gabra1,0.9989817815721228,0.9979635689442458,0.008033019592741273,0.9999997738871226,0.9999995477742452,3.686144448677951e-06,0.6555731569774411,0.4686742321998403,0.9961648923687386,4,inhibitory,19,0503_F4_C,False,49,236.0,neuron,neuronal_or_other,True,False,False,False,False,1,-0.8179409344781823,0.6268521267688042,0.6271829000311862,0.000507873993148658,False,True,True,True,True,False
2796212800882100349,DH_ex_Grpr,1,DH_ex_Grpr,DH_ex_Grpr,DH_ex_Reln,0.8005311115901984,0.6010622289803973,0.49966539445077673,0.8989428549922341,0.7978857099844683,0.32739956908592804,0.46151442513040086,0.20177201547306584,1.6421025596883942,1,excitatory,2,0613_F3_C,False,13,15.0,neuron,neuronal_or_other,True,False,False,False,False,1,-0.5160820025475478,0.5230753705849872,0.5139959103902964,0.013896947721893406,False,True,True,True,True,False
2946331700000021284,DH_ex_Rreb1,2,DH_ex_Maf/Cck,DH_ex_Maf/Cck,DH_ex_Maf/Cck,0.8868298012016012,0.8410373741244187,0.47599436619163804,0.9681783467074525,0.9523972973691585,0.17253240886818594,0.5029148378500785,0.25410798286284775,1.5117452517015653,1,excitatory,10,0415_F2_L,False,12,16.0,neuron,neuronal_or_other,True,True,True,True,False,3,-1.0935877352587502,0.15035891417957611,0.24499173602881827,0.02191062108377263,True,False,False,False,False,False
2795903600268100244,endothelial,4,astrocyte_1,astrocyte_1,astrocyte_1,0.8611325737758839,0.7965969417743334,0.6061580291563523,0.9481328639310141,0.8974251972708142,0.21093167318593314,0.33615680146530985,0.15238194845881614,2.2455233692917393,__MISSING__,__MISSING__,__MISSING__,0613_M4_L,True,10,14.0,glial_non_neuronal,vascular,True,True,True,True,False,3,-1.2135934299721123,0.4042738499186381,0.41555567843893376,0.04545802401763313,True,False,False,False,False,False
2795903600348100238,DH_ex_Prkcg/Rxfp1,2,DH_ex_Prkcg/Rxfp1,DH_ex_Prkcg/Rxfp1,DH_ex_Prkcg/Cck,0.8166853685533096,0.6602618305087051,0.5528122045166386,0.9999920061786026,0.9999846194439929,0.00010396435227763817,0.310561179123158,0.07846980128005943,1.94379073025838,1,excitatory,6,0613_M4_L,False,4,18.0,neuron,neuronal_or_other,True,False,False,False,False,1,-1.3973436924369407,0.5874311747765398,0.6415407941319013,0.09828018651699975,False,True,True,True,True,False
2787445900324100241,DH_in_Npy,0,DH_in_Npy,DH_in_Npy,M_in_Tfap2b,0.974759627783668,0.9495257957174426,0.117855832297095,0.9999889366004164,0.9999778732008329,0.00013731739663653124,0.9110922210233275,0.8787434472815636,0.4807738455985321,1,inhibitory,4,0503_F4_C,False,65,411.0,neuron,neuronal_or_other,True,False,False,False,False,1,0.5131393944427045,0.9519025747995878,0.9680408740387302,0.012672286108313856,False,True,True,True,True,False
2795584800130100185,gamma_motoneuron,4,beta_motoneuron,beta_motoneuron,beta_motoneuron,0.4864963827782592,0.11636553409439859,0.9968798636023565,0.6223146524272256,0.2800580052551326,0.7804754893633414,0.34628158667833414,0.08248003314421826,1.7118201848960108,__MISSING__,__MISSING__,22,0610_F3_L,False,10,21.0,glial_non_neuronal,neuronal_or_other,True,True,True,True,False,3,1.017497691273308,0.16902111367565265,0.19111914477896058,0.03160168974588823,True,False,False,False,False,False
2707737900135100028,astrocyte_2,4,astrocyte_2,astrocyte_2,endothelial,0.5812891227739169,0.2788297736630061,1.1144927091428536,0.9534436067693466,0.9225654566254282,0.24482271527691818,0.3374134853623243,0.09021885796969673,1.9050225016557643,__MISSING__,__MISSING__,__MISSING__,0415_F1_T,True,10,13.0,glial_non_neuronal,astrocyte,True,False,False,False,False,1,-0.5251322387236045,0.4441219524454538,0.7694534049740064,0.18921540741686774,False,True,True,True,True,False
2795584800589100202,pericyte,0,astrocyte_1,astrocyte_1,astrocyte_1,0.6443431617048456,0.39814427064706326,1.01508338856671,0.8560361816260951,0.7899447732116867,0.5569144534521197,0.5284912660216882,0.4097574495591149,1.8062169401209116,__MISSING__,__MISSING__,__MISSING__,0610_F5_C,True,6,7.0,glial_non_neuronal,vascular,True,True,True,True,False,3,0.49408668248547916,0.11251236387209856,0.15429144166274153,0.06753528016514347,True,False,False,False,False,False
2946331700000015765,MV_in_Gm26673,1,MV_in_Gm26673,MV_in_Gm26673,astrocyte_1,0.9771783559228908,0.9543567176457818,0.10882620577651925,0.9999603038592738,0.9999206077185476,0.0004419862284138257,0.24226739058844654,0.08617597910149077,2.5780543452886233,4,inhibitory,19,0415_F2_L,False,12,13.0,neuron,neuronal_or_other,True,False,False,False,False,1,-1.9003674487885398,0.7947699412371649,0.7950016942641847,0.011314741803827563,False,True,True,True,True,False
2656144900532100019,oligodendrocyte_2,0,microglia,microglia,microglia,0.7782105595053035,0.7044789415970989,0.9520326233316614,0.8759160194734373,0.7818690120162669,0.4813067757532859,0.7609587522452198,0.6260148011001998,0.938353368506745,__MISSING__,__MISSING__,__MISSING__,0328_M2_L,True,12,15.0,glial_non_neuronal,oligodendrocyte_opc,True,True,True,True,False,3,0.6178799382693477,0.05827888483353097,0.09318802807259241,0.0422955349787082,True,False,False,False,False,False
2787889600353100120,astrocyte_1,4,astrocyte_1,endothelial,endothelial,0.5471068721216347,0.22091561134056736,1.1989751728793565,0.7726081283638215,0.5686457216705074,0.6253936447362306,0.39529256352251163,0.08058506326334824,1.7264189470820852,__MISSING__,__MISSING__,__MISSING__,0503_M4_C,True,15,22.0,glial_non_neuronal,astrocyte,False,False,True,False,False,2,0.251779056165793,0.08751817341993758,0.1652459526846107,0.1668170741581264,False,False,True,True,False,False
2656144900535100107,astrocyte_1,4,astrocyte_1,astrocyte_1,astrocyte_2,0.6782805472375405,0.38966934462648056,0.7873870243988902,0.9488684979701107,0.8978290713938849,0.20274156187265807,0.9289433206608945,0.8588565305221185,0.2639599559591105,__MISSING__,__MISSING__,__MISSING__,0328_M1_L,True,15,21.0,glial_non_neuronal,astrocyte,True,False,False,False,False,1,1.6578808044980144,0.3488228931750949,0.6710851407856577,0.09864721486125254,False,True,True,True,True,False
2795903600438100162,DH_ex_Maf/Slc17a8,0,DH_ex_Maf/Cck,DH_ex_Maf/Cck,DH_ex_Maf/Cck,0.8677210391862619,0.7526029467573129,0.4472068424893363,0.9773386511467221,0.9629223455964208,0.12830327317118068,0.686890316658537,0.6002291696512473,1.3749606804127659,1,excitatory,10,0613_M5_C,False,10,13.0,neuron,neuronal_or_other,True,True,True,True,False,3,0.09412350240811626,0.10555408811605696,0.13951244560239323,0.036351664376430566,True,False,False,False,False,False
2787445900301100038,DH_ex_Prkcg/Rxfp1,0,DH_ex_Prkcg/Rxfp1,DH_ex_Prkcg/Rxfp1,DH_ex_Prkcg/Cck,0.9056235104084228,0.8314040257424727,0.3633736488710139,0.999989172575592,0.9999809535692773,0.0001406000367427377,0.44546446979726184,0.30836215586863497,1.9350234554442276,1,excitatory,6,0503_F5_S,False,42,127.0,neuron,neuronal_or_other,True,False,False,False,False,1,-1.0061551065203616,0.7837960035966688,0.7917774103454864,0.04880648850182289,False,True,True,True,True,False
2787445900352100065,DH_in_Npy,2,DH_in_Npy,DH_in_Npy,DM_ex_Zfhx3,0.9999212602661712,0.9998698586492368,0.0008754697110079873,0.9999941010932625,0.999988202186525,7.692611243149792e-05,0.744000563116625,0.6927454275805247,1.2404863965889228,1,inhibitory,4,0503_F4_T,False,25,63.0,neuron,neuronal_or_other,True,False,False,False,False,1,-0.1414083860642366,0.9110759503996545,0.9113988122836696,2.8617779655348942e-05,False,True,True,True,True,False
2796212800824100160,DH_ex_Maf/Cck,2,DH_ex_Maf/Cck,DH_ex_Maf/Cck,astrocyte_1,0.9061609700699413,0.8302387255601399,0.3669038831817655,0.8233366119572428,0.6468377545321708,0.46768710974457656,0.5677559641546361,0.3540820422843155,1.4577809807964734,1,excitatory,10,0613_F4_C,False,14,15.0,neuron,neuronal_or_other,True,False,False,False,False,1,-0.1644201880821219,0.5102164678493544,0.5049064322604965,0.024746602992503253,False,True,True,True,True,False
2726562700278100055,astrocyte_2,0,astrocyte_1,astrocyte_1,astrocyte_1,0.6527493029799277,0.3429910228406332,0.8150432653135863,0.9421396381207052,0.8965073481538767,0.2641350413427944,0.6469251016952525,0.4974147614293687,1.4468207576096503,__MISSING__,__MISSING__,__MISSING__,0422_F2_L,True,8,9.0,glial_non_neuronal,astrocyte,True,True,True,True,False,3,0.647313901830482,0.08836298122612565,0.1235712866679292,0.10408188894331125,True,False,False,False,False,False
2656144300141100025,DH_in_Npy2r,0,DH_in_Npy2r,DH_in_Npy2r,oligodendrocyte_progenitor_2,0.9242909557054088,0.8485819172108179,0.2681623106819029,0.985340832306279,0.970681664612558,0.07645230461043752,0.5031130860345865,0.41647552211083133,2.0714227882729155,1,inhibitory,9,0328_F2_L,False,13,15.0,neuron,neuronal_or_other,True,False,False,False,False,1,-0.6506967980419587,0.9301619316501757,0.9308653759878897,0.016989105822148465,False,True,True,True,True,False
2795584800494100146,DH_in_Cdh3,3,DH_in_Cdh3,DH_in_Cdh3,DH_in_Npy,0.9001226441961825,0.8013813871972526,0.3319261524208713,0.9988654605856632,0.9977309211713263,0.008827806968134306,0.7136458713694118,0.5744113681726539,1.1597738451405841,1,inhibitory,10,0610_F4_L,False,26,40.0,neuron,neuronal_or_other,True,False,False,False,False,1,-0.14063674476090576,0.6476253451158748,0.6913552892573489,0.047880353601158755,False,True,True,True,True,False
2656144900111100032,DH_ex_Rreb1,3,DH_ex_Maf/Cck,DH_ex_Rreb1,DH_ex_Reln/Nmur2,0.6830602979009796,0.3919414184147393,0.7262931228152889,0.6978514975048149,0.3957995050935162,0.6136136170786171,0.3566901064026652,0.21031238989951836,2.300785419504658,1,excitatory,10,0328_M1_C,False,12,22.0,neuron,neuronal_or_other,False,False,False,False,True,1,0.6822912355569689,0.920719380096417,0.928338144058017,0.12924269530526517,False,False,True,False,True,False
2656143800131100093,alpha_motoneuron,1,alpha_motoneuron,alpha_motoneuron,astrocyte_1,0.4254973455163247,0.08672516176429956,1.0709285877476615,0.7993486282432015,0.6051222647999401,0.5297359546831872,0.6571402953895473,0.542135887090742,1.2920166708989,__MISSING__,__MISSING__,22,0328_M3_C,False,16,22.0,glial_non_neuronal,neuronal_or_other,True,False,False,False,False,1,1.820161899971072,0.9691748406880392,0.9695645411521512,0.19281035494333146,False,True,True,True,True,False
2787445900264100127,DH_ex_Sox5,4,DH_ex_Sox5,DH_ex_Sox5,DH_ex_Sox5/Tac1,0.7709821117025399,0.5838455188905838,0.6514934671710466,0.932956071182686,0.865912142365372,0.24592450153913772,0.569818059159759,0.3325183676077026,1.4219041052833352,1,excitatory,5,0503_F5_S,False,41,108.0,neuron,neuronal_or_other,True,False,False,False,False,1,-0.2235388014756519,0.2566733682767676,0.4197567177642909,0.04780586540445575,False,True,True,True,True,False
2795903600436100270,endothelial,4,endothelial,endothelial,MV_ex_Syt2,0.9541767771024585,0.9339925880398243,0.2681320381185664,0.9999191871594905,0.9998616988058786,0.0009290556625310121,0.3948097233627903,0.14994320498714142,1.6056103681695435,__MISSING__,__MISSING__,__MISSING__,0613_M5_C,True,22,58.0,glial_non_neuronal,vascular,True,False,False,False,False,1,-1.6702958407973811,0.5439975933635318,0.5544678133672555,0.022929363252163697,False,True,True,True,True,False
2795584800124100245,MV_in_Sema5b,0,MV_in_Sema5b,MV_in_Sema5b,MV_in_Esrrb,0.9999999940999997,0.9999999939999997,1.4175252073536734e-07,1.0,1.0,-0.0,0.268457184325308,0.007687829095039511,1.7206774057862693,4,inhibitory,15,0610_F3_T,False,27,61.0,neuron,neuronal_or_other,True,False,False,False,False,1,-2.2204076378683175,0.6485760776069702,0.6485761382111754,2.950000006277528e-09,False,True,True,True,True,False
2796212800792100191,DH_ex_Tac2,1,DH_ex_Prkcg/Cck,DH_ex_Prkcg/Nts,DH_ex_Sox5,0.4602291838289761,0.15184299239629512,1.0977629280295176,0.49897262679134113,0.05483225185464258,0.903208620547474,0.3874191023201548,0.18500701296102026,2.0544766522273563,1,excitatory,8,0613_F4_C,False,11,15.0,neuron,neuronal_or_other,False,False,False,False,True,1,1.7121152492304523,0.7562707666995222,0.8436457580229569,0.12253494790826268,True,False,False,False,False,False
2656144900217100217,DH_in_Cdh3,3,DH_in_Cdh3,DH_in_Cdh3,DH_in_Npy,0.9738063552434856,0.9476127162869716,0.12125117478799262,0.9913081531988398,0.9826163063976797,0.04989999046201684,0.35424020063054856,0.1642276760779701,2.281255944270942,1,inhibitory,10,0328_M1_C,False,19,24.0,neuron,neuronal_or_other,True,False,False,False,False,1,-1.617107309039857,0.7633428158947603,0.7780391353241558,0.0033714967706359586,False,True,True,True,True,False
2796212801050100122,DH_ex_Tac2,4,DH_ex_Tac2,DH_ex_Tac2,oligodendrocyte_1,0.9079961982503594,0.8430989185136096,0.38138294506984294,0.9211112987500572,0.8556422449104808,0.32132621818200824,0.3792830166899654,0.11213099889180705,2.1307627935213027,1,excitatory,8,0613_F4_C,False,8,11.0,neuron,neuronal_or_other,True,False,False,False,False,1,-1.3360557484526683,0.8495060197173012,0.8537635036516144,0.0018095177402854355,False,True,True,True,True,False
2796212800343100093,oligodendrocyte_1,1,oligodendrocyte_progenitor_2,oligodendrocyte_progenitor_2,oligodendrocyte_progenitor_2,0.7036840133532049,0.5645317286904956,0.9260801650201315,0.6564210980255343,0.4164099880999954,0.8558925592792721,0.6617496190730675,0.36044287093701755,0.7913180833768421,__MISSING__,__MISSING__,__MISSING__,0613_F5_T,True,12,33.0,glial_non_neuronal,oligodendrocyte_opc,True,True,True,True,False,3,0.7879424722576204,0.061455584502204,0.02180920908419414,0.02648675940004701,True,False,False,False,False,False
2795903600169100089,oligodendrocyte_progenitor_2,4,oligodendrocyte_1,oligodendrocyte_1,oligodendrocyte_1,0.5139646780474372,0.25618964031234287,1.2849077108788913,0.9213680182683939,0.8666154406573979,0.32712570379150896,0.3547139993631088,0.027408820610325735,1.9467177120541712,__MISSING__,__MISSING__,__MISSING__,0613_M5_L,True,7,7.0,glial_non_neuronal,oligodendrocyte_opc,True,True,True,True,False,3,-0.5641403319494943,0.12536863428110784,0.3048167104447308,0.17383874987946057,True,False,False,False,False,False
2656143800418100063,microglia,2,oligodendrocyte_1,oligodendrocyte_1,oligodendrocyte_1,0.6407218313968894,0.47110146799942804,1.1364459537522555,0.8988189382383999,0.8313333306919806,0.43019514118691843,0.3251469484951169,0.13289995208173644,2.029698222254854,__MISSING__,__MISSING__,__MISSING__,0328_M3_L,True,6,9.0,glial_non_neuronal,microglia,True,True,True,True,False,3,-0.5587783844677267,0.15630970756347565,0.300144968780242,0.08378274430580096,True,False,False,False,False,False
2707737900060100041,oligodendrocyte_1,1,oligodendrocyte_progenitor_2,oligodendrocyte_progenitor_2,oligodendrocyte_progenitor_2,0.9088624729757886,0.8503538963049808,0.42270117586388345,0.9992221527578002,0.9988821593521079,0.007585002717965215,0.8670322246759222,0.7974385875659482,0.5721409099480073,__MISSING__,__MISSING__,__MISSING__,0415_F1_L,True,12,34.0,glial_non_neuronal,oligodendrocyte_opc,True,True,True,True,False,3,0.446155191861011,0.012635189736821558,0.06723920674588213,0.044891260233349745,True,False,False,False,False,False
2787889600193100115,DH_in_Npy,1,DH_in_Npy,DH_in_Npy,DH_in_Cdh3,0.992972129117035,0.9859442640340702,0.04184650855649194,0.9992173007626884,0.9984346015253769,0.0063808542507644275,0.6620209212492014,0.5114466475279043,1.1677101157600414,1,inhibitory,4,0503_M5_T,False,13,18.0,neuron,neuronal_or_other,True,False,False,False,False,1,-0.663527138033332,0.6505188875511746,0.6736537437941735,0.002078183651044391,False,True,True,True,True,False
2656144300188100230,microglia,1,astrocyte_1,astrocyte_1,astrocyte_1,0.883789778764201,0.8479165680133931,0.5697243951916823,0.937345304211978,0.8907900354270829,0.28996000310780284,0.5594517445184906,0.42404889090094855,1.5570824930713254,__MISSING__,__MISSING__,__MISSING__,0328_F2_L,True,10,10.0,glial_non_neuronal,microglia,True,True,True,True,False,3,-0.4679566162044493,0.14415133122334017,0.20039270140748844,0.03470414270213098,True,False,False,False,False,False
2707604000087100224,DH_ex_Reln/Npff,3,DH_ex_Reln/Npff,DH_ex_Reln/Npff,DH_ex_Cpne4,0.9999999940999997,0.9999999939999997,1.4175252073536737e-07,1.0,1.0,-0.0,0.5778145122294213,0.32976214022836975,1.2757935314807738,1,excitatory,1,0415_M3_L,False,15,29.0,neuron,neuronal_or_other,True,False,False,False,False,1,-1.2431034346060004,0.8086681332032076,0.8086681936227404,2.950000006277527e-09,False,True,True,True,True,False
2796212800715100166,DH_ex_Gpr83,1,DH_ex_Gpr83,DH_ex_Gpr83,DM_ex_Zfhx3,0.9071994182848709,0.8143988423697422,0.30897002983724764,0.9961867445852985,0.9923734891705971,0.025043032364823022,0.6504455514795123,0.5272151585444926,1.4351701720542855,1,excitatory,2,0613_F3_T,False,21,63.0,neuron,neuronal_or_other,True,False,False,False,False,1,-0.29652168956876146,0.7844876927707992,0.7845761909993075,0.038221461071093005,False,True,True,True,True,False
2787889600127100132,alpha_motoneuron,2,beta_motoneuron,beta_motoneuron,beta_motoneuron,0.6090758512360677,0.3677716680427088,0.9292755330823063,0.9572667378745001,0.9161084229430874,0.18327945789401517,0.5024314212790044,0.2463713264652551,1.2308497742902182,__MISSING__,__MISSING__,22,0503_M5_C,False,8,10.0,glial_non_neuronal,neuronal_or_other,True,True,True,True,False,3,-0.19772402326990568,0.15021341999545623,0.23166823591822616,0.15406590206197207,True,False,False,False,False,False
2796212800779100178,visceral_motoneuron,2,visceral_motoneuron,visceral_motoneuron,beta_motoneuron,0.9743266949028374,0.9494818604327337,0.12302403655220703,0.999998067562515,0.9999961835466625,2.758331135723839e-05,0.27122394671507266,0.027983428300241364,2.0779865226370373,__MISSING__,__MISSING__,20,0613_F3_T,False,23,33.0,glial_non_neuronal,neuronal_or_other,True,False,False,False,False,1,-2.068369544269461,0.5584302819925032,0.5566826964941672,0.012947887150057473,False,True,True,True,True,False
2707604800119100064,oligodendrocyte_2,3,oligodendrocyte_progenitor_2,oligodendrocyte_progenitor_2,oligodendrocyte_progenitor_2,0.6182447976521898,0.38810598806824503,1.1822861757823862,0.7790893775653591,0.5650403329795857,0.5650254241562953,0.663161141770502,0.41588190193749813,1.0060723895699517,__MISSING__,__MISSING__,__MISSING__,0415_M1_L,True,6,9.0,glial_non_neuronal,oligodendrocyte_opc,True,True,True,True,False,3,0.9770314678110772,0.03146513949209458,0.038635863776662095,0.07025554627231818,True,False,False,False,False,False
2656144900343100207,DH_ex_Prkcg/Nts,2,DH_ex_Prkcg/Nts,DH_ex_Prkcg/Nts,DM_ex_Zfhx3,0.7617324291906369,0.638833708583608,0.7419523858050824,0.997885344482715,0.9966671880597084,0.016633604595633934,0.4333070122101062,0.3313962125826916,2.2885503215098013,1,excitatory,8,0328_M2_T,False,13,17.0,neuron,neuronal_or_other,True,False,False,False,False,1,-0.5849139130767581,0.7446793160803339,0.7930775185545431,0.12295157072517417,False,True,True,True,True,False
2795903600401100209,DH_ex_Maf/Cpne4,0,DH_ex_Maf/Cck,DH_ex_Rreb1,astrocyte_1,0.7080442206748333,0.46456278047517857,0.7481427382969915,0.5036568404848836,0.03758838227854466,0.8117150394053811,0.28690817628032195,0.030730453160498272,2.4264521292809422,1,excitatory,10,0613_M4_T,False,4,5.0,neuron,neuronal_or_other,False,False,False,False,True,1,0.7183233630914136,0.8447610696810715,0.8409105083697305,0.05323232108601613,True,False,False,False,False,False
2945606900000028675,MV_in_Esrrb,1,MV_in_Esrrb,MV_in_Esrrb,MV_in_Gm26673,0.9999999940999997,0.9999999939999997,1.4175252073536734e-07,1.0,1.0,-0.0,0.26996199268820614,0.05641568026054922,2.1032719875630197,4,inhibitory,14,0328_F1_S,False,6,11.0,neuron,neuronal_or_other,True,False,False,False,False,1,-2.0725475567820024,0.6185849435401962,0.6185850088318667,2.950000006277528e-09,False,True,True,True,True,False
2726543700194100187,DH_ex_Maf/Cck,2,DH_ex_Maf/Cck,DH_ex_Maf/Cck,endothelial,0.7771739097887396,0.6865618880112798,0.7724453795935511,0.9439896989621094,0.8910985557068041,0.23003645865377137,0.4939829502041615,0.33056951855569444,2.005133755872242,1,excitatory,10,0422_M3_C,False,8,12.0,neuron,neuronal_or_other,True,False,False,False,False,1,-0.4633410453841972,0.925889467018534,0.9345893269663326,0.06641948662222139,False,True,True,True,True,False
2656143800167100063,astrocyte_2,3,astrocyte_2,astrocyte_2,astrocyte_1,0.5792051684291946,0.16224880349521548,0.7074120252190014,0.5713029399216287,0.14388891505013063,0.6938300577341531,0.7481941470073623,0.5148669466933461,0.6688109534229034,__MISSING__,__MISSING__,__MISSING__,0328_M3_T,True,6,8.0,glial_non_neuronal,astrocyte,True,False,False,False,False,1,2.517655103778837,0.09667142925900932,0.09182195283809891,0.0012819740090302568,False,True,True,True,True,False
2707604700068100176,oligodendrocyte_progenitor_2,0,oligodendrocyte_1,oligodendrocyte_1,oligodendrocyte_1,0.5886337206664249,0.19780629875369704,0.785248293995192,0.7700006522031981,0.5400516113791245,0.5399053006757725,0.6199741795389575,0.3251612099991862,1.0225581271825477,__MISSING__,__MISSING__,__MISSING__,0415_M3_S,True,5,20.0,glial_non_neuronal,oligodendrocyte_opc,True,True,True,True,False,3,1.0920496315607118,0.025108745335782882,0.05113316146764083,0.03409468106727809,True,False,False,False,False,False
2796212800816200003,meninges_2,3,meninges_1,meninges_1,meninges_1,0.7467392160788495,0.5802294378989027,0.8366414892448033,0.9706516965069796,0.956800675357904,0.16030419840972016,0.40988149054157896,0.015587077436910624,1.131761247202552,__MISSING__,__MISSING__,__MISSING__,0613_F3_C,True,3,17.0,glial_non_neuronal,meningeal,True,True,True,True,False,3,-1.3591577853159962,0.12936025284008767,0.31111019138630913,0.09242121263143956,True,False,False,False,False,False
2795103300445100084,oligodendrocyte_progenitor_2,1,endothelial,endothelial,endothelial,0.6054784961855831,0.35710693097081675,1.1340326300615653,0.4119504985711015,0.08024296985704232,1.2001963450988224,0.29878603953669525,0.025057849881716554,2.0075908720325164,__MISSING__,__MISSING__,__MISSING__,0610_M5_L,True,6,7.0,glial_non_neuronal,oligodendrocyte_opc,True,True,True,True,False,3,0.8088340828576122,0.1426599722141746,0.10460026547111052,0.05752982472430744,True,False,False,False,False,False
2795584800421100048,M_ex_Vsx2/Shox2,4,M_ex_Vsx2/Shox2,M_ex_Vsx2/Shox2,endothelial,0.9026720105787096,0.8053440269574192,0.3191721088943055,0.9999895255000754,0.9999790510001507,0.00013058099849701764,0.3910508362703968,0.09665916951330311,1.6459600423729508,3,excitatory,20,0610_F4_L,False,13,15.0,neuron,neuronal_or_other,True,False,False,False,False,1,-1.6018874607259668,0.7683736930045513,0.7746968038205327,0.05038871497323623,False,True,True,True,True,False
2656144900395100181,MV_in_Esrrb,1,MV_in_Esrrb,MV_in_Esrrb,MV_in_Sema5b,0.9999999940999997,0.9999999939999997,1.4175252073536734e-07,1.0,1.0,-0.0,0.4385674625129152,0.33300162509570436,2.174461785631419,4,inhibitory,14,0328_M2_T,False,7,8.0,neuron,neuronal_or_other,True,False,False,False,False,1,-1.2332735224776152,0.8803027230550642,0.8803027954709577,2.950000006277528e-09,False,True,True,True,True,False
2795584800239100064,DH_ex_Tac2,2,DH_ex_Tac2,DH_ex_Tac2,MV_in_Gabra1,0.7469746497610064,0.5306600089267464,0.6930298468163208,0.6567164184293784,0.35035181462373977,0.7622268433424277,0.16292849412462262,0.03687056505242112,3.0084305515631793,1,excitatory,8,0610_F3_L,False,10,11.0,neuron,neuronal_or_other,True,False,False,False,False,1,-0.0021530685809907357,0.7659319092597625,0.7533423504725874,0.01316207859794925,False,True,True,True,True,False
2796212800890100208,DH_ex_Reln/Npff,2,DH_ex_Reln/Npff,DH_ex_Reln/Npff,astrocyte_1,0.9999999940999997,0.9999999939999997,1.4175252073536737e-07,1.0,1.0,-0.0,0.22744736772891389,0.044650753087806055,2.524380741192352,1,excitatory,1,0613_F4_C,False,4,8.0,neuron,neuronal_or_other,True,False,False,False,False,1,-2.108247121694639,0.9898794082368673,0.9898794814131682,2.950000006277527e-09,False,True,True,True,True,False
2787889600388100127,oligodendrocyte_progenitor_1,2,endothelial,endothelial,endothelial,0.773207564057812,0.6891746850808961,0.8987329262831737,0.9189969129439488,0.851163319850951,0.3352706213741723,0.4377334060930346,0.2787612951141516,2.14135626362431,__MISSING__,__MISSING__,__MISSING__,0503_M4_C,True,18,27.0,glial_non_neuronal,oligodendrocyte_opc,True,True,True,True,False,3,-0.5459629119069064,0.20677260536944708,0.2551751426776351,0.05602911054266292,True,False,False,False,False,False
2707737900133100223,oligodendrocyte_progenitor_2,2,oligodendrocyte_progenitor_2,oligodendrocyte_progenitor_2,MV_in_Sema5b,0.7791140551174035,0.6901571728798509,0.8817124402199081,0.9703128278836021,0.9542523725139549,0.16681994446762846,0.3728151869126344,0.06432243176076102,1.848996791375811,__MISSING__,__MISSING__,__MISSING__,0415_F1_T,True,6,6.0,glial_non_neuronal,oligodendrocyte_opc,True,False,False,False,False,1,-1.4030268392010603,0.34366024237572534,0.4292433692205753,0.07277712709864735,False,True,True,True,True,False
2787445900389100097,DH_ex_Maf/Slc17a8,4,DH_ex_Maf/Slc17a8,DH_ex_Maf/Slc17a8,DH_ex_Maf/Cck,0.4957579190881807,0.05118888647973485,0.9145515993249852,0.6917021084845165,0.38421451645469096,0.6236668229761232,0.6810170186783654,0.41863766097859695,0.8743698658283876,1,excitatory,10,0503_F4_T,False,30,43.0,neuron,neuronal_or_other,True,False,False,False,False,1,1.9474967344121406,0.070401190156451,0.15036962973805434,0.04827489488384871,False,True,True,True,True,False
2787445900397100033,MV_ex_Syt2,4,MV_ex_Syt2,MV_ex_Syt2,MV_in_Gm26673,0.9999995317079182,0.9999991381152115,7.59234238292053e-06,1.0,1.0,-0.0,0.5543051304104234,0.37608273553042076,1.2109955436677498,4,excitatory,14,0503_F4_C,False,21,56.0,neuron,neuronal_or_other,True,False,False,False,False,1,-1.1025464126758684,0.7570253753302935,0.7570299712651322,2.3414608029039504e-07,False,True,True,True,True,False
2795584800225100220,DH_in_Pdyn,3,DH_in_Pdyn,DH_in_Pdyn,DH_ex_Grpr,0.9999999940999997,0.9999999939999997,1.4175252073536737e-07,1.0,1.0,-0.0,0.19125757576219254,0.03406180122221669,2.65791978829815,1,inhibitory,2,0610_F3_C,False,17,27.0,neuron,neuronal_or_other,True,False,False,False,False,1,-2.140378300148355,0.7920231028805655,0.792023172049566,2.950000006277528e-09,False,True,True,True,True,False
2796212800552100138,astrocyte_1,2,oligodendrocyte_1,oligodendrocyte_1,oligodendrocyte_1,0.6200530222346249,0.4023353645182431,1.2005573201722586,0.7690211428849894,0.6833070470824272,0.8350641561417902,0.25712395196670634,0.03112546989470147,2.276052540152228,__MISSING__,__MISSING__,__MISSING__,0613_F3_L,True,10,12.0,glial_non_neuronal,astrocyte,True,True,True,True,False,3,-0.45068625175022287,0.3085799635357231,0.31839930332275473,0.06053257554967378,True,False,False,False,False,False
2726543700098100172,oligodendrocyte_precursor_cell,3,oligodendrocyte_1,oligodendrocyte_1,MV_in_Gabra1,0.6866218693560436,0.5896915778276945,1.0722181330823257,0.8300624529003438,0.7424311734374567,0.6538971874832236,0.2564831462528376,0.05434464164925304,2.2840515567440116,__MISSING__,__MISSING__,__MISSING__,0422_M3_C,True,7,11.0,glial_non_neuronal,oligodendrocyte_opc,True,False,False,False,False,1,-0.8330132505274848,0.5703537803073252,0.6178335584919866,0.029888908547781718,True,False,False,False,False,False
2787445900252100041,DH_in_Pdyn/Gal,3,DH_in_Pdyn/Gal,DH_in_Pdyn/Gal,DH_in_Pdyn,0.9999999940999997,0.9999999939999997,1.4175252073536737e-07,1.0,1.0,-0.0,0.6334935444957868,0.3265068315106294,0.9388535716435719,1,inhibitory,5,0503_F4_C,False,24,35.0,neuron,neuronal_or_other,True,False,False,False,False,1,-1.2529813627200717,0.4860771510282086,0.4860772070856496,2.950000006277528e-09,False,True,True,True,True,False
2795584800421100152,endothelial,3,astrocyte_1,astrocyte_1,astrocyte_1,0.41544645018754695,0.14316475263766998,1.4417942980056797,0.45199123162940047,0.15127009182142687,1.239708393574647,0.29033213442090144,0.13198909286963792,2.3265775029233655,__MISSING__,__MISSING__,__MISSING__,0610_F4_L,True,5,8.0,glial_non_neuronal,vascular,True,True,True,True,False,3,1.375365406663932,0.18898397704883885,0.21140609373018066,0.01781978397051573,True,False,False,False,False,False
2787445900434100022,astrocyte_1,0,oligodendrocyte_2,oligodendrocyte_2,oligodendrocyte_1,0.5253170105305837,0.20259424760044542,1.153297373000892,0.8670972434948637,0.7873624270376967,0.4970716994945928,0.35064951712992365,0.10544472094969756,1.8473469292670461,__MISSING__,__MISSING__,__MISSING__,0503_F4_C,True,6,8.0,glial_non_neuronal,astrocyte,True,False,False,False,False,1,-0.07409213621787161,0.1185784175908319,0.3368150991809839,0.11134267831001508,True,False,False,False,False,False
2946331700000021488,M_ex_Vsx2,1,M_ex_Vsx2,M_ex_Vsx2,DM_ex_Zfhx3,0.9811936547055358,0.9623873152110717,0.0933566624582244,0.9998504801354425,0.9997009602708851,0.0014664918089924049,0.7563268560061025,0.6611684609908637,1.022188770937969,3,excitatory,20,0415_F2_L,False,32,79.0,neuron,neuronal_or_other,True,False,False,False,False,1,-0.16954851761864698,0.8813365352328798,0.8810000398834814,0.00891159094144538,False,True,True,True,True,False
2787445900209100186,alpha_motoneuron,4,alpha_motoneuron,alpha_motoneuron,astrocyte_1,0.9162471262754881,0.8687932900030877,0.345148983647285,0.9731838169524074,0.9500173682139955,0.13416254138363443,0.26324256724589806,0.009698927509173616,2.134345756780366,__MISSING__,__MISSING__,22,0503_F5_C,False,9,10.0,glial_non_neuronal,neuronal_or_other,True,False,False,False,False,1,-1.8801933238980966,0.8924054217776588,0.8932052197843618,0.017740739016379153,False,True,True,True,True,False
2796212800048100035,DH_ex_Gpr83,1,DH_ex_Gpr83,DH_ex_Gpr83,oligodendrocyte_2,0.9215717590498775,0.8431435238997554,0.27491383115079243,0.9006047454666872,0.8012094909333745,0.3237521763756677,0.1689331711139386,0.007588826760801498,2.7302021180246387,1,excitatory,2,0613_F5_S,False,6,7.0,neuron,neuronal_or_other,True,False,False,False,False,1,-1.5453212822623243,0.8717354338953593,0.8706214295968641,0.0009807571129856558,False,True,True,True,True,False
2945606900000005064,oligodendrocyte_progenitor_2,4,oligodendrocyte_progenitor_2,oligodendrocyte_progenitor_2,MV_in_Gabra1,0.9357647169941357,0.9079603215948093,0.34966813567301774,0.9943228944094878,0.9889778971614287,0.036926742527185114,0.41852360235525987,0.08966253998339202,1.4612180919470723,__MISSING__,__MISSING__,__MISSING__,0328_F1_C,True,21,57.0,glial_non_neuronal,oligodendrocyte_opc,True,False,False,False,False,1,-1.7850027441051972,0.7986840180116439,0.8103112154270039,0.023902054796166063,False,True,True,True,True,False
2787889600414100194,oligodendrocyte_progenitor_2,2,oligodendrocyte_2,oligodendrocyte_2,oligodendrocyte_2,0.657345242476026,0.34263720633491496,0.7571834435561341,0.6940426992994905,0.38872874050877704,0.6216668415081219,0.8399259347009552,0.6869127745890049,0.481870688012337,__MISSING__,__MISSING__,__MISSING__,0503_M4_T,True,7,10.0,glial_non_neuronal,oligodendrocyte_opc,True,True,True,True,False,3,2.2307963545829987,0.04097960144156235,0.026204018017588402,0.013013809579629991,True,False,False,False,False,False
2787445900860100075,MV_in_Sema5b,4,MV_in_Sema5b,MV_in_Sema5b,astrocyte_1,0.9999999940999997,0.9999999939999997,1.4175252073536734e-07,1.0,1.0,-0.0,0.15819106994771912,0.024000407047530925,2.582423883273074,4,inhibitory,15,0503_F3_S,False,8,9.0,neuron,neuronal_or_other,True,False,False,False,False,1,-2.170908654410384,0.7495836580282028,0.7495837301095889,2.950000006277528e-09,False,True,True,True,True,False
2787445900686100178,DH_ex_Tac2,0,DH_ex_Prkcg/Nts,DH_ex_Tac2,DM_ex_Zfhx3,0.6643856061144766,0.4287926560605836,0.8914955005666816,0.5347467588557769,0.26873856893216297,1.070087353119178,0.15599624428912023,0.03504063990397634,3.0586317112830703,1,excitatory,8,0503_F3_T,False,8,8.0,neuron,neuronal_or_other,False,False,False,False,True,1,0.3366583447397592,0.7675718209485207,0.7524385777760263,0.1868015359075329,False,False,True,False,True,False
2707604800080200033,oligodendrocyte_1,2,oligodendrocyte_progenitor_2,oligodendrocyte_progenitor_2,oligodendrocyte_progenitor_2,0.7696052232244364,0.61964070537083,0.8404567224912923,0.9671116099236143,0.9408967735778039,0.16737684512351603,0.5746899088725044,0.439223930891032,1.6393099419748702,__MISSING__,__MISSING__,__MISSING__,0415_M1_L,True,21,38.0,glial_non_neuronal,oligodendrocyte_opc,True,True,True,True,False,3,-0.11266584767297022,0.2074206023631874,0.21650553637667078,0.10087312218676488,True,False,False,False,False,False
2656144900515100178,DH_ex_Gpr83,2,DH_ex_Gpr83,DH_ex_Gpr83,M_in_Tfap2b,0.87613412639058,0.7522682585811604,0.3745574851587612,0.9998493963278753,0.9996987926557506,0.0014760339929289251,0.5154672034222723,0.1719901616537342,1.406840743713574,1,excitatory,2,0328_M1_S,False,16,18.0,neuron,neuronal_or_other,True,False,False,False,False,1,-1.2777218878297611,0.9849164413790522,0.9847126588036607,0.06411506945414591,False,True,True,True,True,False
2796212800264100246,visceral_motoneuron,4,visceral_motoneuron,visceral_motoneuron,MV_ex_Syt2,0.9948458342528932,0.9919996649569653,0.03583729747246377,0.9999593887420762,0.9999205338699505,0.00045848403546277735,0.27047310283928294,0.12217982800922464,2.312618015403736,__MISSING__,__MISSING__,20,0613_F4_S,False,26,39.0,glial_non_neuronal,neuronal_or_other,True,False,False,False,False,1,-1.8585112770938155,0.970730303954512,0.9779711833231115,0.002448748831335734,False,True,True,True,True,False
2796212800431100019,DH_ex_Reln/Nmur2,3,DH_ex_Reln/Nmur2,DH_ex_Reln/Nmur2,DH_ex_Sox5/Tac1,0.9597014722389956,0.9194029502779916,0.16889184810691185,0.9994791082968809,0.9989582165937618,0.004458680831560591,0.9479277430848335,0.9341267730151556,0.33540620724159387,1,excitatory,3,0613_F4_L,False,14,17.0,neuron,neuronal_or_other,True,False,False,False,False,1,0.737149303879201,0.9652282700545477,0.9653533084250945,0.01868891973181058,False,True,True,True,True,False
2707604700060100211,MV_in_Esrrb,2,MV_in_Esrrb,MV_in_Esrrb,MV_ex_Syt2,0.9999999940999997,0.9999999939999997,1.4175252073536734e-07,1.0,1.0,-0.0,0.5730883485183098,0.3719076474392369,1.3690794537078694,4,inhibitory,14,0415_M2_L,False,30,70.0,neuron,neuronal_or_other,True,False,False,False,False,1,-1.115216857123726,0.6084625456105284,0.6084626032049163,2.950000006277528e-09,False,True,True,True,True,False
2787445900327100122,oligodendrocyte_progenitor_2,0,endothelial,endothelial,endothelial,0.401987760516813,0.1320458827076711,1.5317215834488067,0.630329450664019,0.41541222785953213,1.048729937074962,0.6482078063098902,0.5115265943731939,1.3088268147793671,__MISSING__,__MISSING__,__MISSING__,0503_F4_C,True,14,18.0,glial_non_neuronal,oligodendrocyte_opc,True,True,True,True,False,3,2.0226756969732604,0.09248118581648825,0.03520154245952446,0.08627554262600341,True,False,False,False,False,False
2796212800529100021,DH_ex_Prkcg/Cck,3,DH_ex_Prkcg/Cck,DH_ex_Prkcg/Cck,DM_ex_Zfhx3,0.7110065728674502,0.6080879694913535,0.9174807286803687,0.9740095802238534,0.9575602603624224,0.14177263692005343,0.17349172777575966,0.058564841276799104,2.651201501042911,1,excitatory,8,0613_F4_T,False,15,21.0,neuron,neuronal_or_other,True,False,False,False,False,1,-1.2801301046627171,0.9513542122164815,0.9577199680902836,0.11360077877035867,False,True,True,True,True,False
2795584800419100227,DH_in_Cdh3,1,DH_in_Cdh3,DH_in_Cdh3,DH_in_Npy2r,0.8162824624314627,0.6325649306629259,0.4769841279074182,0.9999713033988565,0.9999426067977131,0.00032882624631045706,0.21087375098683303,0.025367177190631696,2.349873460946594,1,inhibitory,10,0610_F4_L,False,11,14.0,neuron,neuronal_or_other,True,False,False,False,False,1,-1.5088079196476802,0.6334182648499126,0.6289146165109619,0.09838290408412627,False,True,True,True,True,False
2787445900681100180,oligodendrocyte_progenitor_2,2,astrocyte_1,oligodendrocyte_1,endothelial,0.2875243368632291,0.02882904654727081,1.5019034332791759,0.5626797627363077,0.37449881135774116,1.155642368761706,0.4377512013736414,0.26871964020987504,1.9006938421645718,__MISSING__,__MISSING__,__MISSING__,0503_F3_L,True,8,10.0,glial_non_neuronal,oligodendrocyte_opc,False,False,False,False,True,1,1.5519003271098168,0.1757747027576822,0.24123360004166713,0.11727294591859906,True,False,False,False,False,False
2787889600280100187,DH_in_Npy2r,1,DH_in_Npy2r,DH_in_Npy2r,DH_in_Cdh3,0.7619909659885017,0.5557884982632656,0.6427949710428522,0.9993709626389654,0.9987419252779309,0.005265675096244276,0.874418545800882,0.8169788010938848,0.6055044213968263,1,inhibitory,9,0503_M4_C,False,51,132.0,neuron,neuronal_or_other,True,False,False,False,False,1,1.033103327418258,0.44670103291962493,0.8370782274636508,0.1286552741979834,False,True,True,True,True,False
2656144900190100049,DH_in_Cdh3,1,DH_in_Cdh3,DH_in_Cdh3,DH_ex_Reln/Nmur2,0.9881856955207158,0.9763713968414319,0.06418148435847833,0.9925497465862182,0.9850994931724364,0.04392500157556623,0.15209632140354354,0.0021073871211750583,2.8613324215223894,1,inhibitory,10,0328_M1_C,False,15,16.0,neuron,neuronal_or_other,True,False,False,False,False,1,-2.165462956858178,0.7603970873643179,0.764072736321313,0.00036314602766421777,False,True,True,True,True,False
2796212800889100238,MV_in_Sema5b,1,MV_in_Sema5b,MV_in_Sema5b,oligodendrocyte_progenitor_2,0.9999999940999997,0.9999999939999997,1.4175252073536734e-07,1.0,1.0,-0.0,0.6218875242954192,0.5201863789352401,1.5304260952372242,4,inhibitory,15,0613_F4_C,False,3,3.0,neuron,neuronal_or_other,True,False,False,False,False,1,-0.6652789932949708,0.9389633091111079,0.938963379537732,2.950000006277528e-09,False,True,True,True,True,False
2795584800222100100,astrocyte_2,4,oligodendrocyte_progenitor_2,oligodendrocyte_progenitor_2,oligodendrocyte_progenitor_2,0.9164898482390533,0.8900504411880529,0.4350015077798209,0.9453070671515259,0.9210004779061004,0.27593619799064134,0.8957130117056537,0.8481303707746617,0.5148888172601297,__MISSING__,__MISSING__,__MISSING__,0610_F3_C,True,5,12.0,glial_non_neuronal,astrocyte,True,True,True,True,False,3,0.6834826677322197,0.04310565388717873,0.04292959378429553,0.011464979640382528,True,False,False,False,False,False
2795903600463100104,astrocyte_1,3,astrocyte_1,astrocyte_1,DH_in_Cdh3,0.7862849662926075,0.6850718601607538,0.856664038235908,0.9269587413872682,0.898834406066859,0.3483607274056164,0.2590364777554878,0.04655988137257186,2.1453706040712683,__MISSING__,__MISSING__,__MISSING__,0613_M5_C,True,18,27.0,glial_non_neuronal,astrocyte,True,False,False,False,False,1,-1.337827952548057,0.4843128943486724,0.5048023107137464,0.04505919599362094,False,True,True,True,True,False
2795103300181100156,MV_ex_Syt2,2,MV_ex_Syt2,MV_ex_Syt2,endothelial,0.9999999940999997,0.9999999939999997,1.4175252073536734e-07,1.0,1.0,-0.0,0.7884080122009853,0.7535371272760873,1.0865812633214587,4,excitatory,14,0610_M4_C,False,8,8.0,neuron,neuronal_or_other,True,False,False,False,False,1,0.042801903891233506,0.9758658395166276,0.9758659089806694,2.950000006277528e-09,False,True,True,True,True,False
2946331700000013232,DH_ex_Cpne4,2,DH_ex_Cpne4,DH_ex_Cpne4,DH_ex_Prkcg/Cck,0.8896107683581618,0.779221542516324,0.3473284731198976,0.999991461721589,0.9999829234431781,0.00010818807229871084,0.685515321018341,0.5403543580759863,1.0784784483999263,1,excitatory,3,0415_F2_S,False,9,22.0,neuron,neuronal_or_other,True,False,False,False,False,1,-0.20877528964916597,0.6955071505961967,0.6859188880398577,0.05746131610707828,False,True,True,True,True,False
2796212800855100235,oligodendrocyte_progenitor_2,0,oligodendrocyte_1,oligodendrocyte_1,oligodendrocyte_1,0.5333069789383958,0.26750526676288117,1.2695416208089056,0.5330416659388483,0.25368479898731733,1.1115253322223981,0.2818894012672086,0.11214475161981141,2.2364881174199147,__MISSING__,__MISSING__,__MISSING__,0613_F4_C,True,12,19.0,glial_non_neuronal,oligodendrocyte_opc,True,True,True,True,False,3,0.8892639349799648,0.25338256004763055,0.2903163235306227,0.04878516082176251,True,False,False,False,False,False
2787889600397100193,oligodendrocyte_progenitor_2,3,astrocyte_1,astrocyte_1,astrocyte_1,0.7105519109688208,0.5427395599093001,0.9060917551858559,0.8624567760890098,0.7739394257120054,0.5150074582634209,0.3383869384559492,0.0554647214165262,2.151236437202758,__MISSING__,__MISSING__,__MISSING__,0503_M5_S,True,6,7.0,glial_non_neuronal,oligodendrocyte_opc,True,True,True,True,False,3,-0.8080909958592024,0.22632863696556163,0.2685350747162606,0.04119215046081236,True,False,False,False,False,False
2707737900074100184,DM_ex_Zfhx3,3,DM_ex_Zfhx3,DM_ex_Zfhx3,MV_in_Sema5b,0.9999999940999997,0.9999999939999997,1.4175252073536737e-07,1.0,1.0,-0.0,0.536884537465428,0.21269233711870977,1.3471125637853432,2,excitatory,11,0415_F1_L,False,9,23.0,neuron,neuronal_or_other,True,False,False,False,False,1,-1.5983407407157655,0.9777519312448739,0.9777519999928227,2.950000006277528e-09,False,True,True,True,True,False
2726543700433100081,oligodendrocyte_1,2,astrocyte_1,astrocyte_1,astrocyte_2,0.42159105023546906,0.14687284697890002,1.4947525090608866,0.5290035042881505,0.32735549159039734,1.3740568406942177,0.3179149703806988,0.1344392641509403,2.2356539648503055,__MISSING__,__MISSING__,__MISSING__,0422_M3_L,True,4,5.0,glial_non_neuronal,oligodendrocyte_opc,True,False,False,False,False,1,1.0266684576261922,0.1465517873462023,0.22741099120641917,0.042026231520692264,True,False,False,False,False,False
2795903600320100084,oligodendrocyte_progenitor_2,0,oligodendrocyte_progenitor_2,oligodendrocyte_1,oligodendrocyte_1,0.538071377908469,0.16425420173337274,1.0520606836602433,0.7332014472575274,0.49553600252369984,0.7057841453080185,0.5618258336408908,0.33780175608031915,1.5041992202269705,__MISSING__,__MISSING__,__MISSING__,0613_M4_L,True,10,14.0,glial_non_neuronal,oligodendrocyte_opc,False,False,True,False,False,2,1.2788306103059446,0.10546823174769969,0.07903841587690791,0.10147375250248232,False,False,True,True,False,False
2795903600302100045,meninges_3,2,meninges_2,meninges_1,meninges_2,0.6618328649402865,0.4874702534873979,0.9882714988507613,0.55768979760148,0.16552553051273278,0.859725977786167,0.34035220735433547,0.0024724295417691278,1.1411666965893101,__MISSING__,__MISSING__,__MISSING__,0613_M5_T,True,3,39.0,glial_non_neuronal,meningeal,False,True,False,False,False,2,0.33763584815464753,0.09114122386552721,0.11783985145150316,0.36098592081777003,True,False,False,False,False,False
2796212800913100070,astrocyte_1,0,astrocyte_1,astrocyte_1,MV_in_Gm26673,0.7030507283406229,0.5555701000292669,0.958192689545758,0.389419357387169,0.044284297542967144,1.2470316384900517,0.35889064429864687,0.15723929703715236,1.9630918418010848,__MISSING__,__MISSING__,__MISSING__,0613_F3_C,True,4,9.0,glial_non_neuronal,astrocyte,True,False,False,False,False,1,0.9259770694886982,0.5910421043417826,0.5701514317998341,0.08223396674256811,False,True,True,True,True,False
2707737900034100174,oligodendrocyte_2,3,astrocyte_2,astrocyte_2,oligodendrocyte_1,0.35688447501250486,0.16025361572775904,1.5989074800670688,0.47726101194125403,0.23849754836993273,1.2528280881657021,0.39832991682360075,0.21554713994857674,1.764495635859714,__MISSING__,__MISSING__,__MISSING__,0415_F1_L,True,7,9.0,glial_non_neuronal,oligodendrocyte_opc,True,False,False,False,False,1,1.4251909076578984,0.13613024111019265,0.3453751354301691,0.08305917308692219,True,False,False,False,False,False
2795103300178100085,MV_in_Sema5b,4,MV_in_Sema5b,MV_in_Sema5b,oligodendrocyte_1,0.9999999940999997,0.9999999939999997,1.4175252073536734e-07,1.0,1.0,-0.0,0.6046071544506538,0.451793404807877,1.5557883337491092,4,inhibitory,15,0610_M4_C,False,6,10.0,neuron,neuronal_or_other,True,False,False,False,False,1,-0.8728110403343032,0.9346012477851632,0.9346013181183588,2.950000006277528e-09,False,True,True,True,True,False
2656144900503100190,DH_ex_Maf/Cck,0,DH_ex_Maf/Cck,DH_ex_Maf/Cck,endothelial,0.8509120154385132,0.7449633116170181,0.5406144292190094,0.9156974290030844,0.8581257956323545,0.3601385856867438,0.4506198025250209,0.1534487398384814,1.7509046105732167,1,excitatory,10,0328_M2_L,False,16,24.0,neuron,neuronal_or_other,True,False,False,False,False,1,-1.0399126322799737,0.9483375132619762,0.9503730614553947,0.007518675222590808,False,True,True,True,True,False
2707737900047100154,astrocyte_1,0,astrocyte_1,astrocyte_1,astrocyte_2,0.6987481259137952,0.5656886657428591,1.0246795786939784,0.7792031381927211,0.5921851526837374,0.6280686791124362,0.48704736709215,0.2731928193549197,1.2930268060178625,__MISSING__,__MISSING__,__MISSING__,0415_F1_L,True,19,22.0,glial_non_neuronal,astrocyte,True,False,False,False,False,1,0.17224186561787624,0.25163493266726134,0.4521012630267443,0.09373978040221013,False,True,True,True,True,False
2656144300146100227,astrocyte_1,4,astrocyte_1,astrocyte_1,DM_ex_Zfhx3,0.441656407398004,0.1499082256113728,1.462934576770537,0.6367310725139448,0.40465967278902926,0.9803495895791479,0.26880821432142854,0.1592219816498373,2.660446110283503,__MISSING__,__MISSING__,__MISSING__,0328_F2_T,True,14,26.0,glial_non_neuronal,astrocyte,True,False,False,False,False,1,0.9430021273716144,0.7271806248261716,0.7239090639689115,0.08581372538675591,False,True,True,True,True,False
2946331700000004996,oligodendrocyte_1,4,oligodendrocyte_progenitor_2,oligodendrocyte_progenitor_2,oligodendrocyte_progenitor_2,0.786869765470267,0.6052568196619256,0.6426688140542512,0.9490485458989825,0.8983731820418529,0.20351487041894073,0.6835452413357699,0.3876909317258302,0.7508131925842607,__MISSING__,__MISSING__,__MISSING__,0415_F2_C,True,21,44.0,glial_non_neuronal,oligodendrocyte_opc,True,True,True,True,False,3,-0.15888511436860803,0.02056903221389825,0.09435443060365176,0.04865103899243534,True,False,False,False,False,False
2787445900617100074,oligodendrocyte_progenitor_2,4,oligodendrocyte_2,oligodendrocyte_2,oligodendrocyte_2,0.6694635591899148,0.38486273162571893,0.8108151693366152,0.7725545371772039,0.5459637786140643,0.5421192765623514,0.570525461645403,0.1526499324062383,0.747027167759768,__MISSING__,__MISSING__,__MISSING__,0503_F3_C,True,13,29.0,glial_non_neuronal,oligodendrocyte_opc,True,True,True,True,False,3,0.2219483976532024,0.021514700399163512,0.03583317447896143,0.025533391434211385,True,False,False,False,False,False
2787889600485100060,oligodendrocyte_progenitor_2,1,oligodendrocyte_progenitor_2,oligodendrocyte_progenitor_2,astrocyte_1,0.6103157041514059,0.4523443156977345,1.291261969000274,0.8107069365016104,0.7063723576939672,0.6750576905428527,0.34615745984890445,0.05703480361056795,1.7541830477304552,__MISSING__,__MISSING__,__MISSING__,0503_M4_T,True,19,30.0,glial_non_neuronal,oligodendrocyte_opc,True,False,False,False,False,1,-0.5073804820399772,0.13144550749686496,0.23266576895838822,0.06591348567659659,False,True,True,True,True,False
2796212801009100118,MV_in_Gm26673,0,MV_in_Gm26673,MV_in_Gm26673,M_in_Tfap2b,0.9996131632914272,0.9992263323828545,0.0034264281458866535,0.999999171555502,0.999998343111004,1.2429745620744198e-05,0.5180891078377093,0.11875860833928253,1.0207377487902844,4,inhibitory,19,0613_F3_C,False,22,38.0,neuron,neuronal_or_other,True,False,False,False,False,1,-1.8819853872972685,0.3961035274160096,0.39641675937389703,0.0001895882737520721,False,True,True,True,True,False
2796212800232200076,MV_in_Sema5b,3,MV_in_Sema5b,MV_in_Sema5b,endothelial,0.9999999940999997,0.9999999939999997,1.4175252073536734e-07,1.0,1.0,-0.0,0.12245886292213597,0.02414057934558654,3.0077100684875466,4,inhibitory,15,0613_F4_S,False,10,10.0,neuron,neuronal_or_other,True,False,False,False,False,1,-2.17048331475635,0.7871965929932203,0.78719666849439,2.950000006277528e-09,False,True,True,True,True,False
2656143800027100303,DH_ex_Prkcg/Nts,1,DH_ex_Prkcg/Nts,DH_ex_Prkcg/Nts,DH_ex_Reln/Nmur2,0.7112517933004319,0.47274178216175755,0.7641269030756894,0.9110091470759167,0.8290012886386376,0.3295077609137696,0.5522964765391433,0.45962017376238934,1.7110280248689211,1,excitatory,8,0328_M3_C,False,15,29.0,neuron,neuronal_or_other,True,False,False,False,False,1,0.4343152706755999,0.6938514806199477,0.7702305921826281,0.051393896478079605,False,True,True,True,True,False
2796212800595100046,DH_ex_Reln/Nmur2,2,DH_ex_Reln/Nmur2,DH_ex_Reln/Nmur2,DH_ex_Grpr,0.9746294854294778,0.949258976658956,0.1182615675810676,0.9984227337670167,0.9968454675340335,0.011752641476617441,0.40588639405904053,0.29934535095740206,2.253766556069064,1,excitatory,3,0613_F4_T,False,20,40.0,neuron,neuronal_or_other,True,False,False,False,False,1,-1.2382947555957373,0.7241521097589655,0.7429297683021222,0.00924439749936595,False,True,True,True,True,False
2787889600444200175,MV_ex_Syt2,2,MV_ex_Syt2,MV_ex_Syt2,oligodendrocyte_progenitor_2,0.999999964850384,0.9999999504376185,7.138060891730122e-07,1.0,1.0,-0.0,0.48994303377439685,0.38187109417103243,1.8385327607056179,4,excitatory,14,0503_M4_L,False,31,83.0,neuron,neuronal_or_other,True,False,False,False,False,1,-1.084983637172184,0.8530698509833389,0.8530701940480676,1.7574808209786498e-08,False,True,True,True,True,False
2946331700000017243,oligodendrocyte_progenitor_2,4,oligodendrocyte_1,oligodendrocyte_1,oligodendrocyte_1,0.7700525732226726,0.6626696668335916,0.8612439198011671,0.8956149293683967,0.8069543462456178,0.39222424908676146,0.5125956082785025,0.3700231447484671,1.6741776963548498,__MISSING__,__MISSING__,__MISSING__,0415_F2_L,True,7,8.0,glial_non_neuronal,oligodendrocyte_opc,True,True,True,True,False,3,-0.1338383679851402,0.11616571330840116,0.1830898308849258,0.04764683401490454,True,False,False,False,False,False
2787445900659100212,endothelial,3,oligodendrocyte_1,oligodendrocyte_1,oligodendrocyte_1,0.6895831972225869,0.4710707985799788,0.9595257552033107,0.7382406316247511,0.489748743329387,0.6389604477260379,0.5780750453175073,0.38373362300522174,1.5283736487795025,__MISSING__,__MISSING__,__MISSING__,0503_F3_C,True,5,7.0,glial_non_neuronal,vascular,True,True,True,True,False,3,0.8803821835204179,0.06816690643343871,0.09948824624431382,0.028625287019648765,True,False,False,False,False,False
2707737900134100140,oligodendrocyte_1,2,oligodendrocyte_progenitor_2,oligodendrocyte_progenitor_2,oligodendrocyte_progenitor_2,0.45179840995036014,0.2205376500253727,1.493024912982477,0.5562117648408996,0.20072620545939818,0.959935560710955,0.2843990127465969,0.002780938924754839,2.1005096550917677,__MISSING__,__MISSING__,__MISSING__,0415_F1_T,True,20,33.0,glial_non_neuronal,oligodendrocyte_opc,True,True,True,True,False,3,0.746610287144231,0.1980949402357502,0.1826521571431419,0.0929656060423739,True,False,False,False,False,False
2795903600639100122,beta_motoneuron,1,alpha_motoneuron,alpha_motoneuron,oligodendrocyte_progenitor_2,0.761084912663251,0.6233722189895429,0.7126289257341036,0.8163199240607389,0.7187956650261191,0.603893415331549,0.4156113072289984,0.07572456660850935,1.4861916100429555,__MISSING__,__MISSING__,22,0613_M4_C,False,14,32.0,glial_non_neuronal,neuronal_or_other,True,False,False,False,False,1,-0.7815266330516093,0.30534602899398783,0.3150638714607151,0.005043446769070551,True,False,False,False,False,False
2795103300108100026,oligodendrocyte_1,1,oligodendrocyte_progenitor_2,oligodendrocyte_progenitor_2,oligodendrocyte_progenitor_2,0.5073459527368545,0.2739322861281188,1.2859134274178294,0.5494008789722418,0.2462571530001077,0.9994757685174879,0.38023501176188634,0.009082553848504593,1.5113960824558583,__MISSING__,__MISSING__,__MISSING__,0610_M4_C,True,9,17.0,glial_non_neuronal,oligodendrocyte_opc,True,True,True,True,False,3,0.5797670734975885,0.09062243802539302,0.08267772507544989,0.03965465486261417,True,False,False,False,False,False
2656143800215100289,DH_ex_Maf/Slc17a8,2,DH_ex_Maf/Cck,DH_ex_Maf/Cck,oligodendrocyte_2,0.8951887664513765,0.8207447272811539,0.41165787728072517,0.9812291097904484,0.9673863637169238,0.1053607194040572,0.5669095375189015,0.3477683564305484,1.5345094672909563,1,excitatory,10,0328_M3_T,False,6,7.0,neuron,neuronal_or_other,True,False,False,False,False,1,-0.8028032681621535,0.9468916252839976,0.9548945354994036,0.025346280893076976,True,False,False,False,False,False
2707604000101100111,DH_ex_Grp,0,DH_ex_Prkcg/Rxfp1,DH_ex_Grp,DH_ex_Reln/Nmur2,0.5171414806707509,0.07393800386299776,0.8296577164308229,0.7070981731275076,0.4161405943238187,0.6164176353387746,0.5106495337685224,0.38086361929335333,1.9291982932549727,1,excitatory,6,0415_M3_L,False,17,34.0,neuron,neuronal_or_other,False,False,False,False,True,1,1.7287793090551933,0.8157511789962109,0.8315408172414861,0.060307053018007095,False,False,True,False,True,False
2656144300187100061,MV_ex_Shox2,2,MV_ex_Shox2,MV_ex_Shox2,oligodendrocyte_1,0.9999999940999997,0.9999999939999997,1.4175252073536737e-07,1.0,1.0,-0.0,0.26082972548787864,0.09845536426763402,1.936872285000049,4,excitatory,18,0328_F2_L,False,14,22.0,neuron,neuronal_or_other,True,False,False,False,False,1,-1.9449820898580192,0.6609170074890338,0.6609170723344965,2.950000006277528e-09,False,True,True,True,True,False
2787889600346100131,meninges_2,2,meninges_3,meninges_3,meninges_1,0.5721238931860935,0.3356952706144802,1.0153051888574434,0.6084780350846664,0.35373725876026146,0.9287965325794122,0.40404205617785083,0.09830173213089771,1.1059184147734202,__MISSING__,__MISSING__,__MISSING__,0503_M4_C,True,7,153.0,glial_non_neuronal,meningeal,True,False,False,False,False,1,0.5265908703232193,0.06276100506659463,0.07934109014157148,0.005398767372089835,True,False,False,False,False,False
2726544200060200054,DH_in_Klhl14,0,DH_in_Cdh3,DH_in_Cdh3,MV_in_Chrna2,0.9814924195836098,0.9629848449672198,0.09217274279724003,0.9997914294938924,0.9995828589877849,0.0019762324765343962,0.7895064587120435,0.7450111815231519,1.0857118877238359,1,inhibitory,10,0422_M1_C,False,9,11.0,neuron,neuronal_or_other,True,False,False,False,False,1,0.0840289473814238,0.9917021677085639,0.9935677209023074,0.008592861411867821,True,False,False,False,False,False
2946331700000015941,endothelial,4,oligodendrocyte_1,oligodendrocyte_progenitor_2,oligodendrocyte_1,0.5795546136750478,0.2068362180545006,0.8990778679621525,0.5594815880104186,0.1411796589031613,0.7873705714989329,0.5138067842913582,0.22067931319456563,1.4256016650981251,__MISSING__,__MISSING__,__MISSING__,0415_F2_L,True,11,18.0,glial_non_neuronal,vascular,False,True,False,False,False,2,1.550520376779163,0.05315286330731855,0.10220751597752548,0.029817002612986657,True,False,False,False,False,False
2796212800882100339,DH_ex_Reln/Npff,1,DH_ex_Reln/Npff,DH_ex_Reln/Npff,DH_ex_Reln,0.9999999940999997,0.9999999939999997,1.4175252073536737e-07,1.0,1.0,-0.0,0.6013677003098943,0.3149774959609538,1.2271926892013594,1,excitatory,1,0613_F3_C,False,9,12.0,neuron,neuronal_or_other,True,False,False,False,False,1,-1.2879660470119372,0.9678304344020641,0.9678304989690172,2.950000006277527e-09,False,True,True,True,True,False
2787889600197100126,oligodendrocyte_2,1,oligodendrocyte_2,oligodendrocyte_precursor_cell,oligodendrocyte_progenitor_2,0.418595526294179,0.10234183377181322,1.5012166417435588,0.6531255115771831,0.3341733528235793,0.7628528148515853,0.3005031301970937,0.03500765144401646,1.6290719809897132,__MISSING__,__MISSING__,__MISSING__,0503_M5_T,True,15,19.0,glial_non_neuronal,oligodendrocyte_opc,False,False,False,False,True,1,0.7911468988558974,0.14655087406600012,0.34223051917371605,0.1347405226217069,False,False,True,True,False,False
2796212800920100202,astrocyte_1,1,astrocyte_1,astrocyte_1,MV_ex_Syt2,0.9218076426476934,0.8793936086969283,0.3874456246200604,0.9933612181863566,0.9897220134913967,0.04672156531270355,0.36077473048003184,0.037343807872700696,1.6978924525096448,__MISSING__,__MISSING__,__MISSING__,0613_F4_C,True,16,28.0,glial_non_neuronal,astrocyte,True,False,False,False,False,1,-1.894091352803505,0.7364660304002084,0.7631850390606636,0.029246598021898135,False,True,True,True,True,False
2787445900700100017,meninges_3,3,meninges_1,meninges_1,meninges_1,0.6561961775875419,0.4349071932834542,1.05722049322844,0.8287728894089136,0.67818724789867,0.5321236096193588,0.6319622226875299,0.3234842869335692,0.8438521136907834,__MISSING__,__MISSING__,__MISSING__,0503_F3_C,True,5,39.0,glial_non_neuronal,meningeal,True,True,True,True,False,3,0.3882956563908978,0.05814095503386372,0.03718786039853617,0.058577713833583525,True,False,False,False,False,False
2787889600362100073,MV_in_Sema5b,0,MV_in_Sema5b,MV_in_Sema5b,astrocyte_1,0.9999999940999997,0.9999999939999997,1.4175252073536734e-07,1.0,1.0,-0.0,0.2517078182643142,0.05459557421480013,2.3434775576375824,4,inhibitory,15,0503_M5_S,False,14,16.0,neuron,neuronal_or_other,True,False,False,False,False,1,-2.078070497381128,0.8251010076661686,0.8251010796129276,2.950000006277528e-09,False,True,True,True,True,False
2796212800109100145,oligodendrocyte_1,0,oligodendrocyte_progenitor_2,oligodendrocyte_progenitor_2,oligodendrocyte_progenitor_2,0.7545432786440105,0.5408440158479892,0.6848187432246056,0.6883700762581133,0.38809109142433634,0.6767363150401919,0.5236231382971765,0.09171909358219749,0.9279251573919803,__MISSING__,__MISSING__,__MISSING__,0613_F5_S,True,9,13.0,glial_non_neuronal,oligodendrocyte_opc,True,True,True,True,False,3,0.07114200864698417,0.05173896438114248,0.02887924523318378,0.01670111707622397,True,False,False,False,False,False
2787445900243100229,oligodendrocyte_1,3,oligodendrocyte_progenitor_2,oligodendrocyte_progenitor_2,oligodendrocyte_progenitor_2,0.7258051155581893,0.5718450041829317,0.8520028120620842,0.8645922985609447,0.7314944384102661,0.41020319351022755,0.7007125297961448,0.4195106584704778,0.7153573151931508,__MISSING__,__MISSING__,__MISSING__,0503_F5_C,True,9,20.0,glial_non_neuronal,oligodendrocyte_opc,True,True,True,True,False,3,0.3287075446635055,0.054887652510269086,0.03153758673194195,0.058303108260903395,True,False,False,False,False,False
2726544600456100096,oligodendrocyte_progenitor_1,0,oligodendrocyte_precursor_cell,oligodendrocyte_precursor_cell,oligodendrocyte_precursor_cell,0.8739244924912362,0.8181493473066569,0.5777763053974538,0.9847984193354908,0.9748251923390281,0.09583686912238096,0.31484599618105313,0.18707915501702077,2.700805687944268,__MISSING__,__MISSING__,__MISSING__,0422_F1_L,True,4,6.0,glial_non_neuronal,oligodendrocyte_opc,True,True,True,True,False,3,-1.3005174123080387,0.37316145270096196,0.44504719227143474,0.04162990172640819,True,False,False,False,False,False
2795584800386200020,astrocyte_1,2,oligodendrocyte_progenitor_2,oligodendrocyte_progenitor_2,oligodendrocyte_progenitor_2,0.8248413032833564,0.7045746532590106,0.6510355010126042,0.7048132721420676,0.4900431496072113,0.8009940320440697,0.5589507362395456,0.1685101883271211,0.8992704803193814,__MISSING__,__MISSING__,__MISSING__,0610_F4_L,True,10,28.0,glial_non_neuronal,astrocyte,True,True,True,True,False,3,-0.1913323942483971,0.08158501701619045,0.032429008866828694,0.03187051278357863,True,False,False,False,False,False
2796212800945100206,MV_in_Esrrb,1,MV_in_Esrrb,MV_in_Esrrb,MV_in_Gabra1,0.9999999940999997,0.9999999939999997,1.4175252073536734e-07,1.0,1.0,-0.0,0.3187686040422571,0.056409748551796535,1.5172473582847597,4,inhibitory,14,0613_F3_C,False,19,36.0,neuron,neuronal_or_other,True,False,False,False,False,1,-2.072565555994284,0.6681386821496096,0.668138737690271,2.950000006277528e-09,False,True,True,True,True,False
2946331700000000560,astrocyte_2,0,astrocyte_2,astrocyte_2,astrocyte_1,0.7546488250022653,0.570836317525821,0.8059042541975022,0.9992828859857706,0.9988096713338923,0.006853918503252414,0.6578929569459796,0.35029617894431264,0.8218837153876014,__MISSING__,__MISSING__,__MISSING__,0415_F2_C,True,9,10.0,glial_non_neuronal,astrocyte,True,False,False,False,False,1,-0.410076605857691,0.18348504452484457,0.481906745787773,0.13202714221085893,False,True,True,True,True,False
2656144900238100093,DH_ex_Grp,2,DH_ex_Prkcg/Rxfp1,DH_ex_Prkcg/Rxfp1,astrocyte_1,0.9181112439575891,0.8635236113279258,0.33548515234775284,0.9941033549995782,0.988417960662225,0.03705959003751058,0.2259468146902423,0.09127636117541449,2.8715825277015594,1,excitatory,6,0328_M2_C,False,8,10.0,neuron,neuronal_or_other,True,False,False,False,False,1,-1.6994368771847825,0.86283706782513,0.9016992200862183,0.03050431827526629,True,False,False,False,False,False
2795103300197100223,MV_ex_Syt2,0,MV_ex_Syt2,MV_ex_Syt2,DH_ex_Sox5,0.9999999940999997,0.9999999939999997,1.4175252073536734e-07,1.0,1.0,-0.0,0.19055397950185815,0.060398704020162786,2.787090047907723,4,excitatory,14,0610_M4_L,False,16,18.0,neuron,neuronal_or_other,True,False,False,False,False,1,-2.0604614458212542,0.7088133388906503,0.7088134124655683,2.950000006277528e-09,False,True,True,True,True,False
2656144300164100022,oligodendrocyte_progenitor_2,0,oligodendrocyte_progenitor_2,oligodendrocyte_progenitor_2,oligodendrocyte_1,0.6481541285139888,0.5340626773793042,1.3308497265728203,0.8823187598179724,0.7703048792644698,0.3911184335793076,0.5011924857594326,0.09643154963977812,1.1781989831301096,__MISSING__,__MISSING__,__MISSING__,0328_F2_L,True,15,31.0,glial_non_neuronal,oligodendrocyte_opc,True,False,False,False,False,1,-0.6610324821952791,0.17248195931026647,0.19834981541645635,0.11785200952650464,False,True,True,True,True,False
2796212800887200134,astrocyte_1,2,astrocyte_1,endothelial,endothelial,0.490015520794108,0.2706564581158308,1.3888746943621715,0.6096663886625759,0.29129127371643526,0.9200805187631972,0.29442040480263715,0.07909364891975662,2.500489148062663,__MISSING__,__MISSING__,__MISSING__,0613_F4_C,True,11,15.0,glial_non_neuronal,astrocyte,False,False,True,False,False,2,0.7086906754287212,0.28571171986103794,0.2586225385908679,0.16034149547770743,False,False,True,True,False,False
2796212800570100205,DH_ex_Prkcg/Rxfp1,0,DH_ex_Grp,DH_ex_Prkcg/Rxfp1,DH_ex_Reln/Nmur2,0.6323981595159505,0.27852475012677114,0.7162685824872435,0.5350723021759674,0.07294432573746523,0.7077894902903112,0.6403890476613038,0.5570718853020669,1.4994414063862522,1,excitatory,6,0613_F5_C,False,5,9.0,neuron,neuronal_or_other,False,False,False,False,True,1,2.5783569867620537,0.7342950785983353,0.744196752397082,0.02584799450875964,False,False,True,False,True,False
2726562800039100112,DM_ex_Zfhx3,2,DM_ex_Zfhx3,DM_ex_Zfhx3,visceral_motoneuron,0.9999999940999997,0.9999999939999997,1.4175252073536737e-07,1.0,1.0,-0.0,0.9767954534801273,0.9648245611223161,0.15257984233774075,2,excitatory,11,0422_M2_C,False,16,28.0,neuron,neuronal_or_other,True,False,False,False,False,1,0.6839337484888792,0.9531002546416187,0.9531003095235246,2.950000006277528e-09,False,True,True,True,True,False
2707604800059100134,MV_in_Gabra1,1,MV_in_Gabra1,MV_in_Gabra1,MV_in_Gm26673,0.9999999940999997,0.9999999939999997,1.4175252073536734e-07,1.0,1.0,-0.0,0.5361301212457602,0.35306743341210733,1.2804720807464742,4,inhibitory,16,0415_M1_L,False,44,122.0,neuron,neuronal_or_other,True,False,False,False,False,1,-1.1723857145041368,0.712507898053179,0.7125079486999111,2.950000006277528e-09,False,True,True,True,True,False
2656143800103100207,astrocyte_1,0,astrocyte_1,astrocyte_1,astrocyte_2,0.39257621039153245,0.11729181498938651,1.5642611333689074,0.7467556715909962,0.593044686024387,0.7810683120232339,0.789582841798615,0.718789180898017,0.8923946452883263,__MISSING__,__MISSING__,__MISSING__,0328_M3_C,True,4,6.0,glial_non_neuronal,astrocyte,True,False,False,False,False,1,2.3254460063074798,0.533955058193334,0.6684196234298241,0.16726344144636146,False,True,True,True,True,False
2787889600231100307,MV_in_Esrrb,4,MV_in_Esrrb,MV_in_Esrrb,DM_ex_Zfhx3,0.9999999940999997,0.9999999939999997,1.4175252073536734e-07,1.0,1.0,-0.0,0.20677767879820588,0.08363796601260835,2.7309486139182226,4,inhibitory,14,0503_M5_T,False,8,11.0,neuron,neuronal_or_other,True,False,False,False,False,1,-1.9899440911585622,0.8543903836439298,0.8543904567698157,2.950000006277528e-09,False,True,True,True,True,False
2946331700000022140,DH_ex_Prkcg/Cck,4,DH_ex_Prkcg/Nts,DH_ex_Prkcg/Nts,DH_ex_Sox5,0.8731898656768186,0.8046886466123524,0.48281021108668726,0.6520084829779923,0.3178637424642272,0.7104639213646633,0.3123671353147275,0.14752263542265287,2.1024056235724293,1,excitatory,8,0415_F2_L,False,20,31.0,neuron,neuronal_or_other,True,False,False,False,False,1,-0.09251644419992489,0.5543110474207809,0.521375572752991,0.09142066620656515,True,False,False,False,False,False
2795103300165100044,oligodendrocyte_progenitor_2,3,oligodendrocyte_2,oligodendrocyte_2,oligodendrocyte_2,0.45264595108486516,0.055274007400693825,1.173727002880409,0.6296998407752173,0.26323733131442095,0.6819989467225775,0.4815370546134491,0.15873759895423478,1.0902052026962408,__MISSING__,__MISSING__,__MISSING__,0610_M4_L,True,5,13.0,glial_non_neuronal,oligodendrocyte_opc,True,True,True,True,False,3,1.391655214390589,0.025594529461113156,0.0943254434565556,0.07570003476213716,True,False,False,False,False,False
2795584800400100374,MV_in_Sema5b,0,MV_in_Sema5b,MV_in_Sema5b,DH_ex_Cpne4,0.9999999940999997,0.9999999939999997,1.4175252073536734e-07,1.0,1.0,-0.0,0.5114700231627856,0.4293614970923141,2.182003181665806,4,inhibitory,15,0610_F4_C,False,9,11.0,neuron,neuronal_or_other,True,False,False,False,False,1,-0.9408785543824403,0.7903485166057604,0.7903485909564433,2.950000006277528e-09,False,True,True,True,True,False
2787445900206100256,astrocyte_1,2,endothelial,endothelial,endothelial,0.7560846872823831,0.6653332901973273,0.9852696087202131,0.7669863755262302,0.5984337071002007,0.752939246175785,0.6430749139028912,0.4962091561926998,1.3148030161499702,__MISSING__,__MISSING__,__MISSING__,0503_F5_C,True,9,9.0,glial_non_neuronal,astrocyte,True,True,True,True,False,3,0.6581625517676516,0.02981591673450164,0.04445539808213925,0.03451718037913506,True,False,False,False,False,False
2787445900549100176,DH_in_Cdh3,1,DH_in_Cdh3,DH_in_Cdh3,MV_ex_Syt2,0.98115943489044,0.963253263945467,0.09727628971513831,0.9992538847019525,0.9985077694039051,0.006118337392755517,0.5766032758731628,0.26915294664289974,1.211997712835827,1,inhibitory,10,0503_F3_C,False,24,43.0,neuron,neuronal_or_other,True,False,False,False,False,1,-1.3582648436639575,0.9687736788762249,0.9707966271081657,0.007593262623676627,False,True,True,True,True,False
2656144900422100060,M_ex_Vsx2,3,M_ex_Vsx2,M_ex_Vsx2,MV_in_Sema5b,0.9876217546599982,0.9752435151199965,0.06666439119427137,0.999999679137034,0.999999358274068,5.118486744376794e-06,0.3450128526545993,0.10431132414519556,1.903654992331719,3,excitatory,20,0328_M2_T,False,15,23.0,neuron,neuronal_or_other,True,False,False,False,False,1,-1.882888551913769,0.8558194040905742,0.8554640171742246,0.0062144096039819215,False,True,True,True,True,False
2787889600388100134,astrocyte_1,0,astrocyte_1,astrocyte_1,astrocyte_2,0.9171284004355713,0.8855508441298086,0.41836385851722324,0.9999223026088193,0.9998717854288509,0.0009109271494220373,0.5374921844098907,0.08581128991339831,0.7650341504239053,__MISSING__,__MISSING__,__MISSING__,0503_M4_C,True,8,8.0,glial_non_neuronal,astrocyte,True,False,False,False,False,1,-1.778190169063896,0.273809505763188,0.35042510337945704,0.04239408510546064,False,True,True,True,True,False
2795903600194100112,MV_in_Chrna2,3,MV_in_Chrna2,MV_in_Chrna2,oligodendrocyte_1,0.810812080346158,0.6216241664923163,0.48504342470535133,0.9764352837542419,0.9528705675084839,0.1116055300141098,0.458183370341364,0.2527108904714756,1.7726530832564504,4,inhibitory,19,0613_M5_L,False,14,19.0,neuron,neuronal_or_other,True,False,False,False,False,1,-0.7059387213765729,0.7823096166314174,0.7837713251240956,0.05849698991775163,False,True,True,True,True,False
2707604700342100085,MV_in_Sema5b,0,MV_in_Sema5b,MV_in_Sema5b,DH_ex_Maf/Cck,0.9998283426236492,0.9996715652453294,0.0017184273036323554,1.0,1.0,-0.0,0.4075200578446868,0.18243197894252508,1.922822283538327,4,inhibitory,15,0415_M2_C,False,22,31.0,neuron,neuronal_or_other,True,False,False,False,False,1,-1.689574947037309,0.713858764069057,0.7144937976228318,8.583400248397432e-05,False,True,True,True,True,False
2795103300063100196,DH_in_Npy,4,DH_in_Npy,DH_in_Npy,DH_in_Cdh3,0.9990575903841086,0.9981151865682174,0.007507898622195299,0.9999891617762834,0.9999783235525668,0.00013474541454546653,0.2396000491600358,0.01209731938258321,2.531751905195262,1,inhibitory,4,0610_M4_S,False,6,8.0,neuron,neuronal_or_other,True,False,False,False,False,1,-2.203609955233531,0.5712129404536413,0.575435247824801,0.00043400687912123053,False,True,True,True,True,False
2795903600668100127,endothelial,2,astrocyte_1,astrocyte_1,astrocyte_2,0.5558452819042368,0.32278515975547023,1.3775896883020176,0.7792080438018651,0.5919938226340581,0.6642416494856687,0.45206581221224895,0.287321288559361,1.9926268013130446,__MISSING__,__MISSING__,__MISSING__,0613_M4_C,True,7,7.0,glial_non_neuronal,vascular,True,False,False,False,False,1,0.6503768204218429,0.3579021478788466,0.480690933080994,0.08586481118525005,True,False,False,False,False,False
2795903600353100318,endothelial,4,oligodendrocyte_1,oligodendrocyte_progenitor_2,MV_in_Chrna2,0.5623110255761785,0.298891622844879,1.144993917464683,0.6624990268385125,0.39754384712735713,0.8845726834876739,0.7456371261079698,0.6955161185204136,1.1420134432351257,__MISSING__,__MISSING__,__MISSING__,0613_M5_T,True,8,11.0,glial_non_neuronal,vascular,False,False,False,False,True,1,2.3177263941134285,0.7825531111657542,0.8104828427434354,0.12373679353130634,True,False,False,False,False,False
2787445900400100117,MV_in_Esrrb,2,MV_in_Esrrb,MV_in_Esrrb,MV_in_Gm26673,0.9999911714863244,0.9999832057998923,0.000115107953517706,1.0,1.0,-0.0,0.6583568239970334,0.4947580548852725,0.9796245394394054,4,inhibitory,14,0503_F4_C,False,32,108.0,neuron,neuronal_or_other,True,False,False,False,False,1,-0.7424087940200832,0.6782915106140691,0.678328348231078,4.414270893749763e-06,False,True,True,True,True,False
2707604700224100044,oligodendrocyte_progenitor_2,1,oligodendrocyte_progenitor_2,oligodendrocyte_progenitor_2,astrocyte_1,0.8062511309831212,0.6987183681649338,0.779547384576484,0.9566697581402783,0.9198959304157229,0.20343860748230766,0.6107623503734697,0.3267331049965702,1.1381455351934378,__MISSING__,__MISSING__,__MISSING__,0415_M2_T,True,13,14.0,glial_non_neuronal,oligodendrocyte_opc,True,False,False,False,False,1,-0.5539035150240386,0.25705358197304884,0.4016183139813748,0.04851617979684106,False,True,True,True,True,False
2787889600581100022,DH_in_Cdh3,0,DH_in_Cdh3,DH_in_Cdh3,DM_ex_Zfhx3,0.7974563463713555,0.5949126985427113,0.503908650864643,0.8631369494105289,0.7262738988210578,0.3992278880815056,0.14952081853012306,0.030361076265138398,2.835884688816989,1,inhibitory,10,0503_M4_S,False,10,16.0,neuron,neuronal_or_other,True,False,False,False,False,1,-0.8830679522907701,0.8012546291309093,0.8018173828869568,0.005550516888897551,False,True,True,True,True,False
2726544600029100174,endothelial,4,oligodendrocyte_1,oligodendrocyte_1,astrocyte_1,0.43119053184424333,0.1914933853396601,1.5544129938706397,0.7130675911436867,0.5925591115977276,0.9478519338145823,0.4036727630367595,0.15712078954453762,1.8427313120603854,__MISSING__,__MISSING__,__MISSING__,0422_F1_C,True,12,17.0,glial_non_neuronal,vascular,True,False,False,False,False,1,0.4892326573035298,0.1002122954794414,0.2538911609170147,0.08795609363157303,True,False,False,False,False,False
2796212801016100049,meninges_1,2,meninges_3,meninges_3,meninges_3,0.6663144016628383,0.48894042168284274,0.8891501948383638,0.7023782364682013,0.419461011289648,0.6722493253453681,0.3904034765423098,0.052071507989990606,1.098175817452082,__MISSING__,__MISSING__,__MISSING__,0613_F4_C,True,2,151.0,glial_non_neuronal,meningeal,True,True,True,True,False,3,-0.018501738454881234,0.05980993698992793,0.16723227625554352,0.05886336716126144,True,False,False,False,False,False
2795903600113100201,M_ex_Vsx2,2,M_ex_Vsx2,M_ex_Vsx2,astrocyte_1,0.9395580952037689,0.8791161962075379,0.22818183498703118,0.9999984453239076,0.9999968906478152,2.2347291250510913e-05,0.21650817603909783,0.0183893501000221,2.7025954280042566,3,excitatory,20,0613_M5_L,False,5,7.0,neuron,neuronal_or_other,True,False,False,False,False,1,-1.971503702658439,0.7751511129772856,0.7713091682652952,0.03088817337744876,False,True,True,True,True,False
2946331700000003185,MV_in_Gabra1,4,MV_in_Gabra1,MV_in_Gabra1,astrocyte_1,0.9999999940999997,0.9999999939999997,1.4175252073536734e-07,1.0,1.0,-0.0,0.7036511618204414,0.5369830976978686,1.090941678821439,4,inhibitory,16,0415_F2_C,False,17,23.0,neuron,neuronal_or_other,True,False,False,False,False,1,-0.6143109300863028,0.6548555217359,0.6548555842532398,2.950000006277528e-09,False,True,True,True,True,False
2787889600617100209,oligodendrocyte_progenitor_2,2,oligodendrocyte_progenitor_2,oligodendrocyte_progenitor_2,oligodendrocyte_2,0.4255763087111902,0.1270338789850562,1.4494947011282886,0.5398958575684747,0.3580161233182586,1.233018460974806,0.35384167829049895,0.025071187601669986,1.6823214494929761,__MISSING__,__MISSING__,__MISSING__,0503_M4_S,True,7,13.0,glial_non_neuronal,oligodendrocyte_opc,True,False,False,False,False,1,0.6694651397247912,0.18257992825387184,0.25346836271377976,0.04487991789570629,False,True,True,True,True,False
2795584800419100209,MV_in_Esrrb,3,MV_in_Esrrb,MV_in_Esrrb,MV_in_Gabra1,0.9999999940999997,0.9999999939999997,1.4175252073536734e-07,1.0,1.0,-0.0,0.480204745640726,0.2554587209707116,1.3064257432703275,4,inhibitory,14,0610_F4_L,False,11,32.0,neuron,neuronal_or_other,True,False,False,False,False,1,-1.4685701714647807,0.5788813172698962,0.5788813725486767,2.950000006277528e-09,False,True,True,True,True,False
2945606900000004564,DM_ex_Zfhx3,3,DM_ex_Zfhx3,DM_ex_Zfhx3,DH_ex_Maf/Cck,0.9999999940999997,0.9999999939999997,1.4175252073536737e-07,1.0,1.0,-0.0,0.17156177086340155,0.049779295681494085,3.060660841173858,2,excitatory,11,0328_F1_C,False,6,10.0,neuron,neuronal_or_other,True,False,False,False,False,1,-2.0926850415778353,0.7220435771245233,0.7220436512599556,2.950000006277528e-09,False,True,True,True,True,False
2787445900821100034,DH_ex_Reln,3,DH_ex_Reln,DH_ex_Prkcg/Rxfp1,DH_ex_Nmu/Tac2,0.5396073875697589,0.12038336284217643,0.8370786267616638,0.8101847043047334,0.6211702555558762,0.4911333265591037,0.5019355748762405,0.23447163931979786,1.5072327466635778,1,excitatory,6,0503_F3_S,False,24,39.0,neuron,neuronal_or_other,False,False,False,False,True,1,0.7944715947244125,0.5450539621279759,0.6980572834531201,0.12722144484549391,False,False,True,True,False,False
2796212800462100157,astrocyte_1,3,endothelial,endothelial,MV_in_Chrna2,0.7218099221369243,0.6601446691537259,1.1525342643709322,0.9185924699962135,0.8788117732300322,0.3914224774341682,0.7278130368250825,0.6359904074347784,1.2721893477135489,__MISSING__,__MISSING__,__MISSING__,0613_F4_L,True,14,18.0,glial_non_neuronal,astrocyte,True,False,False,False,False,1,0.5351128465772387,0.6464210868881362,0.7023414332260932,0.07472460763845154,True,False,False,False,False,False
2796212800362100078,oligodendrocyte_progenitor_2,0,astrocyte_1,astrocyte_1,astrocyte_2,0.7996315994105814,0.6660732734259993,0.7451990770959834,0.9858009490479159,0.9744418391457159,0.08598025561416706,0.7157609270620566,0.47334105524253833,0.8094992021711988,__MISSING__,__MISSING__,__MISSING__,0613_F4_L,True,9,10.0,glial_non_neuronal,oligodendrocyte_opc,True,False,False,False,False,1,-0.1588514486465828,0.2777587243002482,0.5397921973802582,0.0883271838673883,True,False,False,False,False,False
2787445900681100170,DH_ex_Maf/Cck,2,DH_ex_Maf/Cck,DH_ex_Maf/Cck,cholinergic_interneuron,0.7619599083204451,0.541398720156573,0.6233629429471617,0.9890403103838491,0.9803471612926711,0.06712081849252556,0.37834278776206937,0.14227651120594723,1.9355068859738351,1,excitatory,10,0503_F3_L,False,18,21.0,neuron,neuronal_or_other,True,False,False,False,False,1,-0.9519447004809266,0.9660539691025899,0.9672465265451126,0.12033619922915388,False,True,True,True,True,False
2795103300367100017,MV_in_Sema5b,3,MV_in_Sema5b,MV_in_Sema5b,oligodendrocyte_precursor_cell,0.9999999940999997,0.9999999939999997,1.4175252073536734e-07,1.0,1.0,-0.0,0.6372040482889954,0.5351819607191668,1.6282175776668895,4,inhibitory,15,0610_M5_T,False,10,11.0,neuron,neuronal_or_other,True,False,False,False,False,1,-0.619776310835678,0.7547922584211773,0.7547923294645718,2.950000006277528e-09,False,True,True,True,True,False
2795584800638200099,alpha_motoneuron,1,alpha_motoneuron,alpha_motoneuron,oligodendrocyte_progenitor_2,0.9101543193720754,0.8424740091980918,0.3523762851075112,0.9870525079972354,0.9741571608598252,0.0694837553163123,0.6012026807252626,0.25555119951341976,0.9575930866304457,__MISSING__,__MISSING__,22,0610_F5_L,False,9,14.0,glial_non_neuronal,neuronal_or_other,True,False,False,False,False,1,-1.1349693286681526,0.43296796346740546,0.4354790300159009,0.02669692041915698,False,True,True,True,True,False
2946331700000017329,oligodendrocyte_1,3,oligodendrocyte_1,oligodendrocyte_1,oligodendrocyte_progenitor_2,0.34436642347343943,0.013096941140495588,1.4739587144181407,0.62642057347891,0.3603212754451212,1.00452625547723,0.369035563951539,0.03682301146448308,1.830508232860149,__MISSING__,__MISSING__,__MISSING__,0415_F2_L,True,12,14.0,glial_non_neuronal,oligodendrocyte_opc,True,False,False,False,False,1,0.9045373496396648,0.07863599382350056,0.10537287735275043,0.121432332257367,False,True,True,True,True,False
2796212800631100018,oligodendrocyte_precursor_cell,2,oligodendrocyte_precursor_cell,astrocyte_1,MV_ex_Shox2,0.3190312514715011,0.13502458220734664,1.7514932740005802,0.26218059660561016,0.03151653950170502,1.6681156966539736,0.5221177372461551,0.4575721484530385,2.1009044853904437,__MISSING__,__MISSING__,__MISSING__,0613_F5_C,True,9,9.0,glial_non_neuronal,oligodendrocyte_opc,False,False,False,False,True,1,2.6155763011202358,0.6316907944320209,0.625328419639736,0.05045910260874334,False,False,True,True,False,False
2707604700067100218,MV_ex_Syt2,3,MV_ex_Syt2,MV_ex_Syt2,oligodendrocyte_precursor_cell,0.9999999940999997,0.9999999939999997,1.4175252073536734e-07,1.0,1.0,-0.0,0.21594981727749668,0.09890919575903508,2.8625701439884255,4,excitatory,14,0415_M3_S,False,7,8.0,neuron,neuronal_or_other,True,False,False,False,False,1,-1.9436049808841356,0.9776561528294472,0.9776562282433806,2.950000006277528e-09,False,True,True,True,True,False
2707604700272100141,oligodendrocyte_progenitor_2,1,oligodendrocyte_progenitor_2,oligodendrocyte_progenitor_2,DM_ex_Zfhx3,0.8823088454334578,0.8503555083269646,0.5907598581990711,0.9975938895770278,0.9955650004448608,0.018532925966136454,0.5704429884569658,0.46211323949846017,1.802863641540718,__MISSING__,__MISSING__,__MISSING__,0415_M2_T,True,22,40.0,glial_non_neuronal,oligodendrocyte_opc,True,False,False,False,False,1,-0.564777051057999,0.6732655369594758,0.7369611573425271,0.05546186516293142,False,True,True,True,True,False
2707604000155100045,DH_in_Npy,2,DH_in_Npy,DH_in_Npy,DH_in_Cdh3,0.996718053471802,0.9938792271545486,0.023351578899804805,0.9999441482851636,0.9998882965703273,0.0006027954050193427,0.4834234742980746,0.33431713525004936,1.8533692463081801,1,inhibitory,4,0415_M3_T,False,38,86.0,neuron,neuronal_or_other,True,False,False,False,False,1,-1.2181016722978169,0.6669182479478966,0.6797028950316247,0.0014718257343289815,False,True,True,True,True,False
2796212800553100258,DH_ex_Maf/Cck,4,DH_ex_Maf/Cck,DH_ex_Rreb1,astrocyte_1,0.5314465785328293,0.14767447840431158,0.943313326543482,0.6844839526519345,0.42971825024573823,0.8011442966027242,0.3238550542431465,0.15859488388656873,2.344807586661794,1,excitatory,10,0613_F3_L,False,3,3.0,neuron,neuronal_or_other,False,False,False,False,True,1,0.8953623874385737,0.9414195093401139,0.9436853487774597,0.06827895673766864,False,False,True,True,False,False
2707604700249100037,MV_in_Sema5b,0,MV_in_Sema5b,MV_in_Sema5b,DH_in_Cdh3,0.9999999940999997,0.9999999939999997,1.4175252073536734e-07,1.0,1.0,-0.0,0.15022243329727653,0.018576540921871276,2.716560417805537,4,inhibitory,15,0415_M2_T,False,18,23.0,neuron,neuronal_or_other,True,False,False,False,False,1,-2.1873668660072254,0.8828947822651729,0.8828948533489487,2.950000006277528e-09,False,True,True,True,True,False
2707604800384100151,DH_ex_Rreb1,1,DH_ex_Maf/Cck,DH_ex_Maf/Cck,DH_ex_Maf/Cck,0.9788096623473084,0.9687561326657259,0.1246473786828485,0.9990105488207707,0.9984317275414774,0.008788431733405995,0.2715663051804667,0.07986708797202796,2.36352155506384,1,excitatory,10,0415_M1_C,False,15,19.0,neuron,neuronal_or_other,True,True,True,True,False,3,-1.94233614328769,0.4958654005215412,0.5207381707088713,0.008494607134539707,True,False,False,False,False,False
2787889600481100192,oligodendrocyte_1,3,oligodendrocyte_progenitor_2,oligodendrocyte_progenitor_2,oligodendrocyte_progenitor_2,0.8907346909587198,0.817521277917471,0.48713155134361397,0.9475249621937912,0.8961638274568922,0.21255002414408386,0.47772255839274874,0.04480222120422389,1.1379980011597324,__MISSING__,__MISSING__,__MISSING__,0503_M4_L,True,19,48.0,glial_non_neuronal,oligodendrocyte_opc,True,True,True,True,False,3,-1.574992442306647,0.1875192193505113,0.2226340551609908,0.018094097593038035,True,False,False,False,False,False
2795103300155100193,DH_in_Kcnip2,3,DH_in_Kcnip2,DH_in_Kcnip2,oligodendrocyte_1,0.662981574736358,0.32596315527271635,0.639038113471811,0.8350969107041869,0.6701938214083738,0.44771161207489857,0.2652381712282578,0.08602863001481123,2.362950606461362,1,inhibitory,9,0610_M4_T,False,5,9.0,neuron,neuronal_or_other,True,False,False,False,False,1,-0.12132732093205323,0.9472520695971386,0.9464074735635809,0.028873218351407104,False,True,True,True,True,False
2795103300121100090,astrocyte_1,1,astrocyte_1,astrocyte_1,astrocyte_2,0.6629131187516857,0.5209879467604424,1.2393405314611463,0.6952765778513128,0.5105346567284856,0.8832701595037626,0.8014322370635255,0.6841238469098592,0.7473090769485693,__MISSING__,__MISSING__,__MISSING__,0610_M4_T,True,11,21.0,glial_non_neuronal,astrocyte,True,False,False,False,False,1,1.6612628873987105,0.5111741523913125,0.6015025816692695,0.0647519437323507,False,True,True,True,True,False
2787445900322100059,endothelial,4,oligodendrocyte_progenitor_2,oligodendrocyte_progenitor_2,oligodendrocyte_progenitor_2,0.6830377981058158,0.5572596840072608,1.115741038419065,0.819201266422163,0.7002665564271504,0.6535217012580278,0.5291805434083816,0.2975321368859562,1.3819113806995644,__MISSING__,__MISSING__,__MISSING__,0503_F4_C,True,33,83.0,glial_non_neuronal,vascular,True,True,True,True,False,3,0.046668967595218436,0.11558653514789476,0.13574026962913507,0.06544953615130078,True,False,False,False,False,False
2726543700195100105,oligodendrocyte_1,2,oligodendrocyte_1,oligodendrocyte_1,MV_in_Sema5b,0.6494364965572719,0.5057723370461649,1.1140450392037902,0.7398201095048919,0.526113113892929,0.7150342226426389,0.20003768833966806,0.01939115446510406,2.330588888440454,__MISSING__,__MISSING__,__MISSING__,0422_M3_C,True,7,12.0,glial_non_neuronal,oligodendrocyte_opc,True,False,False,False,False,1,-0.35948459200394445,0.3958256636809638,0.4667495320979155,0.08020423284863415,False,True,True,True,True,False
2656144900583100141,oligodendrocyte_progenitor_2,4,oligodendrocyte_1,oligodendrocyte_1,oligodendrocyte_1,0.8053378983817459,0.7277536784293351,0.781564552620211,0.9829571065027618,0.9663258429767151,0.08862800663451117,0.6251659183940548,0.4163764472500633,1.3099213362590947,__MISSING__,__MISSING__,__MISSING__,0328_M2_L,True,5,14.0,glial_non_neuronal,oligodendrocyte_opc,True,True,True,True,False,3,-0.42602649543050547,0.08337109048941033,0.1802662214721078,0.08057754136806784,True,False,False,False,False,False
2707737900095200015,meninges_2,0,meninges_2,meninges_2,endothelial,0.6764537041862941,0.45262888070743734,1.0007829055657615,0.9448861501974072,0.8933301308750957,0.22688583361404946,0.6785243110283519,0.44028921642994623,0.8974186361070348,__MISSING__,__MISSING__,__MISSING__,0415_F1_L,True,11,18.0,glial_non_neuronal,meningeal,True,False,False,False,False,1,0.28398715380708245,0.4229695676671813,0.7256514729794572,0.1025531389582789,False,True,True,True,True,False
2796212800585100061,MV_ex_Shox2,3,MV_ex_Shox2,MV_ex_Shox2,M_ex_Vsx2/Shox2,0.9999999940999997,0.9999999939999997,1.4175252073536737e-07,1.0,1.0,-0.0,0.6792577852143462,0.41807656896036,0.856901451084552,4,excitatory,18,0613_F3_L,False,12,30.0,neuron,neuronal_or_other,True,False,False,False,False,1,-0.9751216073538593,0.5359556624940207,0.535955719447218,2.950000006277528e-09,False,True,True,True,True,False
2796212800249100014,oligodendrocyte_progenitor_1,4,oligodendrocyte_precursor_cell,oligodendrocyte_precursor_cell,oligodendrocyte_precursor_cell,0.9283875397592848,0.9073802529991555,0.39105179077685925,0.9923704457397363,0.985112953437299,0.046740072461761796,0.85551074374058,0.7309674018175043,0.5233513736614009,__MISSING__,__MISSING__,__MISSING__,0613_F5_T,True,7,11.0,glial_non_neuronal,oligodendrocyte_opc,True,True,True,True,False,3,0.16968617877921982,0.05519082749183019,0.058346259753568004,0.028924744860364192,True,False,False,False,False,False
2707604700316100053,pericyte,1,astrocyte_1,astrocyte_1,astrocyte_1,0.5515037612137863,0.4187064807382815,1.4334095071416095,0.8765875374777132,0.7691397532200045,0.4391147674229147,0.6736811830080415,0.4742694049802946,1.1228534771627303,__MISSING__,__MISSING__,__MISSING__,0415_M2_C,True,9,13.0,glial_non_neuronal,vascular,True,True,True,True,False,3,0.6943221164427055,0.09109653525313877,0.06011026561754332,0.15688048256496095,True,False,False,False,False,False
2787889600056100092,MV_ex_Syt2,0,MV_ex_Syt2,MV_ex_Syt2,MV_in_Gm26673,0.9999999216559198,0.9999998626274688,1.453059796073244e-06,1.0,1.0,-0.0,0.6683927592388672,0.3846178742496003,0.857951934655216,4,excitatory,14,0503_M5_C,False,36,64.0,neuron,neuronal_or_other,True,False,False,False,False,1,-1.0766486341707608,0.5108330651938477,0.510833554644994,3.917204123044673e-08,False,True,True,True,True,False
2787889600545100073,astrocyte_1,1,astrocyte_1,astrocyte_1,astrocyte_2,0.8844164500397778,0.8260754634424712,0.5140932139777384,0.9787505488404059,0.9657099382891663,0.12659632556287792,0.572760335488972,0.24682143337933354,1.177126100049942,__MISSING__,__MISSING__,__MISSING__,0503_M4_S,True,6,7.0,glial_non_neuronal,astrocyte,True,False,False,False,False,1,-1.1153337691030887,0.35400333618982116,0.40782755272747845,0.03418521973398329,False,True,True,True,True,False
2787889600280100049,DH_ex_Prkcg/Nts,0,DH_ex_Tac2,DH_ex_Tac2,DH_ex_Prkcg/Rxfp1,0.524208782472341,0.2613599105866427,1.0705931019404347,0.9460841522625674,0.9023232957268459,0.23752846383694998,0.3634559234354979,0.1452470444046261,1.7585377369406574,1,excitatory,8,0503_M4_C,False,21,59.0,neuron,neuronal_or_other,True,False,False,False,False,1,-0.28670062651038986,0.2921235286180951,0.5135601903336378,0.18875039085487488,True,False,False,False,False,False
2946331700000008179,DH_in_Pdyn/Gal,2,DH_in_Pdyn/Gal,DH_in_Pdyn/Gal,DH_ex_Reln/Npff,0.9999999940999997,0.9999999939999997,1.4175252073536737e-07,1.0,1.0,-0.0,0.17430923713079463,0.0016908672927669621,2.2597475353647045,1,inhibitory,5,0415_F2_C,False,23,49.0,neuron,neuronal_or_other,True,False,False,False,False,1,-2.2386048543912405,0.6465680341136643,0.6465681017557648,2.950000006277528e-09,False,True,True,True,True,False
2656144900404100023,DH_ex_Prkcg/Cck,0,DH_ex_Prkcg/Nts,DH_ex_Prkcg/Nts,DH_ex_Prkcg/Nts,0.8573255347231062,0.7474508660205696,0.5088691687840747,0.9195842709803623,0.8420173539094732,0.29365412746003855,0.4230829167857194,0.266799761958026,1.9014471298485445,1,excitatory,8,0328_M1_T,False,10,15.0,neuron,neuronal_or_other,True,True,True,True,False,3,-0.6684413127033813,0.25919705597930703,0.28998645429486886,0.013589288074118803,True,False,False,False,False,False
2787445900284100090,DH_ex_Prkcg/Nts,0,DH_ex_Prkcg/Nts,DH_ex_Prkcg/Nts,astrocyte_1,0.5993470459970156,0.22326661036491763,0.7772126574269905,0.5138472466250564,0.028941974779096158,0.7021912699483303,0.14477623513774202,0.041531645270863435,3.1268906132052545,1,excitatory,8,0503_F4_C,False,4,4.0,neuron,neuronal_or_other,True,False,False,False,False,1,1.2002658785311904,0.6203563793276861,0.6348729104480727,0.01667720529506061,False,True,True,True,True,False
2787889600325100080,DH_in_Npy2r,3,DH_in_Npy2r,DH_in_Npy2r,DH_in_Cdh3,0.9846931334494902,0.9693862726989806,0.07916357014121707,0.995582735922337,0.9911654718446741,0.02835893640240056,0.4249094067426217,0.009715734326662895,1.3373103802587336,1,inhibitory,9,0503_M5_S,False,16,24.0,neuron,neuronal_or_other,True,False,False,False,False,1,-2.141909993673889,0.3728242109734386,0.37653657488771414,0.002316315629337147,False,True,True,True,True,False
2946331700000012393,astrocyte_1,4,astrocyte_1,astrocyte_1,astrocyte_2,0.6660118487903357,0.4460589581433943,0.9583789161717957,0.9595271415553761,0.9299833560225438,0.20371452002076548,0.47535076854332686,0.11244347047468184,1.3576365077630206,__MISSING__,__MISSING__,__MISSING__,0415_F2_T,True,4,6.0,glial_non_neuronal,astrocyte,True,False,False,False,False,1,-0.7718164678452719,0.20883179053799072,0.3775520190981761,0.12845200223474654,False,True,True,True,True,False
2787445900323100159,DM_ex_Zfhx3,3,DM_ex_Zfhx3,DM_ex_Zfhx3,MV_ex_Syt2,0.9999989866841944,0.9999982946187154,1.5972902982129288e-05,1.0,1.0,-0.0,0.842029831512092,0.7472705513679763,0.670681145140995,2,excitatory,11,0503_F4_C,False,66,197.0,neuron,neuronal_or_other,True,False,False,False,False,1,0.023789611220767393,0.7674265549264708,0.7674334302993635,5.066580879928173e-07,False,True,True,True,True,False
2795584800101100165,alpha_motoneuron,4,alpha_motoneuron,alpha_motoneuron,oligodendrocyte_1,0.7930289739014034,0.6646546990936314,0.6473323112966982,0.9948032496590975,0.9905775002972176,0.035019542157861794,0.4344940240750117,0.12707856601540896,1.5137303995753015,__MISSING__,__MISSING__,22,0610_F3_S,False,13,20.0,glial_non_neuronal,neuronal_or_other,True,False,False,False,False,1,-1.2390385873774794,0.6788972668486267,0.6822785818350315,0.09815137111124948,False,True,True,True,True,False
2946331700000015889,MV_in_Gm26673,0,MV_in_Gm26673,MV_in_Gm26673,endothelial,0.9804238463771402,0.9608476985542805,0.09638508102886535,0.9999261893541614,0.9998523787083229,0.0007760429660690802,0.3088674823027268,0.1569676542869774,2.0382310925522846,4,inhibitory,19,0415_F2_L,False,7,18.0,neuron,neuronal_or_other,True,False,False,False,False,1,-1.697042513711257,0.7294067531176014,0.7322634510697,0.009543783350919178,False,True,True,True,True,False
2795103300234100140,DH_ex_Sox5,0,DH_ex_Sox5,DH_ex_Sox5,DH_ex_Prkcg/Nts,0.9916884371633625,0.9833768801267253,0.04809031775383703,0.9999979742395957,0.9999959484791914,2.8582596897045644e-05,0.3967044227927063,0.2783859926368809,2.146214586185604,1,excitatory,5,0610_M4_L,False,7,7.0,neuron,neuronal_or_other,True,False,False,False,False,1,-1.3692301928365547,0.8628075288205789,0.862563841692804,0.004155679796680094,False,True,True,True,True,False
2787445900588100088,astrocyte_2,2,oligodendrocyte_progenitor_2,oligodendrocyte_progenitor_2,oligodendrocyte_progenitor_2,0.8172947666302857,0.7089612697331211,0.671252248136271,0.9980318694784968,0.9966949261312594,0.015919354378652058,0.8739772616165009,0.8149144432095701,0.5309739501830296,__MISSING__,__MISSING__,__MISSING__,0503_F3_C,True,8,10.0,glial_non_neuronal,astrocyte,True,True,True,True,False,3,0.7566683406436292,0.009444824550310012,0.059791342872302554,0.09143406176203187,True,False,False,False,False,False
2795103300382100169,DH_ex_Reln/Nmur2,1,DH_ex_Reln/Nmur2,DH_ex_Reln/Nmur2,DH_ex_Reln,0.9457947443827682,0.8915894945655368,0.2107160806159376,0.9999435873849762,0.9998871747699525,0.0006082853555970594,0.4545351839587761,0.03764639166676931,1.3493416555145248,1,excitatory,3,0610_M5_S,False,7,9.0,neuron,neuronal_or_other,True,False,False,False,False,1,-1.9351838997653887,0.3918756500947779,0.3806016819160197,0.027354227489449927,False,True,True,True,True,False
2795903600300100055,DH_ex_Grp,0,DH_ex_Grp,DH_ex_Grp,DH_ex_Reln/Nmur2,0.7392478671992562,0.49758805911378523,0.6421306657608234,0.9949153332719533,0.9903447596171201,0.03359178288031249,0.42690298682853745,0.31374336191844066,2.059933977074654,1,excitatory,6,0613_M5_T,False,10,16.0,neuron,neuronal_or_other,True,False,False,False,False,1,-0.3730511568685073,0.7039246859529814,0.7270435916287543,0.12843674154427787,False,True,True,True,True,False
2795103300232100046,MV_in_Gabra1,0,MV_in_Gabra1,MV_in_Gabra1,DH_ex_Prkcg/Rxfp1,0.9999999940999997,0.9999999939999997,1.4175252073536734e-07,1.0,1.0,-0.0,0.2859706661923998,0.06932008041762211,2.1705621043953287,4,inhibitory,16,0610_M4_L,False,11,16.0,neuron,neuronal_or_other,True,False,False,False,False,1,-2.0333903682756973,0.8771006815903539,0.8771007498546008,2.950000006277528e-09,False,True,True,True,True,False
2787445900060100046,oligodendrocyte_2,0,oligodendrocyte_progenitor_2,oligodendrocyte_progenitor_2,oligodendrocyte_progenitor_2,0.7367586860335869,0.6211076059124769,0.9336080089742427,0.960140792814293,0.9278727826379286,0.19688124862099876,0.6480785191760193,0.32014797856344773,0.7691582463689801,__MISSING__,__MISSING__,__MISSING__,0503_F5_C,True,10,21.0,glial_non_neuronal,oligodendrocyte_opc,True,True,True,True,False,3,-0.45076698109270585,0.09449113628057616,0.12954062308292877,0.08832732215645832,True,False,False,False,False,False
2656143800442100187,DH_ex_Tac2,4,DH_ex_Prkcg/Nts,DH_ex_Prkcg/Nts,DH_ex_Maf/Cck,0.7340648751705487,0.5480844998615492,0.768262715799195,0.7982611713967189,0.6751075150317117,0.6503876061454683,0.2420684789937997,0.0957644892575551,2.6363932156099628,1,excitatory,8,0328_M3_L,False,11,20.0,neuron,neuronal_or_other,True,False,False,False,False,1,-0.4992136642541935,0.6298223449828265,0.6339743322148067,0.006559745419075579,True,False,False,False,False,False
2787889600276100061,DH_in_Npy,0,DH_in_Npy,DH_in_Npy,DH_in_Cdh3,0.9429898712781,0.8859797483562003,0.2186603953193672,0.9995811551824837,0.9991623103649674,0.0036765362984232234,0.27918062599494164,0.007672352056899645,2.1748000850540943,1,inhibitory,4,0503_M4_C,False,26,39.0,neuron,neuronal_or_other,True,False,False,False,False,1,-2.014655156821044,0.856110725900087,0.9639010695342753,0.02752142334394528,False,True,True,True,True,False
2796212800822100176,oligodendrocyte_1,0,oligodendrocyte_precursor_cell,oligodendrocyte_progenitor_2,oligodendrocyte_precursor_cell,0.4229910348694095,0.08593704633038429,1.3151138497229071,0.6417284624990726,0.43021720014113657,1.0041597314838429,0.4476067199341409,0.21799981969391047,1.5660843955111619,__MISSING__,__MISSING__,__MISSING__,0613_F4_C,True,8,23.0,glial_non_neuronal,oligodendrocyte_opc,False,True,False,False,False,2,1.1851627333967376,0.05795716647911663,0.22680622069767828,0.11322081044733848,True,False,False,False,False,False
2707604800343100130,oligodendrocyte_1,3,oligodendrocyte_progenitor_2,oligodendrocyte_progenitor_2,oligodendrocyte_progenitor_2,0.8059329345143926,0.6407290998044426,0.6216645964458621,0.945653685133371,0.8923535074072145,0.2179161892687083,0.6021424911553442,0.2261705849647253,0.8069396545139679,__MISSING__,__MISSING__,__MISSING__,0415_M1_C,True,9,20.0,glial_non_neuronal,oligodendrocyte_opc,True,True,True,True,False,3,-0.7005636114652825,0.050878141780182864,0.1358646572025974,0.03880625728885823,True,False,False,False,False,False
2796212800265100046,DH_ex_Prkcg/Nts,1,DH_ex_Prkcg/Nts,DH_ex_Prkcg/Nts,DH_ex_Prkcg/Cck,0.8047510808458729,0.62150902121218,0.5471820764241749,0.8140524533219496,0.6306012713501485,0.49407606593177056,0.38985960154191046,0.04806021754242901,1.501965209425333,1,excitatory,8,0613_F4_S,False,12,25.0,neuron,neuronal_or_other,True,False,False,False,False,1,-0.6870881530368544,0.22113037435846106,0.22733756941382713,0.003208201605623674,False,True,True,True,True,False
2707604800406100019,oligodendrocyte_progenitor_2,4,oligodendrocyte_2,oligodendrocyte_2,astrocyte_2,0.6747846508721972,0.46434032841701467,1.040871875552891,0.9540039902790168,0.9212983842605936,0.22150489373996746,0.43165281093276875,0.2216423471230618,1.5132319795481954,__MISSING__,__MISSING__,__MISSING__,0415_M1_C,True,19,26.0,glial_non_neuronal,oligodendrocyte_opc,True,False,False,False,False,1,-0.45595503895205475,0.26956412723186995,0.5006289743784784,0.11017605785797474,True,False,False,False,False,False
2796212800880100212,endothelial,1,endothelial,endothelial,MV_in_Sema5b,0.6305574731425023,0.4745899888922316,1.1234817091059055,0.7783478669103483,0.6029894607819045,0.6560059394307365,0.4768549424790924,0.29035043677320094,1.8836843130707936,__MISSING__,__MISSING__,__MISSING__,0613_F3_C,True,8,10.0,glial_non_neuronal,vascular,True,False,False,False,False,1,0.3659597754758489,0.48152724773991773,0.5031849791950411,0.05563887092882141,False,True,True,True,True,False
2787445900660100100,oligodendrocyte_1,2,oligodendrocyte_1,oligodendrocyte_progenitor_2,oligodendrocyte_progenitor_2,0.5088688466619739,0.07552311604647705,0.9781874876441273,0.875819791333063,0.7522654376025787,0.37998161716709966,0.4704586853108148,0.06344514769679671,1.2561771594408913,__MISSING__,__MISSING__,__MISSING__,0503_F3_C,True,16,31.0,glial_non_neuronal,oligodendrocyte_opc,False,False,True,False,False,2,0.09562687904486156,0.057192759554213136,0.16171844199927424,0.17284782896820497,False,False,True,True,False,False
2946331700000011040,MV_in_Sema5b,3,MV_in_Sema5b,MV_in_Sema5b,endothelial,0.9999999940999997,0.9999999939999997,1.4175252073536734e-07,1.0,1.0,-0.0,0.8730417561451843,0.8427543270109681,0.6779555168216501,4,inhibitory,15,0415_F2_T,False,8,10.0,neuron,neuronal_or_other,True,False,False,False,False,1,0.3135231048382326,0.976705931724865,0.9767059958991339,2.950000006277528e-09,False,True,True,True,True,False
2656143800153100063,DH_ex_Grp,4,DH_ex_Prkcg/Rxfp1,DH_ex_Prkcg/Rxfp1,DH_ex_Nmu/Tac2,0.712761459957408,0.45334015747396067,0.6910289490903136,0.9772323760967506,0.9594551497770727,0.12059608070217359,0.3255947621669925,0.1733356583205376,1.9949693626175231,1,excitatory,6,0328_M3_C,False,30,51.0,neuron,neuronal_or_other,True,False,False,False,False,1,-0.6585761794197251,0.7193290278641742,0.7277588310406164,0.11227487699950939,True,False,False,False,False,False
2656143800028100075,DH_ex_Gpr83,3,DH_ex_Gpr83,DH_ex_Gpr83,DM_ex_Zfhx3,0.9635983467845304,0.9271966993690612,0.15633485730573643,0.9999720552096474,0.9999441104192947,0.0003209533447829991,0.7272579553590346,0.6671493833948992,1.237933262311985,1,excitatory,2,0328_M3_C,False,17,35.0,neuron,neuronal_or_other,True,False,False,False,False,1,-0.08887885157546721,0.8730724639466296,0.8736101231485052,0.018293092654851285,False,True,True,True,True,False
2795584800382100241,oligodendrocyte_1,1,oligodendrocyte_1,oligodendrocyte_1,oligodendrocyte_progenitor_2,0.5577342568876291,0.15542741933521803,0.8794049328498093,0.9464033134633788,0.8932023152541524,0.21175277623791172,0.5401967884379557,0.13815204107321116,0.999102875171301,__MISSING__,__MISSING__,__MISSING__,0610_F4_L,True,5,14.0,glial_non_neuronal,oligodendrocyte_opc,True,False,False,False,False,1,-0.10046964752568927,0.03287254983510196,0.2766363134096566,0.16471410408345485,False,True,True,True,True,False
2656144900324100039,oligodendrocyte_precursor_cell,4,oligodendrocyte_precursor_cell,oligodendrocyte_precursor_cell,oligodendrocyte_progenitor_1,0.7979173055849694,0.7334582920806495,0.8788370407659813,0.9107332725920749,0.8620387869526606,0.4221417478567796,0.4916948837858633,0.11796315264106455,1.2017523323156134,__MISSING__,__MISSING__,__MISSING__,0328_M1_T,True,17,28.0,glial_non_neuronal,oligodendrocyte_opc,True,False,False,False,False,1,-1.1347587060504827,0.25942369303287055,0.26103345172293535,0.04491272158931572,False,True,True,True,True,False
2787445900353100090,astrocyte_1,4,astrocyte_1,astrocyte_1,astrocyte_2,0.8904563855615539,0.8020529822547189,0.43668224951218054,0.9893444750810282,0.9787032856430761,0.05914136018358881,0.66305197405719,0.3335580682247732,0.6944463102395312,__MISSING__,__MISSING__,__MISSING__,0503_F4_T,True,19,36.0,glial_non_neuronal,astrocyte,True,False,False,False,False,1,-0.8349199176810094,0.2830274527529348,0.42567946166204806,0.03753427875890352,False,True,True,True,True,False
2656143800029100143,astrocyte_1,3,oligodendrocyte_1,oligodendrocyte_1,oligodendrocyte_1,0.44355504420768727,0.045064050512480636,1.1431642218799072,0.6499014196420663,0.3048304832958847,0.6748117105598137,0.49736221261131736,0.05550337277609396,0.9820946758456044,__MISSING__,__MISSING__,__MISSING__,0328_M3_C,True,12,20.0,glial_non_neuronal,astrocyte,True,True,True,True,False,3,1.0141263502900852,0.034153282723397835,0.0333995782349928,0.08137537605825458,True,False,False,False,False,False
2795903600269100021,DH_in_Npy2r,4,DH_in_Npy2r,DH_in_Npy2r,DH_in_Cdh3,0.974174374750223,0.9483487553004462,0.11991786112016853,0.9328229789938705,0.8656459579877409,0.24627479310063888,0.22073943940352783,0.04019863823746023,2.708904007161036,1,inhibitory,9,0613_M4_L,False,8,10.0,neuron,neuronal_or_other,True,False,False,False,False,1,-1.762617676810966,0.6112395219531701,0.6010487803498669,0.007192609625762032,False,True,True,True,True,False
2795584800380100010,gamma_motoneuron,2,alpha_motoneuron,alpha_motoneuron,alpha_motoneuron,0.7671185457084111,0.543218715354497,0.5808906535417426,0.9551976425550672,0.9120592303051239,0.19002901713920534,0.5598893700041352,0.1465060034996215,0.7967815935514341,__MISSING__,__MISSING__,22,0610_F4_L,False,21,43.0,glial_non_neuronal,neuronal_or_other,True,True,True,True,False,3,-0.8068317794991723,0.036007466686676495,0.17258488656779913,0.057753174553347636,True,False,False,False,False,False
2707604700389200208,DH_in_Pdyn/Gal,1,DH_in_Pdyn/Gal,DH_in_Pdyn/Gal,DH_in_Pdyn,0.9999999940999997,0.9999999939999997,1.4175252073536737e-07,1.0,1.0,-0.0,0.6997084196794117,0.5748218745159782,1.201840573735634,1,inhibitory,5,0415_M2_C,False,25,37.0,neuron,neuronal_or_other,True,False,False,False,False,1,-0.4994927208956462,0.8045117076398891,0.8045117735028852,2.950000006277528e-09,False,True,True,True,True,False
2707604800240100095,oligodendrocyte_progenitor_2,3,oligodendrocyte_1,oligodendrocyte_1,oligodendrocyte_1,0.6157856350350861,0.2587052846172191,0.8240382286899354,0.7634915882055099,0.5274095631395344,0.5508474301801977,0.5877444981633057,0.22003334905012967,0.9239818567167896,__MISSING__,__MISSING__,__MISSING__,0415_M1_T,True,6,14.0,glial_non_neuronal,oligodendrocyte_opc,True,True,True,True,False,3,0.6891100156624251,0.010911645186000504,0.039560916895279075,0.027182807003746416,True,False,False,False,False,False
2787445900284100038,astrocyte_1,3,astrocyte_1,astrocyte_1,astrocyte_2,0.7683648226918155,0.6575225865748051,0.8236783651570373,0.9982987099773785,0.9971781805248787,0.014390608517617452,0.5350091383589144,0.09215147703643739,0.8172843841780532,__MISSING__,__MISSING__,__MISSING__,0503_F4_C,True,17,27.0,glial_non_neuronal,astrocyte,True,False,False,False,False,1,-1.3453535145411204,0.1740329243421748,0.3509968092641799,0.12043073324332915,False,True,True,True,True,False
2795903600589100109,oligodendrocyte_progenitor_1,1,oligodendrocyte_precursor_cell,oligodendrocyte_precursor_cell,oligodendrocyte_precursor_cell,0.622625567712085,0.3119412538131079,0.9529212273068638,0.9008316695255596,0.8028316720781645,0.33038906101352683,0.725619236017303,0.45445031223373805,0.6140031053140015,__MISSING__,__MISSING__,__MISSING__,0613_M4_C,True,9,16.0,glial_non_neuronal,oligodendrocyte_opc,True,True,True,True,False,3,0.7584592207526205,0.033601507942803886,0.03833966352129456,0.09072399800765553,True,False,False,False,False,False
2656144300188100109,DM_ex_Zfhx3,3,DM_ex_Zfhx3,DM_ex_Zfhx3,M_in_Tfap2b,0.9999999940999997,0.9999999939999997,1.4175252073536737e-07,1.0,1.0,-0.0,0.7120714171679825,0.5564854643567343,1.0172881836032293,2,excitatory,11,0328_F2_L,False,17,60.0,neuron,neuronal_or_other,True,False,False,False,False,1,-0.5551328328260647,0.6706449536419306,0.6706450136669498,2.950000006277528e-09,False,True,True,True,True,False
2707604700248100266,oligodendrocyte_precursor_cell,3,oligodendrocyte_2,oligodendrocyte_2,oligodendrocyte_2,0.5534796617253838,0.2154466382327785,1.0937871104457408,0.826846433771497,0.6568699092575232,0.4784047450892742,0.6234108523511522,0.3181459899027453,0.9660124367293271,__MISSING__,__MISSING__,__MISSING__,0415_M2_T,True,19,24.0,glial_non_neuronal,oligodendrocyte_opc,True,True,True,True,False,3,0.807320057934283,0.031513224422564906,0.05512432545308231,0.08620773476667397,True,False,False,False,False,False
2946331700000012663,DH_ex_Nmu/Tac2,1,DH_ex_Nmu/Tac2,DH_ex_Nmu/Tac2,oligodendrocyte_progenitor_2,0.7623851066680954,0.6737988612206358,0.9160395921639222,0.9922509645514356,0.9885054936174664,0.05278082822388129,0.25346499104946146,0.06315641914275061,2.507557099628764,1,excitatory,8,0415_F2_T,False,21,25.0,neuron,neuronal_or_other,True,False,False,False,False,1,-1.4452631300410586,0.5048002293512209,0.6118412161705825,0.11358969997590088,False,True,True,True,True,False
2946331700000008872,MV_ex_Syt2,1,MV_ex_Syt2,MV_ex_Syt2,MV_in_Gm26673,0.9999999940999997,0.9999999939999997,1.4175252073536734e-07,1.0,1.0,-0.0,0.6771510916868259,0.4228728920867355,0.8990391130947916,4,excitatory,14,0415_F2_T,False,55,204.0,neuron,neuronal_or_other,True,False,False,False,False,1,-0.9605676159625043,0.5438490358429109,0.5438490859459802,2.950000006277528e-09,False,True,True,True,True,False
2945606900000029469,gamma_motoneuron,3,alpha_motoneuron,alpha_motoneuron,alpha_motoneuron,0.9458952470429631,0.901332340687842,0.23563205918143373,0.9856935099488682,0.9714000852613636,0.07506842211006216,0.8412741150543617,0.7007712324351929,0.5083117126565414,__MISSING__,__MISSING__,22,0328_F1_S,False,15,26.0,glial_non_neuronal,neuronal_or_other,True,True,True,True,False,3,0.1161038536182881,0.031312237521952786,0.0561999308273274,0.010894579681839364,True,False,False,False,False,False
2795584800123100172,oligodendrocyte_progenitor_2,3,oligodendrocyte_progenitor_2,oligodendrocyte_progenitor_2,oligodendrocyte_1,0.49249617855779493,0.015887692365209594,0.8635907722747858,0.6195575350534657,0.2561454562085965,0.7625398214810186,0.5608601668793206,0.2091096304446724,1.0219399133127582,__MISSING__,__MISSING__,__MISSING__,0610_F3_T,True,4,12.0,glial_non_neuronal,oligodendrocyte_opc,True,False,False,False,False,1,1.629095821895111,0.03295195468122994,0.06879338086299577,0.01276374122504112,False,True,True,True,True,False
2946331700000018751,DH_in_Cdh3,3,DH_in_Cdh3,DH_in_Cdh3,M_in_Tfap2b,0.9241344958114684,0.8500565323637786,0.2789520108441607,0.9894904313598302,0.9789808627196603,0.05833016422635064,0.4977192961387722,0.15492729628084884,1.299918658016577,1,inhibitory,10,0415_F2_L,False,32,55.0,neuron,neuronal_or_other,True,False,False,False,False,1,-1.4634525591530514,0.4087166288793239,0.43293085014671157,0.0210931810015274,False,True,True,True,True,False
2726562800059100191,MV_in_Esrrb,0,MV_in_Esrrb,MV_in_Esrrb,astrocyte_1,0.9999999940999997,0.9999999939999997,1.4175252073536734e-07,1.0,1.0,-0.0,0.4724804700815882,0.34196899561331134,1.7725671806933934,4,inhibitory,14,0422_M2_C,False,11,19.0,neuron,neuronal_or_other,True,False,False,False,False,1,-1.2060628801006146,0.7599002575339502,0.7599003237206391,2.950000006277528e-09,False,True,True,True,True,False
2656144300147100136,astrocyte_1,1,astrocyte_1,astrocyte_1,astrocyte_2,0.701312569702561,0.4121989597735816,0.6726102417343749,0.9338646400402708,0.86847982155987,0.24854994693134164,0.819808591601505,0.6443827310635248,0.5075055070496458,__MISSING__,__MISSING__,__MISSING__,0328_F2_T,True,12,17.0,glial_non_neuronal,astrocyte,True,False,False,False,False,1,1.0249963733673475,0.2200499724341868,0.48153058021070705,0.07053953741206671,False,True,True,True,True,False
2795584800136100120,oligodendrocyte_1,3,oligodendrocyte_2,oligodendrocyte_progenitor_2,oligodendrocyte_2,0.443958778069,0.13586102281749463,1.1802971308523447,0.6047119337451362,0.40356861785651044,0.9900926807587145,0.5096141871571562,0.23469742988651227,1.2842622215019392,__MISSING__,__MISSING__,__MISSING__,0610_F3_S,True,6,6.0,glial_non_neuronal,oligodendrocyte_opc,False,True,False,False,False,2,1.1993402839901737,0.01912461226309935,0.17045449119084116,0.11466870256744856,True,False,False,False,False,False
2796212800264100058,MV_in_Gabra1,0,MV_in_Gabra1,MV_in_Gabra1,DH_in_Cdh3,0.9999999940999997,0.9999999939999997,1.4175252073536734e-07,1.0,1.0,-0.0,0.3712978328040469,0.23104836728731243,2.1917290301836823,4,inhibitory,16,0613_F4_S,False,15,26.0,neuron,neuronal_or_other,True,False,False,False,False,1,-1.5426410937123793,0.9533449341698301,0.9533450024207142,2.950000006277528e-09,False,True,True,True,True,False
2656144300148100103,oligodendrocyte_1,0,astrocyte_1,oligodendrocyte_1,endothelial,0.37796049017077793,0.11609935898943197,1.578527465496953,0.43197689323643595,0.18060862153475105,1.3020440137488325,0.36012532581482176,0.17491396307311793,1.9619302537561571,__MISSING__,__MISSING__,__MISSING__,0328_F2_T,True,14,28.0,glial_non_neuronal,oligodendrocyte_opc,False,False,False,False,True,1,1.4958426820533397,0.25513443024799054,0.250370287120713,0.07792407621510587,False,False,True,False,True,False
2796212800333100156,astrocyte_2,2,astrocyte_2,astrocyte_2,astrocyte_1,0.6923795559974627,0.4334361677072382,0.8129300569788489,0.9944367617394474,0.9889509852251587,0.03494805601128334,0.5078953560223425,0.02712232389367414,0.7655709201992359,__MISSING__,__MISSING__,__MISSING__,0613_F4_L,True,9,13.0,glial_non_neuronal,astrocyte,True,False,False,False,False,1,-1.1251546758787252,0.05515871000395601,0.3061758124494341,0.15667343192606728,False,True,True,True,True,False
2795584800324100118,DH_ex_Prkcg/Nts,1,DH_ex_Prkcg/Nts,DH_ex_Prkcg/Nts,DH_ex_Sox5,0.8742127800732962,0.8074040897697237,0.47302731748899685,0.9932137458590408,0.989837935104514,0.045875669665994434,0.41994915382497816,0.32666845396440075,2.1851960148567984,1,excitatory,8,0610_F4_C,False,6,9.0,neuron,neuronal_or_other,True,False,False,False,False,1,-0.8875061574645923,0.685122982870059,0.7538113488301066,0.04972749318968465,False,True,True,True,True,False
2945606900000005485,endothelial,4,astrocyte_1,astrocyte_1,astrocyte_2,0.660843106268784,0.5305907322697128,1.224540005778495,0.8383802089808445,0.7192750475521301,0.5739894635301068,0.8066395225698005,0.7327425768709318,0.7957573318537163,__MISSING__,__MISSING__,__MISSING__,0328_F1_C,True,13,21.0,glial_non_neuronal,vascular,True,False,False,False,False,1,1.3772931161906876,0.5950648152669545,0.7996816346692898,0.07101540705372249,True,False,False,False,False,False
2795584800454100023,MV_in_Chrna2,1,MV_in_Chrna2,MV_in_Chrna2,oligodendrocyte_precursor_cell,0.729208402857704,0.45841681151540825,0.5840447236522008,0.9999902644734362,0.9999805289468725,0.00012208081574441223,0.24991267958360763,0.049624049863321196,2.2803059025899133,4,inhibitory,19,0610_F4_L,False,11,14.0,neuron,neuronal_or_other,True,False,False,False,False,1,-1.123490898739269,0.6459202080652039,0.6095754856266892,0.15067847026798187,False,True,True,True,True,False
2787445900500100017,oligodendrocyte_progenitor_2,2,oligodendrocyte_2,oligodendrocyte_2,oligodendrocyte_2,0.7100162520796023,0.4583298139719337,0.7513896263429216,0.962413962316482,0.9252239228263778,0.16297210331999765,0.8573795762072431,0.7415554871138318,0.5071112692002472,__MISSING__,__MISSING__,__MISSING__,0503_F4_T,True,6,9.0,glial_non_neuronal,oligodendrocyte_opc,True,True,True,True,False,3,1.1246420623107434,0.04676999205436643,0.02965845755704331,0.09675969767722203,True,False,False,False,False,False
2787889600482100046,oligodendrocyte_1,4,oligodendrocyte_progenitor_2,oligodendrocyte_progenitor_2,oligodendrocyte_progenitor_2,0.7374545701631272,0.6145956957045806,0.8438710233098189,0.9748481478438888,0.9502061022104896,0.12051099679091998,0.6850681008535702,0.4594188795625371,0.9760433998921099,__MISSING__,__MISSING__,__MISSING__,0503_M4_L,True,18,34.0,glial_non_neuronal,oligodendrocyte_opc,True,True,True,True,False,3,-0.06083089757056093,0.040534652653201164,0.1282112371086134,0.10558852588043657,True,False,False,False,False,False
2726543700432100217,oligodendrocyte_1,1,oligodendrocyte_1,oligodendrocyte_1,visceral_motoneuron,0.5803440389548682,0.265185745169661,1.0012408343034267,0.735545720777144,0.48228995670754393,0.6348807548589812,0.36378267265509306,0.04207377558374953,1.6303193820878468,__MISSING__,__MISSING__,__MISSING__,0422_M3_L,True,6,8.0,glial_non_neuronal,oligodendrocyte_opc,True,False,False,False,False,1,0.2270591485643918,0.8271184380277915,0.8432229293157371,0.0512216584242793,False,True,True,True,True,False
2726562800099100136,MV_in_Sema5b,4,MV_in_Sema5b,MV_in_Sema5b,astrocyte_1,0.9999999940999997,0.9999999939999997,1.4175252073536734e-07,1.0,1.0,-0.0,0.4425452408101592,0.08682287167266545,1.5628578600214842,4,inhibitory,15,0422_M2_C,False,5,5.0,neuron,neuronal_or_other,True,False,False,False,False,1,-1.9802797945010147,0.8177468329063728,0.8177469035604249,2.950000006277528e-09,False,True,True,True,True,False
2795584800385200012,endothelial,1,oligodendrocyte_1,oligodendrocyte_1,oligodendrocyte_progenitor_2,0.4842150034666338,0.048693161113336825,0.9863148675260414,0.7379784432945289,0.4823052702125617,0.6121367258109844,0.40569206510094125,0.08203972361132877,1.4478093619084131,__MISSING__,__MISSING__,__MISSING__,0610_F4_L,True,6,23.0,glial_non_neuronal,vascular,True,False,False,False,False,1,0.7359004116023113,0.07048910821280079,0.19160393415039323,0.06371941422375416,True,False,False,False,False,False
2945606900000000710,meninges_2,3,meninges_1,meninges_3,meninges_3,0.3986475705555979,0.06535387997461828,1.168288766530412,0.5623689392614826,0.16843576916016467,0.8353019478285739,0.34198656900383134,0.012096717692676229,1.1282278883183272,__MISSING__,__MISSING__,__MISSING__,0328_F1_C,True,3,30.0,glial_non_neuronal,meningeal,False,False,True,False,False,2,1.1168021107963158,0.011081517106607796,0.1109088073381977,0.08680676817927085,True,False,False,False,False,False
2945606900000009885,DH_ex_Prkcg/Rxfp1,3,DH_ex_Prkcg/Rxfp1,DH_ex_Prkcg/Rxfp1,DM_ex_Zfhx3,0.9182133076894318,0.8369041130359253,0.2860436667427044,0.9996163700030689,0.9993258851474496,0.003613765997671866,0.5254431774140765,0.3360545755598656,1.5548963897508286,1,excitatory,6,0328_F1_C,False,27,73.0,neuron,neuronal_or_other,True,False,False,False,False,1,-0.9306720019043428,0.8254973268866214,0.8250271277233596,0.04075799870347486,False,True,True,True,True,False
2707604000086100252,DH_ex_Maf/Cck,2,DH_ex_Maf/Cck,DH_ex_Maf/Cck,DH_ex_Prkcg/Nts,0.7680378725848689,0.6173304289244245,0.7430155621172311,0.9417318607604008,0.8881289001382602,0.24109057608117357,0.1300914509184889,0.030067534490361647,2.7902145463298056,1,excitatory,10,0415_M3_L,False,9,9.0,neuron,neuronal_or_other,True,False,False,False,False,1,-1.2453429593151042,0.9797352736271149,0.9806195457523637,0.05362901353162212,False,True,True,True,True,False
2656144900352100124,oligodendrocyte_progenitor_2,3,oligodendrocyte_progenitor_2,oligodendrocyte_progenitor_2,oligodendrocyte_2,0.6781764863019979,0.41879981546538,0.8876304809505557,0.9232117885252642,0.8529161956109133,0.2985878779298596,0.7244037937483707,0.5005400002778667,0.7914252151322451,__MISSING__,__MISSING__,__MISSING__,0328_M1_T,True,18,37.0,glial_non_neuronal,oligodendrocyte_opc,True,False,False,False,False,1,0.6075918221700015,0.1758451988892473,0.4058799767445753,0.07548645231666705,False,True,True,True,True,False
2795903600269100116,DH_in_Npy2r,2,DH_in_Kcnip2,DH_in_Kcnip2,MV_in_Gabra1,0.5882185584014452,0.17643712260289074,0.6775005072849875,0.7707158901971128,0.5414317803942257,0.538409875375838,0.3199885979956415,0.1536848582581973,2.383535433893481,1,inhibitory,9,0613_M4_L,False,14,19.0,neuron,neuronal_or_other,True,False,False,False,False,1,0.6072398499467039,0.9285288293664661,0.9297805542644467,0.02786604985514176,True,False,False,False,False,False
2656144900315100221,astrocyte_1,3,astrocyte_2,astrocyte_2,astrocyte_2,0.752080802377905,0.536351501921732,0.7124977675166909,0.9955845875854874,0.991323547404588,0.0292367923595315,0.8238891771387555,0.6546243486984431,0.5108196301522473,__MISSING__,__MISSING__,__MISSING__,0328_M2_C,True,8,10.0,glial_non_neuronal,astrocyte,True,True,True,True,False,3,0.5899770907011844,0.014290825667710803,0.08123262569007128,0.12276089174856751,True,False,False,False,False,False
2787445900756100053,MV_in_Gm26673,1,MV_in_Gm26673,MV_in_Gm26673,astrocyte_1,0.9524330962483344,0.9048661982966689,0.19128796458949632,0.9716930501981574,0.9433861003963149,0.12880678332434495,0.26728430861704944,0.13612448360225554,2.6979353289304453,4,inhibitory,19,0503_F3_L,False,11,14.0,neuron,neuronal_or_other,True,False,False,False,False,1,-1.5479885151858197,0.9942671136573569,0.9942655980406632,0.0018523058424281828,False,True,True,True,True,False
2787445900545100168,DH_ex_Sox5,3,DH_ex_Sox5,DH_ex_Sox5,DH_ex_Prkcg/Nts,0.9527310203542941,0.9054620465085885,0.19039413943690428,0.9999978504591628,0.9999957009183255,3.0201597386647465e-05,0.3046495013248548,0.1882747470116365,2.2743235926296617,1,excitatory,5,0503_F3_C,False,16,25.0,neuron,neuronal_or_other,True,False,False,False,False,1,-1.5031685286545566,0.7846564982441528,0.7818357379707283,0.024031204710371755,False,True,True,True,True,False
2707604700092100058,DH_in_Cdh3,3,DH_in_Cdh3,DH_in_Cdh3,DM_ex_Zfhx3,0.9414606165174828,0.8829212388349659,0.22292964887948863,0.9822344713312811,0.9644689426625621,0.08921065840589,0.33221711330820286,0.15439139327594864,2.3653728535987053,1,inhibitory,10,0415_M3_S,False,17,23.0,neuron,neuronal_or_other,True,False,False,False,False,1,-1.4951150752928097,0.7070371229804734,0.7150221453565997,0.008594632547919654,False,True,True,True,True,False
2787889600056100086,astrocyte_1,2,astrocyte_1,astrocyte_1,oligodendrocyte_1,0.5482883260542701,0.20051358666276997,1.103406993204277,0.8266185539964251,0.7043830595546456,0.6097170693400469,0.18416232717016048,0.008783359194565216,2.7703513197961582,__MISSING__,__MISSING__,__MISSING__,0503_M5_C,True,8,10.0,glial_non_neuronal,astrocyte,True,False,False,False,False,1,-0.19898000913617642,0.3137655718476551,0.43108192286311614,0.08086352454558592,False,True,True,True,True,False
2796212801012100215,oligodendrocyte_precursor_cell,1,endothelial,endothelial,DH_in_Rorb,0.570711708501247,0.36520087388312017,1.2522432270976471,0.7646536834419475,0.6031636768892088,0.8110621922889203,0.9176985048985671,0.8638351588991344,0.3980493470444146,__MISSING__,__MISSING__,__MISSING__,0613_F3_C,True,8,9.0,glial_non_neuronal,oligodendrocyte_opc,True,False,False,False,False,1,2.3016448740032773,0.9824990119068147,0.9923855386328652,0.0812565736518777,True,False,False,False,False,False
2787445900242100084,alpha_motoneuron,0,alpha_motoneuron,alpha_motoneuron,beta_motoneuron,0.9047166765098057,0.8499354522850295,0.3795655236603118,0.9759239522267104,0.9545802587471921,0.12202100386529167,0.4718251771440118,0.13587122241316957,1.3914594766720902,__MISSING__,__MISSING__,22,0503_F5_C,False,9,17.0,glial_non_neuronal,neuronal_or_other,True,False,False,False,False,1,-1.472629514284455,0.29425722585525305,0.38949174363084393,0.020722098041542937,False,True,True,True,True,False
2707604000124100126,DH_ex_Gpr83,4,DH_ex_Gpr83,DH_ex_Gpr83,DM_ex_Zfhx3,0.9632870737963074,0.9265741533926152,0.15735322909222949,0.9999463670913268,0.9998927341826535,0.000581022510113148,0.7926405567774054,0.7003522695137708,0.9339552495632096,1,excitatory,2,0415_M3_T,False,23,53.0,neuron,neuronal_or_other,True,False,False,False,False,1,0.013088733276619968,0.7614206497700184,0.7715972430776787,0.01833888889367545,False,True,True,True,True,False
2707604700091100243,DH_ex_Sox5,4,DH_ex_Sox5,DH_ex_Sox5,DH_ex_Gpr83,0.9023388101638211,0.8641850608233226,0.432028768492638,0.9999786887886711,0.9999573775773423,0.00025054028226224103,0.31193347624374657,0.06457780458727375,2.0828456271552307,1,excitatory,5,0415_M3_S,False,23,44.0,neuron,neuronal_or_other,True,False,False,False,False,1,-1.8045387123127412,0.7274811318607034,0.8249409835938316,0.050521887605357155,False,True,True,True,True,False
2656144900247100055,peripheral_glia,0,endothelial,peripheral_glia,endothelial,0.4958145785637152,0.15983807674890738,1.3386990320463197,0.8102939808034592,0.6284049604794656,0.5308924647788716,0.7308725673663053,0.6871407233877879,1.3798047097734483,__MISSING__,__MISSING__,__MISSING__,0328_M1_C,True,18,29.0,glial_non_neuronal,remaining_glial_non_neuronal,False,True,False,False,False,2,2.0830559911744913,0.1918440191721671,0.5309280570325344,0.19434021640646493,False,False,True,False,True,False
2656144900641100240,DH_ex_Grp,1,DH_ex_Prkcg/Rxfp1,DH_ex_Prkcg/Rxfp1,DH_ex_Reln/Nmur2,0.8016573264038377,0.6414019390337443,0.5951156812773208,0.869128022827981,0.7394384471478987,0.3947831639197786,0.44830303028430635,0.21543229720820184,1.7034701869959274,1,excitatory,6,0328_M1_L,False,17,24.0,neuron,neuronal_or_other,True,False,False,False,False,1,-0.43084791471247774,0.6334407132329414,0.6433207182888739,0.017954496851307965,True,False,False,False,False,False
2795903600141100184,oligodendrocyte_progenitor_2,4,oligodendrocyte_2,oligodendrocyte_2,oligodendrocyte_2,0.8133513618226809,0.743892131399389,0.7960286011269189,0.9600123779427427,0.9201743653783341,0.16912140599274408,0.5524404874889148,0.14702546117691484,0.9130123796418548,__MISSING__,__MISSING__,__MISSING__,0613_M5_L,True,15,18.0,glial_non_neuronal,oligodendrocyte_opc,True,True,True,True,False,3,-1.1806392003808057,0.1357118677485765,0.18643843133711369,0.06519306470631483,True,False,False,False,False,False
2795584800101100257,MV_in_Sema5b,1,MV_in_Sema5b,MV_in_Sema5b,MV_in_Gm26673,0.9999999940999997,0.9999999939999997,1.4175252073536734e-07,1.0,1.0,-0.0,0.24315785351628005,0.019325023247454526,1.8879616608940681,4,inhibitory,15,0610_F3_S,False,18,28.0,neuron,neuronal_or_other,True,False,False,False,False,1,-2.1850956667914727,0.6252106958662499,0.6252107580142959,2.950000006277528e-09,False,True,True,True,True,False
2795584800385100283,astrocyte_1,3,microglia,microglia,endothelial,0.41710653614429155,0.07447957009842554,1.418981587453724,0.8114655540453893,0.7174279977710666,0.6542856029311548,0.36148960850644213,0.14542288990920607,1.9737874497404193,__MISSING__,__MISSING__,__MISSING__,0610_F4_L,True,8,9.0,glial_non_neuronal,astrocyte,True,False,False,False,False,1,0.41539402981686957,0.30844415144903115,0.35064429196311586,0.16803385991247996,True,False,False,False,False,False
2795584800710100051,DH_in_Pdyn/Gal,4,DH_in_Pdyn/Gal,DH_in_Pdyn/Gal,DM_ex_Zfhx3,0.9999999940999997,0.9999999939999997,1.4175252073536737e-07,1.0,1.0,-0.0,0.17296588424988293,0.010063612730063953,2.793643883773367,1,inhibitory,5,0610_F5_L,False,7,8.0,neuron,neuronal_or_other,True,False,False,False,False,1,-2.213198545890814,0.9858434460355656,0.9858435219491404,2.950000006277528e-09,False,True,True,True,True,False
2656144900185100154,M_ex_Vsx2/Shox2,2,M_ex_Vsx2/Shox2,M_ex_Vsx2/Shox2,MV_ex_Shox2,0.9735046825467074,0.9470093708934149,0.12234015422732014,0.9999404231210062,0.9998808462420125,0.0006391534600212711,0.5534091288419469,0.1404106117005115,0.8767594001879087,3,excitatory,20,0328_M2_C,False,15,25.0,neuron,neuronal_or_other,True,False,False,False,False,1,-1.72256427447598,0.37629057861628756,0.3839322266530319,0.013100109040213862,False,True,True,True,True,False
2795903600329100117,DM_ex_Zfhx3,3,DM_ex_Zfhx3,DM_ex_Zfhx3,DH_ex_Sox5,0.9999999940999997,0.9999999939999997,1.4175252073536737e-07,1.0,1.0,-0.0,0.37705987351864867,0.14875821310755474,1.7577237893252455,2,excitatory,11,0613_M5_T,False,12,17.0,neuron,neuronal_or_other,True,False,False,False,False,1,-1.7923428264708436,0.5745490256114038,0.574549088587659,2.950000006277528e-09,False,True,True,True,True,False
2795903600185100124,oligodendrocyte_progenitor_2,2,oligodendrocyte_progenitor_2,oligodendrocyte_progenitor_2,oligodendrocyte_1,0.44280096826034326,0.19713451024180734,1.5065063435760806,0.6440195924288235,0.4196603849354752,0.9598676731612,0.37508792743065644,0.1706190155429685,1.8849498938760196,__MISSING__,__MISSING__,__MISSING__,0613_M4_S,True,8,15.0,glial_non_neuronal,oligodendrocyte_opc,True,False,False,False,False,1,0.8632602047659939,0.17550104270752487,0.21329168558291578,0.06282336345764515,False,True,True,True,True,False
2656144900641100255,oligodendrocyte_1,3,oligodendrocyte_progenitor_2,oligodendrocyte_progenitor_2,oligodendrocyte_progenitor_2,0.8712270776002006,0.7730779079037203,0.5171161131365456,0.9194525096064038,0.8394268316073106,0.2843835761161663,0.8405663845154007,0.7099597018792169,0.5837053194204278,__MISSING__,__MISSING__,__MISSING__,0328_M1_L,True,13,27.0,glial_non_neuronal,oligodendrocyte_opc,True,True,True,True,False,3,0.6355459685235628,0.015700672441604353,0.019040763834587006,0.015015928428685465,True,False,False,False,False,False
2787445900253100252,DH_in_Npy2r,2,DH_in_Npy2r,DH_in_Npy2r,DH_in_Cdh3,0.8806142973362036,0.7860838145610642,0.4269620027562851,0.9994311607393688,0.9988623214787375,0.0048189947129094034,0.4744351747384831,0.10770608935266396,1.3837684431653423,1,inhibitory,9,0503_F4_C,False,49,143.0,neuron,neuronal_or_other,True,False,False,False,False,1,-1.5316675129208865,0.35534722000864033,0.42505232523758746,0.060177794677398394,False,True,True,True,True,False
2796212800945100053,endothelial,4,endothelial,oligodendrocyte_1,oligodendrocyte_1,0.369823895540292,0.07906308843600468,1.4276780861260079,0.3355908499601545,0.0053729400431757335,1.2244969803410846,0.4456222563421649,0.13334504089098498,1.3725046251231423,__MISSING__,__MISSING__,__MISSING__,0613_F3_C,True,11,30.0,glial_non_neuronal,vascular,False,False,True,False,False,2,1.7838202391821543,0.08974614248984669,0.06327332787788516,0.029671853416176373,False,False,True,True,False,False
2656143800189100068,oligodendrocyte_2,0,oligodendrocyte_progenitor_2,oligodendrocyte_progenitor_2,oligodendrocyte_1,0.6352955306488607,0.5194347245350461,1.3312618983135482,0.9180021520178397,0.8581712723965921,0.34404314206142583,0.3320550261086906,0.07409590782770287,1.7650500047279418,__MISSING__,__MISSING__,__MISSING__,0328_M3_T,True,8,9.0,glial_non_neuronal,oligodendrocyte_opc,True,False,False,False,False,1,-0.8770151919581941,0.15770956050023727,0.39752230119732407,0.11557060288191466,True,False,False,False,False,False
2726543700434100081,oligodendrocyte_1,0,oligodendrocyte_1,oligodendrocyte_progenitor_2,MV_in_Chrna2,0.5550429275656152,0.24690881983380614,1.164661892239195,0.5660324632132163,0.2503251004030091,1.0171866594333971,0.23323834937653168,0.057767649689778516,2.0844747478022763,__MISSING__,__MISSING__,__MISSING__,0422_M3_L,True,18,30.0,glial_non_neuronal,oligodendrocyte_opc,False,False,False,False,True,1,0.7678050054738342,0.8261677526119134,0.8452375732851273,0.07481242975428748,False,False,True,True,False,False
2787445900286100069,DH_in_Cdh3,4,DH_in_Cdh3,DH_in_Cdh3,DH_ex_Reln/Nmur2,0.995693497508274,0.9914448828735677,0.02811340184990599,0.9999347872046332,0.9998695744092665,0.0006937221257476509,0.43094202140081483,0.30248958726146896,1.9916995765777508,1,inhibitory,10,0503_F4_C,False,24,32.0,neuron,neuronal_or_other,True,False,False,False,False,1,-1.310283871081619,0.7075951673774056,0.7112430426042685,0.0019452323103907603,False,True,True,True,True,False
2656144900351200123,oligodendrocyte_1,3,astrocyte_1,astrocyte_1,astrocyte_1,0.9074872901029212,0.879407236511161,0.4770568496150711,0.9753107275062206,0.9650374082925689,0.14542542679938386,0.5024187978302607,0.38068478941786044,2.0027016846269303,__MISSING__,__MISSING__,__MISSING__,0328_M1_T,True,5,7.0,glial_non_neuronal,oligodendrocyte_opc,True,True,True,True,False,3,-0.8032860214495828,0.22741219970764145,0.2678169419055038,0.022717930262326047,True,False,False,False,False,False
2707604700062100233,DH_ex_Maf/Cck,1,DH_ex_Maf/Cck,DH_ex_Maf/Cck,DH_ex_Maf/Cpne4,0.8377341202622104,0.7215901388963493,0.5658212691511049,0.9720060921661292,0.9498610524639286,0.14520573812263451,0.24044732100579344,0.004747123052501523,2.3684471676945194,1,excitatory,10,0415_M2_L,False,27,46.0,neuron,neuronal_or_other,True,False,False,False,False,1,-1.6313628435160832,0.3971940074798795,0.513717216365324,0.043903213339943785,False,True,True,True,True,False
2796212800174100040,astrocyte_2,4,oligodendrocyte_2,oligodendrocyte_2,oligodendrocyte_2,0.9180289649271478,0.8720355340912833,0.3979350341541197,0.9630508672356228,0.9412453223100441,0.18664454053575613,0.714984312439294,0.5442900182145131,0.9016062527129466,__MISSING__,__MISSING__,__MISSING__,0613_F5_L,True,10,22.0,glial_non_neuronal,astrocyte,True,True,True,True,False,3,-0.2464210228297189,0.059156774707756904,0.10149225971551092,0.01378771074155445,True,False,False,False,False,False
2787889600384100079,oligodendrocyte_progenitor_2,4,endothelial,endothelial,astrocyte_2,0.380805072663088,0.16188237530704894,1.5997884362709207,0.4843360915776638,0.21217057185148408,1.197040042090861,0.4451708041108447,0.2108741614531885,1.6419998974817607,__MISSING__,__MISSING__,__MISSING__,0503_M4_C,True,7,14.0,glial_non_neuronal,oligodendrocyte_opc,True,False,False,False,False,1,1.460348716552566,0.32758546393962584,0.5581784716708699,0.09654405778060432,True,False,False,False,False,False
2656144300060100179,DH_ex_Grp,3,DH_ex_Prkcg/Rxfp1,DH_ex_Prkcg/Rxfp1,oligodendrocyte_progenitor_2,0.8398210299575669,0.6941639818611065,0.48867123379415206,0.924574646371226,0.8492235049427641,0.2680397986132047,0.23987645235756733,0.03813435037145657,2.4414485297206903,1,excitatory,6,0328_F2_C,False,4,9.0,neuron,neuronal_or_other,True,False,False,False,False,1,-1.2812052291646092,0.7808710945273599,0.7950593567169452,0.016639331260125026,True,False,False,False,False,False
2795103300368100087,DH_ex_Maf/Slc17a8,3,DH_ex_Rreb1,DH_ex_Rreb1,DM_ex_Zfhx3,0.5456866834931794,0.1227277796194518,0.8144128208082065,0.624119405322546,0.2630442791139051,0.7268936739804961,0.2274815373767041,0.11881164157227578,2.8868826609955707,1,excitatory,10,0610_M5_T,False,11,14.0,neuron,neuronal_or_other,True,False,False,False,False,1,1.1501205703305601,0.6783422427521132,0.6873596379029308,0.006149042412576567,True,False,False,False,False,False
2795584800138100236,MV_in_Esrrb,2,MV_in_Esrrb,MV_in_Esrrb,DM_ex_Zfhx3,0.9999999940999997,0.9999999939999997,1.4175252073536734e-07,1.0,1.0,-0.0,0.32591198998499127,0.21626221123030845,2.450005569171446,4,inhibitory,14,0610_F3_S,False,15,22.0,neuron,neuronal_or_other,True,False,False,False,False,1,-1.5875082935016243,0.9505641215005598,0.9505641896700388,2.950000006277528e-09,False,True,True,True,True,False
2707737900036100042,astrocyte_2,3,oligodendrocyte_progenitor_2,oligodendrocyte_progenitor_2,oligodendrocyte_progenitor_2,0.9686015319158012,0.9554814527679423,0.1931442251894858,0.9995861222795245,0.9992431686822539,0.0039630220708783215,0.9773229875522279,0.9691409054211545,0.14674041198955645,__MISSING__,__MISSING__,__MISSING__,0415_F1_L,True,22,81.0,glial_non_neuronal,astrocyte,True,True,True,True,False,3,0.7782374694524572,0.0046101496976346645,0.01040038112192871,0.014998181268963054,True,False,False,False,False,False
2787445900289100143,MV_in_Gabra1,2,MV_in_Gabra1,MV_in_Gabra1,MV_in_Gm26673,0.9999974170543058,0.9999961038254799,3.929033417402916e-05,1.0,1.0,-0.0,0.338735273133663,0.11092671014027838,1.621797817754672,4,inhibitory,16,0503_F4_C,False,60,179.0,neuron,neuronal_or_other,True,False,False,False,False,1,-1.9071319990489173,0.6260542195814381,0.6260722628382491,1.291474050141513e-06,False,True,True,True,True,False
2656144900558100177,MV_in_Gm26673,3,MV_in_Chrna2,MV_in_Gm26673,MV_in_Chrna2,0.5765820383311717,0.15316408246234364,0.6813714005919331,0.7750332401547044,0.5500664803094089,0.5331227273879341,0.2573135065322084,0.02925961274401087,2.04142570303517,4,inhibitory,19,0328_M2_L,False,12,20.0,neuron,neuronal_or_other,False,True,False,False,False,2,0.25421208102685156,0.4524076891817114,0.5461478336028466,0.09532956028426992,False,False,True,False,True,False
2795103300219100123,meninges_3,4,meninges_2,meninges_3,meninges_1,0.4753940577612699,0.13063321360844338,1.118282159020028,0.6592562809854704,0.3663877269187507,0.8189176903208646,0.41433846336176294,0.07232595727796853,1.1457120070174307,__MISSING__,__MISSING__,__MISSING__,0610_M4_C,True,3,54.0,glial_non_neuronal,meningeal,False,False,False,False,True,1,0.7897953092544977,0.06531813376311486,0.1899684308183167,0.21175008445414564,False,False,True,False,True,False
2656144900541100114,oligodendrocyte_progenitor_2,0,endothelial,endothelial,endothelial,0.8175991823778768,0.6950976982366078,0.6373298894937874,0.990278818067204,0.9842266698181181,0.06380973321134542,0.7305020641577858,0.5956977411662107,1.0509550741926519,__MISSING__,__MISSING__,__MISSING__,0328_M1_S,True,9,11.0,glial_non_neuronal,oligodendrocyte_opc,True,True,True,True,False,3,0.14104350254547773,0.05533795512851554,0.12469688062872099,0.07865545446599753,True,False,False,False,False,False
2796212800913100278,oligodendrocyte_progenitor_2,1,oligodendrocyte_1,oligodendrocyte_1,oligodendrocyte_1,0.7008185955132779,0.45320369075034245,0.8075936905692589,0.8699955889854802,0.7654249382496071,0.45529744474476463,0.5637821709515085,0.24114076584221983,1.2112008424113867,__MISSING__,__MISSING__,__MISSING__,0613_F3_C,True,6,9.0,glial_non_neuronal,oligodendrocyte_opc,True,True,True,True,False,3,-0.06747395389928243,0.035933794723610635,0.1022085915297136,0.03532013532745029,True,False,False,False,False,False
2707737900147100271,DH_in_Rorb,1,DH_in_Rorb,DH_in_Rorb,oligodendrocyte_progenitor_2,0.9999999940999997,0.9999999939999997,1.4175252073536737e-07,1.0,1.0,-0.0,0.3642697753669007,0.06843387623850039,1.8653198323014923,1,inhibitory,7,0415_F1_T,False,12,14.0,neuron,neuronal_or_other,True,False,False,False,False,1,-2.036079471502082,0.8390736543626979,0.8390737215664067,2.950000006277528e-09,False,True,True,True,True,False
2787889600360100127,astrocyte_1,2,astrocyte_1,astrocyte_1,astrocyte_2,0.8627368113423777,0.8011146480012251,0.6365233053283853,0.99126723292175,0.985229609564847,0.05889398024859406,0.7888888715263367,0.7030078480184555,0.9695634096585612,__MISSING__,__MISSING__,__MISSING__,0503_M5_S,True,7,8.0,glial_non_neuronal,astrocyte,True,False,False,False,False,1,0.2748672434797979,0.6760700103974829,0.7664277842402533,0.05748206937814658,False,True,True,True,True,False
2726543700130100054,MV_in_Esrrb,3,MV_in_Esrrb,MV_in_Esrrb,endothelial,0.9999999940999997,0.9999999939999997,1.4175252073536734e-07,1.0,1.0,-0.0,0.3624292247941077,0.12836952387892592,1.842117049710226,4,inhibitory,14,0422_M3_C,False,10,16.0,neuron,neuronal_or_other,True,False,False,False,False,1,-1.854210386202732,0.6818460627389211,0.6818461267321336,2.950000006277528e-09,False,True,True,True,True,False
2796212800377100126,endothelial,2,endothelial,endothelial,oligodendrocyte_1,0.3892122518367327,0.12189015532974534,1.5228657340474836,0.5164614265220938,0.2867704142237975,1.2831213745221692,0.26685143132990413,0.11427773934671526,2.6376049692424774,__MISSING__,__MISSING__,__MISSING__,0613_F5_T,True,5,5.0,glial_non_neuronal,vascular,True,False,False,False,False,1,1.0907710643877613,0.1857324078340645,0.2331737973482453,0.04927641519840784,False,True,True,True,True,False
2707604700132200249,oligodendrocyte_progenitor_2,2,oligodendrocyte_2,oligodendrocyte_2,oligodendrocyte_2,0.949807308225856,0.9319082777527564,0.28280454121488824,0.9823573276907998,0.9648069379130052,0.08949217888243496,0.9276296749039381,0.8678327142279795,0.31817845914877274,__MISSING__,__MISSING__,__MISSING__,0415_M2_L,True,17,29.0,glial_non_neuronal,oligodendrocyte_opc,True,True,True,True,False,3,0.581380429646877,0.01812382085643961,0.015345996007716335,0.016008159619588343,True,False,False,False,False,False
2795103300179100159,MV_in_Gabra1,0,MV_in_Gabra1,MV_in_Gabra1,endothelial,0.9999999940999997,0.9999999939999997,1.4175252073536734e-07,1.0,1.0,-0.0,0.25770794122498797,0.05753008831507209,2.0718783701477785,4,inhibitory,16,0610_M4_C,False,11,13.0,neuron,neuronal_or_other,True,False,False,False,False,1,-2.069165990360259,0.6097566578349578,0.6097567229794544,2.950000006277528e-09,False,True,True,True,True,False
2656144900237100080,M_ex_Vsx2/Shox2,4,M_ex_Vsx2/Shox2,M_ex_Vsx2/Shox2,MV_ex_Shox2,0.951481662091237,0.902963329982474,0.19412937335281621,0.9998181337929593,0.9996362675859185,0.0017481249580647447,0.46542638991809854,0.09185036444634842,1.3713165785221664,3,excitatory,20,0328_M2_C,False,7,10.0,neuron,neuronal_or_other,True,False,False,False,False,1,-1.79057225592241,0.4070448435990994,0.41949297259901613,0.0239176932703955,False,True,True,True,True,False
2707604700155100019,oligodendrocyte_precursor_cell,2,oligodendrocyte_progenitor_2,oligodendrocyte_progenitor_2,oligodendrocyte_progenitor_2,0.7831276572625663,0.6761229289736025,0.8675699879791717,0.8975903196151976,0.8109028859961933,0.38761889827474305,0.7667878761753839,0.6302070186311843,0.9161371589718855,__MISSING__,__MISSING__,__MISSING__,0415_M2_L,True,24,31.0,glial_non_neuronal,oligodendrocyte_opc,True,True,True,True,False,3,0.6237419677643417,0.02975340157745415,0.036223378988737065,0.03924679324732725,True,False,False,False,False,False
2656144900262100025,oligodendrocyte_progenitor_2,1,oligodendrocyte_progenitor_2,oligodendrocyte_progenitor_2,oligodendrocyte_1,0.6059785588405987,0.405040731292929,1.215175980797532,0.5885369777151516,0.2937967199273937,1.0287971535094682,0.5027808055379015,0.2852540515125058,1.5070802434148634,__MISSING__,__MISSING__,__MISSING__,0328_M2_C,True,6,8.0,glial_non_neuronal,oligodendrocyte_opc,True,False,False,False,False,1,1.0886965765703007,0.14118260081299666,0.12547669618108173,0.026600102423105784,False,True,True,True,True,False
2707737900132100163,MV_in_Chrna2,3,MV_in_Chrna2,MV_in_Chrna2,MV_in_Gabra1,0.8090651062280844,0.6181318615192275,0.4875975961948377,0.9992252687510016,0.9984505375020031,0.006323826637588982,0.6733306392246131,0.5067091104286485,1.0849412010518333,4,inhibitory,19,0415_F1_T,False,27,52.0,neuron,neuronal_or_other,True,False,False,False,False,1,-0.019419321254251276,0.6081286788552018,0.6523140394087569,0.09944299564716305,False,True,True,True,True,False
2726544200070100057,oligodendrocyte_1,4,oligodendrocyte_1,oligodendrocyte_1,astrocyte_2,0.32536611589638265,0.018110606119959183,1.6296479420842673,0.7634402672347843,0.6270194265777498,0.788899486702608,0.8505523770974851,0.7897646056503843,0.6540291823283363,__MISSING__,__MISSING__,__MISSING__,0422_M1_C,True,6,8.0,glial_non_neuronal,oligodendrocyte_opc,True,False,False,False,False,1,2.6509511011350626,0.5078815254586493,0.6730686654233295,0.16509131089414836,False,True,True,True,True,False
2796212800295100181,MV_in_Gm26673,2,MV_in_Gm26673,MV_in_Gm26673,M_in_Tfap2b,0.9797990931885946,0.9595981921771893,0.09882009688284626,0.9672538682577541,0.9345077365155081,0.14416208350129145,0.676698309791661,0.5478758167330431,1.2734770955345822,4,inhibitory,19,0613_F4_S,False,25,36.0,neuron,neuronal_or_other,True,False,False,False,False,1,-0.3789358558636734,0.8002748433587265,0.7927610001644929,0.001111507776082941,False,True,True,True,True,False
2787445900657100203,oligodendrocyte_progenitor_2,0,oligodendrocyte_progenitor_2,oligodendrocyte_1,oligodendrocyte_1,0.3001495061975084,0.008239433927252904,1.7480276588821446,0.33808968117919574,0.004924296758955893,1.3985851836711345,0.39850344483952066,0.24241733653990716,2.0097553678151567,__MISSING__,__MISSING__,__MISSING__,0503_F3_C,True,9,11.0,glial_non_neuronal,oligodendrocyte_opc,False,False,True,False,False,2,2.242479863396833,0.15754006769387052,0.1276346245943301,0.10897134659734097,False,False,True,True,False,False
2656144900641100095,DH_ex_Prkcg/Rxfp1,3,DH_ex_Prkcg/Rxfp1,DH_ex_Prkcg/Rxfp1,DH_ex_Tac2,0.8313271254823554,0.6863791195814306,0.5222826933304013,0.9920299392226384,0.9840839350452834,0.04661367381679429,0.28544660716593895,0.041886308777991516,1.9904327494577083,1,excitatory,6,0328_M1_L,False,10,29.0,neuron,neuronal_or_other,True,False,False,False,False,1,-1.5235525417992632,0.5806979614800513,0.611869752880106,0.07076987284777052,False,True,True,True,True,False
2707604700133100078,oligodendrocyte_1,0,oligodendrocyte_2,oligodendrocyte_2,oligodendrocyte_2,0.8924470037225533,0.8252171396293364,0.48758567197612923,0.9968314139038827,0.9941942397207776,0.023072533601870945,0.7944501257091477,0.6719504277283951,0.6984213719876107,__MISSING__,__MISSING__,__MISSING__,0415_M2_L,True,12,14.0,glial_non_neuronal,oligodendrocyte_opc,True,True,True,True,False,3,0.11968145847554928,0.034922625094395046,0.1010920202886657,0.04766941815712796,True,False,False,False,False,False
2795103300029100113,oligodendrocyte_progenitor_1,3,oligodendrocyte_precursor_cell,oligodendrocyte_precursor_cell,oligodendrocyte_precursor_cell,0.6415698943034964,0.512100086726584,1.3069706794800446,0.903040431062093,0.8288553230403147,0.3951216820548102,0.7184488769380719,0.4663749994090846,0.7411397400268639,__MISSING__,__MISSING__,__MISSING__,0610_M4_S,True,11,19.0,glial_non_neuronal,oligodendrocyte_opc,True,True,True,True,False,3,0.38463649748092515,0.1366494795184458,0.12777223263119755,0.11842686359408028,True,False,False,False,False,False
2945606900000006378,MV_in_Gabra1,3,MV_in_Gabra1,MV_in_Gabra1,MV_ex_Syt2,0.9999999940999997,0.9999999939999997,1.4175252073536734e-07,1.0,1.0,-0.0,0.3343170757279943,0.07792530537723169,1.6181275364713767,4,inhibitory,16,0328_F1_C,False,23,63.0,neuron,neuronal_or_other,True,False,False,False,False,1,-2.007278622531521,0.5414209411728422,0.5414210018999008,2.950000006277528e-09,False,True,True,True,True,False
2795903600438100113,DH_ex_Prkcg/Nts,1,DH_ex_Prkcg/Nts,DH_ex_Prkcg/Nts,DH_ex_Grpr,0.8165530231128385,0.7217811346100106,0.6225759928961433,0.9851215724975813,0.9728880180071473,0.08470107633154846,0.34580882615773384,0.21587444882795104,2.4580623395471646,1,excitatory,8,0613_M5_C,False,14,16.0,neuron,neuronal_or_other,True,False,False,False,False,1,-1.0367625272392524,0.7708799800223781,0.8001496355535113,0.0695916915906728,False,True,True,True,True,False
2787445900359100176,astrocyte_1,1,oligodendrocyte_progenitor_2,oligodendrocyte_progenitor_2,oligodendrocyte_progenitor_2,0.9376783847167125,0.8970252932369508,0.303873093372017,0.9612508520330463,0.9282596506796971,0.18106492058914783,0.8350521211959825,0.7090997853745453,0.6008895450587455,__MISSING__,__MISSING__,__MISSING__,0503_F4_C,True,26,92.0,glial_non_neuronal,astrocyte,True,True,True,True,False,3,0.23471201613071524,0.025357632222486902,0.036482695156035354,0.0067604349775940015,True,False,False,False,False,False
2726543700401100041,MV_in_Sema5b,1,MV_in_Sema5b,MV_in_Sema5b,MV_in_Chrna2,0.9999999940999997,0.9999999939999997,1.4175252073536734e-07,1.0,1.0,-0.0,0.38951576575779306,0.03840536476228651,1.478808846532753,4,inhibitory,15,0422_M3_L,False,9,13.0,neuron,neuronal_or_other,True,False,False,False,False,1,-2.127198165135694,0.4416217018950371,0.4416217637136933,2.950000006277528e-09,False,True,True,True,True,False
2796212800790100231,MV_in_Sema5b,0,MV_in_Sema5b,MV_in_Sema5b,MV_in_Gabra1,0.9999999940999997,0.9999999939999997,1.4175252073536734e-07,1.0,1.0,-0.0,0.3882882866068851,0.09932785795821453,1.619826014739928,4,inhibitory,15,0613_F4_C,False,10,16.0,neuron,neuronal_or_other,True,False,False,False,False,1,-1.9423345898195228,0.8080396674859106,0.8080397290308572,2.950000006277528e-09,False,True,True,True,True,False
2726562700117100326,DH_ex_Grp,3,DH_ex_Prkcg/Rxfp1,DH_ex_Grp,oligodendrocyte_1,0.7203668230844986,0.4459613524484255,0.6185888623162955,0.619716543929483,0.2396211449627209,0.6658222089349392,0.3271769277462944,0.11859100099561504,2.1505071540967418,1,excitatory,6,0422_F2_C,False,6,7.0,neuron,neuronal_or_other,False,False,False,False,True,1,0.6172380226807634,0.9888682702036872,0.9881910719184118,0.09006858744017168,False,False,True,False,True,False
2656143800416100329,DH_ex_Reln/Nmur2,0,DH_ex_Cpne4,DH_ex_Cpne4,DH_ex_Cpne4,0.8425300488630161,0.6850601035260326,0.4354506937185994,0.989750587436518,0.9795011748730359,0.057144498765507284,0.76326443442178,0.716288119490472,1.1575024037426125,1,excitatory,3,0328_M3_L,False,14,19.0,neuron,neuronal_or_other,True,True,True,True,False,3,0.5343136548490885,0.11902413689344345,0.11467311336833011,0.06030287822413822,True,False,False,False,False,False
2795103300446100279,DH_ex_Nmu/Tac2,0,DH_ex_Nmu/Tac2,DH_ex_Nmu/Tac2,astrocyte_1,0.9881333483781508,0.9778661877084951,0.06943145612088639,0.9999872502250524,0.999979044876874,0.00016652767992503422,0.709580490597696,0.5007801500701672,0.9814417606433763,1,excitatory,8,0610_M5_L,False,8,11.0,neuron,neuronal_or_other,True,False,False,False,False,1,-0.6844963900892056,0.5962699543644541,0.5986687200102315,0.005900585614897635,False,True,True,True,True,False
2795584800136100155,astrocyte_2,3,astrocyte_1,astrocyte_1,astrocyte_1,0.8011423271641072,0.6193077919806098,0.5874390479564823,0.8125611833906398,0.6252238393230736,0.4835299135725894,0.8222737907896496,0.6506605645308938,0.5094918484364312,__MISSING__,__MISSING__,__MISSING__,0610_F3_S,True,11,15.0,glial_non_neuronal,astrocyte,True,True,True,True,False,3,1.156059989561252,0.004015089692180395,0.0030256195240961,0.00822197234700943,True,False,False,False,False,False
2795584800103100078,MV_in_Sema5b,3,MV_in_Sema5b,MV_in_Sema5b,oligodendrocyte_1,0.9999999940999997,0.9999999939999997,1.4175252073536734e-07,1.0,1.0,-0.0,0.5375536765541117,0.41176418419714744,1.7406154046389486,4,inhibitory,15,0610_F3_S,False,4,4.0,neuron,neuronal_or_other,True,False,False,False,False,1,-0.9942759451835002,0.8948885331234583,0.8948886039898427,2.950000006277528e-09,False,True,True,True,True,False
2796212800176100078,DH_ex_Nmu/Tac2,0,DH_ex_Nmu/Tac2,DH_ex_Nmu/Tac2,DH_in_Cdh3,0.9960768366270379,0.9933421514589988,0.02888163782918414,0.9999693097725808,0.9999535058802271,0.0003778389918388305,0.22942526810031255,0.058550067612816614,2.450381919439901,1,excitatory,8,0613_F5_L,False,11,15.0,neuron,neuronal_or_other,True,False,False,False,False,1,-2.054058771136895,0.6419464031981101,0.648818978296131,0.0018584128095992078,False,True,True,True,True,False
2656143800054100097,oligodendrocyte_1,1,oligodendrocyte_progenitor_2,oligodendrocyte_progenitor_2,oligodendrocyte_progenitor_2,0.9283155834398898,0.8918972037994595,0.36743425379366,0.9967540198918429,0.9938356386467111,0.023487021978065056,0.9160848121304225,0.8799305587161511,0.44394290917862167,__MISSING__,__MISSING__,__MISSING__,0328_M3_C,True,14,44.0,glial_non_neuronal,oligodendrocyte_opc,True,True,True,True,False,3,0.6321083146715185,0.019346301969010552,0.036142703828676695,0.029640372630437024,True,False,False,False,False,False
2787445900242100087,oligodendrocyte_1,3,oligodendrocyte_1,oligodendrocyte_1,oligodendrocyte_progenitor_2,0.6378978776459701,0.3018313757541812,0.7876910400463131,0.5386903996336888,0.078846532680242,0.7014681035829641,0.55443326206372,0.13423719653551747,0.837686648039466,__MISSING__,__MISSING__,__MISSING__,0503_F5_C,True,5,11.0,glial_non_neuronal,oligodendrocyte_opc,True,False,False,False,False,1,1.241863088069787,0.04145869860586032,0.018718989751864125,0.021008158737493607,False,True,True,True,True,False
2656144300123100021,astrocyte_2,1,oligodendrocyte_1,oligodendrocyte_1,endothelial,0.5000571427454781,0.3280266015320341,1.474981772055696,0.6069406185921126,0.3886809639459762,1.1600804599615686,0.24900815170599425,0.010412661744049256,2.376840192783446,__MISSING__,__MISSING__,__MISSING__,0328_F2_T,True,4,4.0,glial_non_neuronal,astrocyte,True,False,False,False,False,1,0.20427340000375527,0.20116102458016014,0.2831382849357539,0.02518408063032693,True,False,False,False,False,False
2787445900286100122,DH_ex_Prkcg/Rxfp1,2,DH_ex_Prkcg/Rxfp1,DH_ex_Prkcg/Rxfp1,endothelial,0.5809219457235357,0.16882310507554382,0.7154942815092569,0.6779654489319946,0.3569678068360367,0.6353789954430055,0.18579637077055797,0.01646394673904103,2.634457277531427,1,excitatory,6,0503_F4_C,False,11,21.0,neuron,neuronal_or_other,True,False,False,False,False,1,0.5706103853984731,0.69902615335992,0.7009970410282695,0.0085755168973242,False,True,True,True,True,False
2795903600143100380,DH_ex_Reln,4,DH_ex_Reln,DH_ex_Reln,DH_ex_Prkcg/Rxfp1,0.5580524086024984,0.12253943593085198,0.7199946572611758,0.8794652853294689,0.759156810559805,0.3696354043762213,0.27702826215175586,0.12022622451936016,2.5551901756668354,1,excitatory,6,0613_M5_L,False,19,24.0,neuron,neuronal_or_other,True,False,False,False,False,1,0.1700698319660765,0.5058385973774769,0.6631306392910334,0.09722542874120847,False,True,True,True,True,False
2946331700000017600,oligodendrocyte_progenitor_2,4,oligodendrocyte_1,oligodendrocyte_1,MV_ex_Shox2,0.4770818225286379,0.2175382677756843,1.4557083965214668,0.6039169932736208,0.3520926702740182,1.026839397639696,0.6212025584297962,0.5011436413750695,1.383026637584356,__MISSING__,__MISSING__,__MISSING__,0415_F2_L,True,12,18.0,glial_non_neuronal,oligodendrocyte_opc,True,False,False,False,False,1,1.9637839916100512,0.6390035372659896,0.6450417122257694,0.062022986363877125,True,False,False,False,False,False
2707604000155100034,oligodendrocyte_progenitor_2,0,oligodendrocyte_progenitor_2,oligodendrocyte_progenitor_2,DH_ex_Nmu/Tac2,0.7367795379907167,0.5701564645145492,0.9077272389851248,0.9143641260616611,0.8372324949936477,0.33280036894431825,0.8152201913085751,0.7512138616451889,0.9291102358630057,__MISSING__,__MISSING__,__MISSING__,0415_M3_T,True,10,19.0,glial_non_neuronal,oligodendrocyte_opc,True,False,False,False,False,1,1.128384715577892,0.7782034936230241,0.8017860362676057,0.09351443286688148,False,True,True,True,True,False
2656143800418100055,DH_ex_Grp,2,DH_ex_Grp,DH_ex_Grp,MV_in_Chrna2,0.6371858354231104,0.3164491636472992,0.785208440522249,0.9550400143829335,0.9111038216804381,0.18828316874016457,0.893142042000104,0.8665080894918292,0.6290407002692454,1,excitatory,6,0328_M3_L,False,13,18.0,neuron,neuronal_or_other,True,False,False,False,False,1,1.785841291110914,0.9185206142822699,0.9164707935232097,0.12666196616142644,False,True,True,True,True,False
2787445900401100112,astrocyte_1,3,oligodendrocyte_progenitor_2,oligodendrocyte_progenitor_2,oligodendrocyte_progenitor_2,0.7254870094574746,0.5261006399288556,0.8692820270118885,0.9015831585064564,0.8090326687362835,0.3496650678834972,0.8273422095490456,0.7588268291524622,0.7835152488201065,__MISSING__,__MISSING__,__MISSING__,0503_F4_C,True,16,28.0,glial_non_neuronal,astrocyte,True,True,True,True,False,3,1.2863319487194895,0.09840022129408817,0.09099363796910517,0.051073099532247784,True,False,False,False,False,False
2707604000041100057,endothelial,4,endothelial,endothelial,M_in_Tfap2b,0.43999631708069337,0.0531308984909431,1.4482281232054706,0.6584208659570033,0.3678592565744097,0.8484030590975156,0.5024714638224869,0.3182040736901163,1.8419358102374954,__MISSING__,__MISSING__,__MISSING__,0415_M3_L,True,15,30.0,glial_non_neuronal,vascular,True,False,False,False,False,1,1.6717253627914457,0.460037544648867,0.5062926791742031,0.060897571217475924,False,True,True,True,True,False
2795103300189100043,oligodendrocyte_2,0,oligodendrocyte_progenitor_2,oligodendrocyte_progenitor_2,oligodendrocyte_progenitor_2,0.9224163249932262,0.8923205910524862,0.41361740995780893,0.9928224242636748,0.989381438362254,0.05346774992421117,0.7658783254132939,0.7373249214301627,1.250326441434717,__MISSING__,__MISSING__,__MISSING__,0610_M4_T,True,13,13.0,glial_non_neuronal,oligodendrocyte_opc,True,True,True,True,False,3,0.20746757047893272,0.0928723203101367,0.11577666728686532,0.02960792316416806,True,False,False,False,False,False
2726544600404100198,MV_in_Gm26673,3,MV_in_Gm26673,MV_in_Gm26673,MV_ex_Syt2,0.9961322249761893,0.992291062985808,0.025505806225797324,0.9999964334594518,0.9999928669189037,4.830491376371763e-05,0.9309793880758521,0.8751864579997847,0.3061707953685482,4,inhibitory,19,0422_F1_L,False,27,66.0,neuron,neuronal_or_other,True,False,False,False,False,1,0.42575124260795616,0.842436156101691,0.8424899070721866,0.001917832378914729,False,True,True,True,True,False
2787889600229100023,MV_in_Sema5b,3,MV_in_Sema5b,MV_in_Sema5b,DH_ex_Maf/Cck,0.9999999940999997,0.9999999939999997,1.4175252073536734e-07,1.0,1.0,-0.0,0.4087596666264629,0.29742457631456165,2.1234694672347607,4,inhibitory,15,0503_M5_T,False,16,22.0,neuron,neuronal_or_other,True,False,False,False,False,1,-1.3412287306751594,0.8485657708485824,0.8485658393255712,2.950000006277528e-09,False,True,True,True,True,False
2787889600582100166,DH_in_Cdh3,4,DH_in_Cdh3,DH_in_Klhl14,MV_in_Gabra1,0.815721364845652,0.6314427354913044,0.4778198781279695,0.5740115648613646,0.14802312972272919,0.682151395183882,0.18513389032323532,0.025733428892188714,2.662214284364098,1,inhibitory,10,0503_M4_S,False,16,23.0,neuron,neuronal_or_other,False,False,False,False,True,1,0.1851958301909602,0.6932808247324692,0.722722384155356,0.12069369226829992,False,False,True,True,False,False
2787889600516100044,oligodendrocyte_1,2,oligodendrocyte_2,oligodendrocyte_2,oligodendrocyte_2,0.6544923997495847,0.4317748079579645,0.9293209989332637,0.7960091042006926,0.6286643114078869,0.604986540294531,0.5006870087865697,0.2545934652932205,1.1833537656686144,__MISSING__,__MISSING__,__MISSING__,0503_M4_L,True,7,17.0,glial_non_neuronal,oligodendrocyte_opc,True,True,True,True,False,3,0.283153767769559,0.030691617992579148,0.0976244244720084,0.027522040279587844,True,False,False,False,False,False
2795903600616100088,DM_ex_Zfhx3,1,DM_ex_Zfhx3,DM_ex_Zfhx3,MV_in_Gabra1,0.9999999940999997,0.9999999939999997,1.4175252073536737e-07,1.0,1.0,-0.0,0.3581965969233932,0.2657781842780548,2.492906510422777,2,excitatory,11,0613_M4_C,False,6,8.0,neuron,neuronal_or_other,True,False,False,False,False,1,-1.4372567306933348,0.8923581463096218,0.8923582205220831,2.950000006277528e-09,False,True,True,True,True,False
2787445900396100255,astrocyte_1,3,endothelial,endothelial,beta_motoneuron,0.4314595183425137,0.20322484231092944,1.4523626682733628,0.46891859260790364,0.13693934854401502,1.1862605676446727,0.4958553829199838,0.33350822842727357,1.6760731312844244,__MISSING__,__MISSING__,__MISSING__,0503_F4_C,True,7,8.0,glial_non_neuronal,astrocyte,True,False,False,False,False,1,1.9077708905007498,0.3936193837251598,0.3855684467405714,0.034385231177044964,True,False,False,False,False,False
2796212800919100069,oligodendrocyte_1,1,oligodendrocyte_progenitor_2,oligodendrocyte_progenitor_2,astrocyte_1,0.49142272604068327,0.24408524561164543,1.2046816109607348,0.4707140787607466,0.10669617762913097,1.0532112841084456,0.3127638380534117,0.046644057493781255,1.6638792896472043,__MISSING__,__MISSING__,__MISSING__,0613_F4_C,True,22,48.0,glial_non_neuronal,oligodendrocyte_opc,True,False,False,False,False,1,1.02418030145768,0.08689898953452167,0.11091925065242934,0.0294912220316582,True,False,False,False,False,False
2656144900186200096,astrocyte_1,4,astrocyte_1,astrocyte_1,astrocyte_2,0.8537134015252963,0.8124849721750635,0.6823811135485371,0.9945301202686294,0.9906707082767233,0.03830336555205854,0.44957970593020335,0.01273510750501905,1.1758520319376273,__MISSING__,__MISSING__,__MISSING__,0328_M2_C,True,9,11.0,glial_non_neuronal,astrocyte,True,False,False,False,False,1,-1.8508568381081465,0.24113217791122743,0.35022788854584197,0.06801712621656547,False,True,True,True,True,False
2787445900659100089,pericyte,1,oligodendrocyte_1,astrocyte_1,oligodendrocyte_1,0.9379621320363352,0.9042179042861817,0.30116740383142454,0.33867191221181,0.006796615875531153,1.3197576749907038,0.3761290395785939,0.12453017717511333,1.6174161162382792,__MISSING__,__MISSING__,__MISSING__,0503_F3_C,True,9,11.0,glial_non_neuronal,vascular,False,True,False,False,False,2,0.2769259777757598,0.2998747875635636,0.034325772567544634,0.34283123641043417,True,False,False,False,False,False
2787889600315100153,DH_in_Cdh3,0,DH_in_Cdh3,DH_in_Cdh3,oligodendrocyte_progenitor_2,0.8640058341314942,0.7280116740629887,0.3976246830785454,0.9873716588412182,0.9747433176824365,0.06775699540825245,0.35647348184204153,0.12848190115561792,2.2342648656741404,1,inhibitory,10,0503_M4_C,False,37,68.0,neuron,neuronal_or_other,True,False,False,False,False,1,-1.31678425999749,0.5497937377653902,0.5602741723776821,0.04610841512343491,False,True,True,True,True,False
2795903600696100024,DH_in_Pdyn/Gal,3,DH_in_Pdyn/Gal,DH_in_Pdyn/Gal,DH_in_Pdyn,0.9999974663932274,0.9999957435789715,3.6905635390361446e-05,1.0,1.0,-0.0,0.4300962893665238,0.005524906271444918,1.1887966512101729,1,inhibitory,5,0613_M4_C,False,28,65.0,neuron,neuronal_or_other,True,False,False,False,False,1,-2.2269632139691224,0.3739777207599399,0.3739899353691515,1.2668045437556749e-06,False,True,True,True,True,False
2945606900000006766,oligodendrocyte_precursor_cell,1,astrocyte_1,astrocyte_1,astrocyte_1,0.8091830125726691,0.7644525896748277,0.8799111173636066,0.943683023400258,0.9037295676648605,0.2685061171733233,0.5031015655702652,0.4409168891802745,2.2230899608451993,__MISSING__,__MISSING__,__MISSING__,0328_F1_C,True,12,14.0,glial_non_neuronal,oligodendrocyte_opc,True,True,True,True,False,3,-0.2930243314632448,0.22390619619186122,0.2612456299994169,0.05433581702220394,True,False,False,False,False,False
2796212800529100094,DH_in_Cdh3,1,DH_in_Cdh3,DH_in_Cdh3,DH_ex_Tac2,0.9949132582265736,0.9898265222531475,0.031937573433481733,0.9959353360238409,0.9918706720476818,0.026434091442063032,0.27473561290541343,0.17314121505109709,2.7729255885569706,1,inhibitory,10,0613_F4_T,False,8,10.0,neuron,neuronal_or_other,True,False,False,False,False,1,-1.6840057386942546,0.9179941389025037,0.9184030736335393,4.14490392079235e-05,False,True,True,True,True,False
2656143800130100125,oligodendrocyte_progenitor_2,2,oligodendrocyte_1,oligodendrocyte_1,oligodendrocyte_2,0.41968286051981485,0.15367056921673,1.5054846011812923,0.46128601241928124,0.13800805392034782,1.202926863793308,0.46581878607051974,0.283319136621906,1.7979828690678985,__MISSING__,__MISSING__,__MISSING__,0328_M3_C,True,16,19.0,glial_non_neuronal,oligodendrocyte_opc,True,False,False,False,False,1,1.8420754326350854,0.15321874252633044,0.3072237628624026,0.06721060627727794,True,False,False,False,False,False
2795903600241200092,MV_in_Chrna2,1,MV_in_Chrna2,MV_in_Chrna2,astrocyte_1,0.9160127030177547,0.8321219711211467,0.28928830833560837,0.9998950656933652,0.9997901313867302,0.0010663553924051647,0.31474621720789103,0.15125228754965445,2.487742903849287,4,inhibitory,19,0613_M4_L,False,21,29.0,neuron,neuronal_or_other,True,False,False,False,False,1,-1.483796859635922,0.6628557351912667,0.6590601411555643,0.042789452545035196,False,True,True,True,True,False
2796212800977100037,MV_in_Gm26673,1,MV_in_Gm26673,MV_in_Gm26673,MV_ex_Syt2,0.9972837916295392,0.9945675890590786,0.018761388218951954,0.9999930446119014,0.9999860892238028,8.955751076860602e-05,0.6237502926471649,0.4302967936375023,1.2179774570044042,4,inhibitory,19,0613_F3_C,False,24,72.0,neuron,neuronal_or_other,True,False,False,False,False,1,-0.9282869374558106,0.8046060416713047,0.8056156222871864,0.0013279433783146416,False,True,True,True,True,False
2707604800384100232,DH_ex_Grp,3,DH_ex_Grp,DH_ex_Grp,oligodendrocyte_progenitor_2,0.6320147944133028,0.27419490465421104,0.7043823110433737,0.9161581367375181,0.8328746389268266,0.29140854268407657,0.34499311560434587,0.0762970247191539,2.200737438277944,1,excitatory,6,0415_M1_C,False,13,18.0,neuron,neuronal_or_other,True,False,False,False,False,1,-0.3810610185278545,0.8820859593186162,0.9032690511057923,0.0890884687617261,False,True,True,True,True,False
2796212800570100101,DH_ex_Grp,0,DH_ex_Grp,DH_ex_Grp,oligodendrocyte_precursor_cell,0.6931918779814118,0.4085853150679331,0.696203827163129,0.5183382899640926,0.038524563309799476,0.7045994809870431,0.7743648545265852,0.7075637530816792,1.1179910904515395,1,excitatory,6,0613_F5_C,False,13,18.0,neuron,neuronal_or_other,True,False,False,False,False,1,2.8704718029084835,0.9830557554368093,0.9856346215264594,0.03463745672566251,False,True,True,True,True,False
2795903600166100037,oligodendrocyte_progenitor_2,4,astrocyte_2,astrocyte_2,astrocyte_2,0.5582113234714496,0.39149487937179434,1.306874292432723,0.7476185864594536,0.605755792483426,0.8979646082230877,0.7074749190176052,0.5782829484544328,1.2380840446516106,__MISSING__,__MISSING__,__MISSING__,0613_M5_L,True,3,4.0,glial_non_neuronal,oligodendrocyte_opc,True,True,True,True,False,3,1.382943114405642,0.07290525736939646,0.08692438802433464,0.05276394975078698,True,False,False,False,False,False
2795584800224100061,DH_in_Pdyn/Gal,3,DH_in_Pdyn/Gal,DH_in_Pdyn/Gal,DH_in_Rorb,0.9999999940999997,0.9999999939999997,1.4175252073536737e-07,1.0,1.0,-0.0,0.4085786450350483,0.2904553648918027,2.1137062230837342,1,inhibitory,5,0610_F3_C,False,17,19.0,neuron,neuronal_or_other,True,False,False,False,False,1,-1.3623761472229712,0.9472089744963058,0.9472090433219971,2.950000006277528e-09,False,True,True,True,True,False
2787445900130100046,oligodendrocyte_progenitor_2,2,meninges_1,meninges_1,meninges_2,0.8016108176068275,0.7336031653863723,0.8272635836955486,0.9612064302381959,0.9412538375825403,0.2172620651462243,0.329180006487359,0.04109405134509031,1.772074961325194,__MISSING__,__MISSING__,__MISSING__,0503_F5_C,True,13,65.0,glial_non_neuronal,oligodendrocyte_opc,True,False,False,False,False,1,-1.5254955653543214,0.25557064835036125,0.40951039652230536,0.05461876856122741,True,False,False,False,False,False
2787889600450100189,M_ex_Vsx2/Shox2,1,M_ex_Vsx2/Shox2,M_ex_Vsx2/Shox2,MV_ex_Shox2,0.9333163941394153,0.8666512911837179,0.24515567762626683,0.968328923424423,0.9366578468488461,0.14050385427056933,0.40617608498177776,0.11716701286135561,1.566659123100442,3,excitatory,20,0503_M4_T,False,46,129.0,neuron,neuronal_or_other,True,False,False,False,False,1,-1.5237407113856838,0.4455433682326639,0.4634662993437193,0.004833198858726697,False,True,True,True,True,False
2787445900725100116,DH_in_Cdh3,0,DH_in_Cdh3,DH_in_Cdh3,astrocyte_1,0.894570558962983,0.7891411237259665,0.3368515940901983,0.9992579585011864,0.9985159170023727,0.006088995360647944,0.1770920613995648,0.005270893146027911,2.8273287090284978,1,inhibitory,10,0503_F3_T,False,8,10.0,neuron,neuronal_or_other,True,False,False,False,False,1,-1.8472836110422692,0.6200651619096242,0.6454358550298507,0.05198384306435263,False,True,True,True,True,False
2795584800455100125,DH_ex_Maf/Cpne4,4,DH_ex_Maf/Cck,DH_ex_Maf/Cck,DH_ex_Maf/Cck,0.7080435956675943,0.5413805307341577,0.8763701562701816,0.7060872328809362,0.44694231278994623,0.7153542111620378,0.28367560003264347,0.037133628207539765,2.217884384773337,1,excitatory,10,0610_F4_L,False,20,30.0,neuron,neuronal_or_other,True,True,True,True,False,3,-0.21226045854975062,0.2504178896767301,0.27742224397327725,0.050846041055140956,True,False,False,False,False,False
2796212801010100021,oligodendrocyte_1,2,oligodendrocyte_progenitor_2,oligodendrocyte_progenitor_2,oligodendrocyte_progenitor_2,0.5544416863593022,0.24369094622044857,1.1256963246609408,0.7723017840291196,0.5455390320310741,0.5438874935717793,0.43457246400515714,0.16316546730604836,1.6771026729429168,__MISSING__,__MISSING__,__MISSING__,0613_F3_C,True,10,26.0,glial_non_neuronal,oligodendrocyte_opc,True,True,True,True,False,3,0.5074475535561396,0.16507924112259698,0.18027338737869494,0.08200161112573544,True,False,False,False,False,False
2656144900086100214,oligodendrocyte_progenitor_2,4,oligodendrocyte_progenitor_2,oligodendrocyte_progenitor_2,oligodendrocyte_2,0.5358037877177981,0.16631842721110052,1.0374884385744647,0.8152224820416794,0.6544261702203067,0.5584714326478243,0.7270587563481652,0.48955424289980337,0.7826335856006293,__MISSING__,__MISSING__,__MISSING__,0328_M1_C,True,16,24.0,glial_non_neuronal,oligodendrocyte_opc,True,False,False,False,False,1,1.4202495698549795,0.11244095630338413,0.27472330412357837,0.07073392357048362,False,True,True,True,True,False
2656143800055100188,gamma_motoneuron,3,alpha_motoneuron,alpha_motoneuron,visceral_motoneuron,0.7349856510924495,0.48594944059953815,0.6385988913669716,0.9122886229956525,0.8301326957354854,0.31791523691095785,0.7473396759250592,0.6355370822062183,0.9155225289466885,__MISSING__,__MISSING__,22,0328_M3_C,False,29,67.0,glial_non_neuronal,neuronal_or_other,True,False,False,False,False,1,0.9422265671956056,0.8143238278049676,0.8706467552413198,0.04055746356126344,True,False,False,False,False,False
2707604800141100047,MV_in_Chrna2,1,MV_in_Chrna2,MV_in_Chrna2,astrocyte_1,0.9345303473872374,0.869060700574475,0.24175958313281878,0.9981574326808249,0.9963148653616498,0.01344276965032295,0.5270990990207358,0.24833282347698693,1.5116023809864076,4,inhibitory,19,0415_M1_L,False,14,19.0,neuron,neuronal_or_other,True,False,False,False,False,1,-1.2484508906023224,0.5250614980056209,0.5154456013765427,0.028318522790196286,False,True,True,True,True,False
2787445900094100050,DH_ex_Grpr,0,DH_ex_Grpr,DH_ex_Grpr,DH_ex_Prkcg/Rxfp1,0.8719011150500325,0.7487917805154779,0.405302728693698,0.9700610236464785,0.940122047292957,0.1345299799358231,0.2973201196426849,0.09594075234198493,2.1923282005593157,1,excitatory,2,0503_F5_C,False,32,73.0,neuron,neuronal_or_other,True,False,False,False,False,1,-1.3840150660055868,0.5412416817373564,0.5749103329468275,0.026338931675103504,False,True,True,True,True,False
2787445900087100097,endothelial,0,oligodendrocyte_progenitor_2,oligodendrocyte_progenitor_2,oligodendrocyte_progenitor_2,0.8951571644201861,0.8506032563538299,0.4811152507049687,0.9904963268888343,0.9818338669623715,0.05791553820618945,0.9148504156193463,0.8502211090526886,0.38350845972090575,__MISSING__,__MISSING__,__MISSING__,0503_F5_T,True,7,13.0,glial_non_neuronal,vascular,True,True,True,True,False,3,0.6397096658535159,0.019046480446720703,0.026864555494484486,0.039341002856682024,True,False,False,False,False,False
2796212800337100156,beta_motoneuron,4,beta_motoneuron,beta_motoneuron,alpha_motoneuron,0.555545588954282,0.15608916200957457,0.8333064138265066,0.5550751462206459,0.11297074489270903,0.7041541360208508,0.41149922296296787,0.06534314497957633,1.2978251655823465,__MISSING__,__MISSING__,22,0613_F5_L,False,24,37.0,glial_non_neuronal,neuronal_or_other,True,False,False,False,False,1,1.2260115064997152,0.192611662119898,0.26063517049356244,0.01696006792278716,False,True,True,True,True,False
2787445900654100050,oligodendrocyte_progenitor_2,3,oligodendrocyte_2,oligodendrocyte_2,oligodendrocyte_2,0.7496942264245593,0.5997604626513546,0.8823439500665955,0.8128658025994243,0.6617227116443529,0.5809830008226556,0.6278888176415021,0.408047387926365,0.9897074911839426,__MISSING__,__MISSING__,__MISSING__,0503_F3_C,True,7,9.0,glial_non_neuronal,oligodendrocyte_opc,True,True,True,True,False,3,0.3824271161346333,0.03449405313854559,0.04189566916335154,0.022999307615369467,True,False,False,False,False,False
2795584800125100047,DM_ex_Zfhx3,0,DM_ex_Zfhx3,DM_ex_Zfhx3,MV_in_Sema5b,0.9999999940999997,0.9999999939999997,1.4175252073536737e-07,1.0,1.0,-0.0,0.7002908465426794,0.6328770485275607,1.4380034181921382,2,excitatory,11,0610_F3_T,False,12,13.0,neuron,neuronal_or_other,True,False,False,False,False,1,-0.3233297559482279,0.8186204516322554,0.8186205218023171,2.950000006277528e-09,False,True,True,True,True,False
2787445900265100028,DH_ex_Reln,0,DH_ex_Reln,DH_ex_Reln,DH_ex_Nmu/Tac2,0.9949238098310168,0.9909404754513316,0.03452597951980971,0.9987155544334412,0.9974430278452192,0.00990236807974324,0.624392207802972,0.45207023960168646,1.2843250110180409,1,excitatory,6,0503_F5_L,False,11,20.0,neuron,neuronal_or_other,True,False,False,False,False,1,-0.8506761911006002,0.6411181863924563,0.6446506010536588,0.0010369161871332199,False,True,True,True,True,False
2656144900167100168,MV_in_Gabra1,2,MV_in_Gabra1,MV_in_Gabra1,M_in_Tfap2b,0.999944182968081,0.9998996773984415,0.0006480520284292742,1.0,1.0,-0.0,0.7449875633518073,0.6438155219062907,1.0595510027983415,4,inhibitory,16,0328_M1_C,False,36,67.0,neuron,neuronal_or_other,True,False,False,False,False,1,-0.289958384931982,0.7560570026353788,0.7562538435896002,2.7909077821906258e-05,False,True,True,True,True,False
2795103300163100183,MV_ex_Shox2,0,MV_ex_Shox2,MV_ex_Shox2,M_ex_Vsx2/Shox2,0.9999999940999997,0.9999999939999997,1.4175252073536737e-07,1.0,1.0,-0.0,0.5403736545005836,0.11397068277993111,0.8661184512982296,4,excitatory,18,0610_M4_L,False,10,20.0,neuron,neuronal_or_other,True,False,False,False,False,1,-1.8979023151822163,0.3723924896414532,0.37239254418188944,2.950000006277528e-09,False,True,True,True,True,False
2795103300147100116,MV_ex_Shox2,2,MV_ex_Shox2,MV_ex_Shox2,astrocyte_1,0.9999999940999997,0.9999999939999997,1.4175252073536737e-07,1.0,1.0,-0.0,0.3208615700211101,0.061541675007329266,1.630712254328985,4,excitatory,18,0610_M4_C,False,17,27.0,neuron,neuronal_or_other,True,False,False,False,False,1,-2.056993207866994,0.5380735974363341,0.5380736614054463,2.950000006277528e-09,False,True,True,True,True,False
2795584800453100080,DH_ex_Grp,2,DH_ex_Grp,DH_ex_Grp,DH_ex_Reln,0.6767868362913817,0.45894244183635224,0.8333164057423085,0.8852952550327222,0.7802589373898987,0.38940388565028605,0.5154224521518163,0.3482708262442723,1.9541068258604695,1,excitatory,6,0610_F4_L,False,8,13.0,neuron,neuronal_or_other,True,False,False,False,False,1,0.2178853236807974,0.6957287436959333,0.6990947876679334,0.09497370831621517,False,True,True,True,True,False
2946331700000004620,endothelial,3,oligodendrocyte_1,oligodendrocyte_1,DH_in_Cdh3,0.37342285267492425,0.12566575040656233,1.570327502365022,0.7693543967731513,0.6869415839360119,0.8597769315266649,0.17884235225256656,0.01315110168227382,2.597257212949815,__MISSING__,__MISSING__,__MISSING__,0415_F2_C,True,8,10.0,glial_non_neuronal,vascular,True,False,False,False,False,1,-0.017104542408723,0.7829673812706232,0.796171488115002,0.160148696780253,True,False,False,False,False,False
2787445900199100016,astrocyte_1,4,oligodendrocyte_progenitor_2,oligodendrocyte_progenitor_2,MV_in_Gabra1,0.785052854529634,0.7122216032379386,0.8877087268688788,0.9437235540440011,0.9031209659452885,0.2718437005022597,0.33538596724088937,0.04788042141923449,2.0470560241943203,__MISSING__,__MISSING__,__MISSING__,0503_F5_T,True,12,15.0,glial_non_neuronal,astrocyte,True,False,False,False,False,1,-1.390936528430383,0.3941031737277641,0.44289979606477037,0.05351398950177716,True,False,False,False,False,False
2795103300366100035,oligodendrocyte_progenitor_2,1,oligodendrocyte_1,oligodendrocyte_progenitor_2,oligodendrocyte_1,0.4962713424975678,0.0923902165319902,1.1377466162332828,0.5241408217257499,0.0501775179577052,0.7073239736443783,0.5371885480367065,0.14997970335361155,1.102391784231107,__MISSING__,__MISSING__,__MISSING__,0610_M5_T,True,6,9.0,glial_non_neuronal,oligodendrocyte_opc,False,True,False,False,False,2,1.7215084734083381,0.04453291385733287,0.041946822447464116,0.05127190613311683,False,False,True,False,True,False
2707604000110100036,DH_ex_Prkcg/Nts,4,DH_ex_Prkcg/Cck,DH_ex_Prkcg/Cck,DH_ex_Prkcg/Cck,0.6353390517942209,0.35385178006140405,0.8928297867789748,0.8341381927647405,0.7241758137828257,0.5731864654059982,0.32187209074415435,0.08920894447735778,1.5601939312682516,1,excitatory,8,0415_M3_T,False,21,53.0,neuron,neuronal_or_other,True,True,True,True,False,3,-0.2687505618932123,0.18093934728700517,0.2561829719417792,0.04055529952500533,True,False,False,False,False,False
2946331700000004636,MV_ex_Syt2,4,MV_ex_Syt2,MV_ex_Syt2,DH_in_Cdh3,0.9999999940999997,0.9999999939999997,1.4175252073536734e-07,1.0,1.0,-0.0,0.5213411148024547,0.3677942177072616,1.9007175668347598,4,excitatory,14,0415_F2_C,False,25,30.0,neuron,neuronal_or_other,True,False,False,False,False,1,-1.1276986727417975,0.9341340705777305,0.9341341371667365,2.950000006277528e-09,False,True,True,True,True,False
2656144900186100063,gamma_motoneuron,1,alpha_motoneuron,alpha_motoneuron,pericyte,0.8863684311294795,0.8177667885749369,0.43034211116017246,0.9839766967546185,0.9689636389509128,0.08589982106355332,0.9564053437253998,0.9354673245903976,0.2590508029297266,__MISSING__,__MISSING__,22,0328_M2_C,False,12,18.0,glial_non_neuronal,neuronal_or_other,True,False,False,False,False,1,0.9827149784726893,0.9997239249484234,0.9997433715374957,0.03849991635602109,True,False,False,False,False,False
2787445900764100034,meninges_2,0,meninges_2,meninges_1,meninges_3,0.5217889373227838,0.12091154164228685,0.932050921087324,0.4851030173648578,0.051230377993138176,0.9189154649545079,0.37346053984495536,0.0019778414745855732,1.1027428042156997,__MISSING__,__MISSING__,__MISSING__,0503_F3_T,True,5,76.0,glial_non_neuronal,meningeal,False,False,False,False,True,1,1.2192577168633434,0.11652431383006928,0.09757417736541919,0.008201687080591267,False,False,True,True,False,False
2796212801012100179,oligodendrocyte_progenitor_2,4,oligodendrocyte_precursor_cell,oligodendrocyte_progenitor_2,oligodendrocyte_1,0.4769178515497797,0.1861613788902033,1.2673413334459047,0.4694318866777988,0.18974036233687858,1.1026106608292852,0.4271893267849885,0.13412197639574713,1.6173985113708709,__MISSING__,__MISSING__,__MISSING__,0613_F3_C,True,6,9.0,glial_non_neuronal,oligodendrocyte_opc,False,False,False,False,True,1,1.2285026844063545,0.12897327983452223,0.10493944887297872,0.08388255472343409,False,False,True,False,True,False
2795584800381100173,MV_in_Gm26673,0,MV_in_Gm26673,MV_in_Gm26673,MV_ex_Syt2,0.9881944254603314,0.976388856720663,0.06414283749150651,0.999896120459174,0.9997922409183478,0.0010566862335647798,0.4521330516222967,0.2572533839346683,1.8438413636203483,4,inhibitory,19,0610_F4_L,False,11,12.0,neuron,neuronal_or_other,True,False,False,False,False,1,-1.4204397410039724,0.7173401784328033,0.7182637211634136,0.0055496404517772525,False,True,True,True,True,False
2946331700000003000,MV_in_Gabra1,4,MV_in_Gabra1,MV_in_Gabra1,oligodendrocyte_progenitor_2,0.9999999940999997,0.9999999939999997,1.4175252073536734e-07,1.0,1.0,-0.0,0.9055180749024442,0.884575331935064,0.5577897240664051,4,inhibitory,16,0415_F2_C,False,11,20.0,neuron,neuronal_or_other,True,False,False,False,False,1,0.4404250106535435,0.9642583044081298,0.9642583680916622,2.950000006277528e-09,False,True,True,True,True,False
2795903600114100055,oligodendrocyte_1,2,oligodendrocyte_1,oligodendrocyte_1,endothelial,0.45611570446388133,0.13252203944787788,1.354645685936865,0.641668465363893,0.39853280100678934,0.9624109458639136,0.3762075795378974,0.09234072589375497,1.559564980318991,__MISSING__,__MISSING__,__MISSING__,0613_M5_L,True,11,13.0,glial_non_neuronal,oligodendrocyte_opc,True,False,False,False,False,1,0.7833452745266352,0.13050450598270835,0.2456483934275954,0.06049415820200196,False,True,True,True,True,False
2707604800384100256,DH_in_Cdh3,2,DH_in_Cdh3,DH_in_Cdh3,oligodendrocyte_1,0.9657106196711678,0.9314212451423359,0.1493501047707291,0.9991745429485221,0.9983490858970443,0.006685509130178342,0.2149044112311627,0.07078940148734722,2.758732133952362,1,inhibitory,10,0415_M1_C,False,7,8.0,neuron,neuronal_or_other,True,False,False,False,False,1,-1.9028747712882743,0.6791482870786377,0.6970855853213045,0.014941429582897505,False,True,True,True,True,False
2796212800600100243,oligodendrocyte_1,2,oligodendrocyte_progenitor_2,oligodendrocyte_progenitor_2,oligodendrocyte_progenitor_2,0.6012783024600504,0.2133354990705948,0.7402103702348665,0.7449869967404309,0.49113201804241385,0.5769830294070681,0.5321184404960446,0.08705019155109978,0.8306446580295294,__MISSING__,__MISSING__,__MISSING__,0613_F5_C,True,7,27.0,glial_non_neuronal,oligodendrocyte_opc,True,True,True,True,False,3,0.43881658393702405,0.008964313530698334,0.0410632674159785,0.019550779493070346,True,False,False,False,False,False
2787445900657100164,oligodendrocyte_progenitor_2,0,astrocyte_1,astrocyte_1,oligodendrocyte_1,0.5581836928202486,0.3508477778928182,1.3704532999277537,0.6999095974260379,0.5419901830880076,0.8699190180372333,0.323292646025226,0.019134707742240353,1.7630827562934681,__MISSING__,__MISSING__,__MISSING__,0503_F3_C,True,13,16.0,glial_non_neuronal,oligodendrocyte_opc,True,False,False,False,False,1,-0.1144053626279169,0.08207717029662748,0.16523404157738789,0.06449336714259418,True,False,False,False,False,False
2707604700367100107,oligodendrocyte_progenitor_2,1,oligodendrocyte_precursor_cell,oligodendrocyte_precursor_cell,oligodendrocyte_precursor_cell,0.7828061350809576,0.7110518005530724,0.8988277812460174,0.9619052219640086,0.938871860105555,0.21193941988044918,0.3204518962921467,0.2017590649464406,2.4806984090726023,__MISSING__,__MISSING__,__MISSING__,0415_M2_C,True,16,17.0,glial_non_neuronal,oligodendrocyte_opc,True,True,True,True,False,3,-0.992869996678654,0.3135886647508628,0.3989690835353653,0.06492353339782957,True,False,False,False,False,False
2795584800204100110,MV_in_Esrrb,3,MV_in_Esrrb,MV_in_Esrrb,MV_in_Gabra1,0.9999999940999997,0.9999999939999997,1.4175252073536734e-07,1.0,1.0,-0.0,0.5872314656292953,0.450562467579241,1.571490848489677,4,inhibitory,14,0610_F3_L,False,11,24.0,neuron,neuronal_or_other,True,False,False,False,False,1,-0.8765462035743172,0.6987598993288242,0.6987599634717366,2.950000006277528e-09,False,True,True,True,True,False
2656144900273100100,Schwann_cell,4,meninges_1,meninges_1,meninges_1,0.6240101302333575,0.4245820271972171,1.318356055740104,0.8302832869666642,0.6870072123144086,0.5496723029627808,0.7589517667339333,0.6659820312150555,0.9342970187374594,__MISSING__,__MISSING__,__MISSING__,0328_M1_T,True,9,25.0,glial_non_neuronal,remaining_glial_non_neuronal,True,True,True,True,False,3,1.4285527692783444,0.07594920116665278,0.044064309493956046,0.07771183094212578,True,False,False,False,False,False
2787445900098100147,DM_ex_Zfhx3,2,DM_ex_Zfhx3,DM_ex_Zfhx3,DH_ex_Reln/Npff,0.9999999940999997,0.9999999939999997,1.4175252073536737e-07,1.0,1.0,-0.0,0.37124021081367997,0.17340851593192813,1.7695167269156382,2,excitatory,11,0503_F5_C,False,14,34.0,neuron,neuronal_or_other,True,False,False,False,False,1,-1.7175438011242488,0.740509378793612,0.7405094402306357,2.950000006277528e-09,False,True,True,True,True,False
2796212800585100243,oligodendrocyte_1,4,oligodendrocyte_1,oligodendrocyte_1,oligodendrocyte_2,0.6854270181180101,0.5200446416354052,1.0261275651464172,0.6813632589378282,0.4412814485815044,0.8731827958228773,0.3067149450922046,0.01575562323780072,1.8879853063003498,__MISSING__,__MISSING__,__MISSING__,0613_F3_L,True,9,13.0,glial_non_neuronal,oligodendrocyte_opc,True,False,False,False,False,1,-0.22769553168740075,0.14129544967974067,0.16598000723265405,0.01698689578527413,False,True,True,True,True,False
2795584800419100041,oligodendrocyte_1,4,endothelial,endothelial,astrocyte_1,0.630991346736615,0.3832844117652904,1.1258596130609568,0.7422897141589808,0.5384712157442132,0.739496227487148,0.3341698948836271,0.050591918709865125,1.8573360680579336,__MISSING__,__MISSING__,__MISSING__,0610_F4_L,True,9,12.0,glial_non_neuronal,oligodendrocyte_opc,True,False,False,False,False,1,-0.07004010990046716,0.15089995592722646,0.22747378464438783,0.04517735032273142,True,False,False,False,False,False
2796212800944100061,MV_in_Gm26673,2,MV_in_Gm26673,MV_in_Gm26673,oligodendrocyte_1,0.9436454642869778,0.8872909343739558,0.21681690305562698,0.9994520367594155,0.998904073518831,0.004662634732898276,0.5587200382123055,0.4430404236087254,1.6701552147218248,4,inhibitory,19,0613_F3_C,False,3,7.0,neuron,neuronal_or_other,True,False,False,False,False,1,-0.6954066367603303,0.9415309035134406,0.9427196363880808,0.026800847427328467,False,True,True,True,True,False
2726544600054100260,DH_ex_Grp,2,DH_ex_Grp,DH_ex_Grp,oligodendrocyte_progenitor_2,0.7073329968483048,0.4299967521567815,0.6646576474175425,0.6036655708208707,0.20760900331854826,0.6737932277219275,0.42304523480420764,0.3611029378564282,2.415036933014783,1,excitatory,6,0422_F1_C,False,7,10.0,neuron,neuronal_or_other,True,False,False,False,False,1,1.4452374529812992,0.9262531155963405,0.9278883273101118,0.017346665875847326,False,True,True,True,True,False
2796212800297100083,DH_ex_Maf/Cck,3,DH_ex_Maf/Cpne4,DH_ex_Rreb1,MV_in_Sema5b,0.3831048878144488,0.07815569102722347,1.1303749822441944,0.4824928926496844,0.07398105925139581,0.9916180306284503,0.2902945603453955,0.16780148180598492,2.6062643714397216,1,excitatory,10,0613_F4_S,False,6,9.0,neuron,neuronal_or_other,False,False,False,False,True,1,1.7538267619259529,0.8368644485782827,0.8387608124551265,0.05465362300803831,True,False,False,False,False,False
2796212800888100146,MV_ex_Syt2,4,MV_ex_Syt2,MV_ex_Syt2,oligodendrocyte_progenitor_1,0.9999999940999997,0.9999999939999997,1.4175252073536734e-07,1.0,1.0,-0.0,0.38334976904280155,0.16477659236255177,2.0349022517452267,4,excitatory,14,0613_F4_C,False,27,45.0,neuron,neuronal_or_other,True,False,False,False,False,1,-1.7437365612885274,0.586481529823526,0.5864815980681575,2.950000006277528e-09,False,True,True,True,True,False
2726562700099100197,MV_in_Esrrb,3,MV_in_Esrrb,MV_in_Esrrb,M_ex_Vsx2,0.9999999940999997,0.9999999939999997,1.4175252073536734e-07,1.0,1.0,-0.0,0.3321246816329309,0.1791060479457454,2.113072962938751,4,inhibitory,14,0422_F2_C,False,11,34.0,neuron,neuronal_or_other,True,False,False,False,False,1,-1.7002551761304345,0.6743716715704253,0.6743717418446873,2.950000006277528e-09,False,True,True,True,True,False
2707604000153100049,MV_ex_Shox2,3,MV_ex_Shox2,MV_ex_Shox2,oligodendrocyte_progenitor_2,0.9999999940999997,0.9999999939999997,1.4175252073536737e-07,1.0,1.0,-0.0,0.40809603736483,0.21222806645985104,1.9287693326279591,4,excitatory,18,0415_M3_T,False,14,17.0,neuron,neuronal_or_other,True,False,False,False,False,1,-1.5997495263614054,0.7120459551267991,0.7120460244118545,2.950000006277528e-09,False,True,True,True,True,False
2945606900000017008,DM_ex_Zfhx3,4,DM_ex_Zfhx3,DM_ex_Zfhx3,MV_ex_Syt2,0.9994144919713926,0.9989172373853499,0.005284119666837641,1.0,1.0,-0.0,0.7700605729503412,0.7062398516112798,1.010884084904471,2,excitatory,11,0328_F1_T,False,26,41.0,neuron,neuronal_or_other,True,False,False,False,False,1,-0.09877871084368722,0.8247208549694424,0.8258455698510534,0.0002928158554351296,False,True,True,True,True,False
2796212800142100232,DH_in_Npy2r,3,DH_in_Npy2r,DH_in_Npy2r,oligodendrocyte_precursor_cell,0.9343613921185003,0.8687227900370009,0.2422085104345964,0.8604583071279188,0.7209166142558376,0.4041306516530919,0.7422769950449478,0.6325670170673162,1.0928182435715506,1,inhibitory,9,0613_F5_S,False,23,49.0,neuron,neuronal_or_other,True,False,False,False,False,1,0.4646849526684686,0.9391651750325402,0.9386803261648227,0.010917753835345056,False,True,True,True,True,False
2707737900059100120,oligodendrocyte_1,4,oligodendrocyte_progenitor_2,oligodendrocyte_progenitor_2,oligodendrocyte_progenitor_2,0.8207335695129492,0.658999902811618,0.5604956896754071,0.8217654801032835,0.6437746245614626,0.47116513011769906,0.7010319303008467,0.40944142235725534,0.6636003006461972,__MISSING__,__MISSING__,__MISSING__,0415_F1_L,True,7,28.0,glial_non_neuronal,oligodendrocyte_opc,True,True,True,True,False,3,0.31622073501729786,0.021545241345931682,0.01663445870494381,0.008375300029444982,True,False,False,False,False,False
2707604800164100068,DH_ex_Reln/Nmur2,4,DH_ex_Reln/Nmur2,DH_ex_Reln/Nmur2,DH_ex_Reln,0.9850041156986123,0.970008237197225,0.07786540131068309,0.9999990564165342,0.9999981128330685,1.4034464674060733e-05,0.6971858122642931,0.4107491348663428,0.712462486929221,1,excitatory,3,0415_M1_L,False,23,41.0,neuron,neuronal_or_other,True,False,False,False,False,1,-0.9436563564261049,0.5066929759902824,0.5079367994247284,0.007532004083385614,False,True,True,True,True,False
2796212800880100058,astrocyte_1,0,astrocyte_1,astrocyte_1,astrocyte_2,0.5089486980236222,0.33884961545695,1.4084323471521363,0.853762322263,0.7872072019135383,0.5842690323635594,0.5317606044627181,0.35479834674683974,1.585608508797263,__MISSING__,__MISSING__,__MISSING__,0613_F3_C,True,6,10.0,glial_non_neuronal,astrocyte,True,False,False,False,False,1,0.43891049301042684,0.3094898768323213,0.45997911444894823,0.13255077898768694,False,True,True,True,True,False
2656144900588100086,DM_ex_Zfhx3,4,DM_ex_Zfhx3,DM_ex_Zfhx3,oligodendrocyte_1,0.9999999940999997,0.9999999939999997,1.4175252073536737e-07,1.0,1.0,-0.0,0.3107645506205599,0.15629432868563017,2.5569914768929025,2,excitatory,11,0328_M1_L,False,6,7.0,neuron,neuronal_or_other,True,False,False,False,False,1,-1.769475192585958,0.9418998266668925,0.9418999019347734,2.950000006277528e-09,False,True,True,True,True,False
2796212800980100286,DM_ex_Zfhx3,0,DM_ex_Zfhx3,DM_ex_Zfhx3,oligodendrocyte_2,0.9999999940999997,0.9999999939999997,1.4175252073536737e-07,1.0,1.0,-0.0,0.698105363341609,0.48745607470676744,0.9575027387475042,2,excitatory,11,0613_F3_C,False,19,25.0,neuron,neuronal_or_other,True,False,False,False,False,1,-0.7645960229083595,0.9948787575351065,0.9948788202070964,2.950000006277528e-09,False,True,True,True,True,False
2795103300132100082,DH_in_Npy2r,4,DH_in_Npy2r,DH_in_Npy2r,DH_in_Cdh3,0.9825229510967362,0.9650459079934725,0.08805083168112683,0.9982558305267484,0.9965116610534968,0.012820699439873955,0.32875829311649796,0.09308025434640368,1.8364340489078408,1,inhibitory,9,0610_M4_S,False,17,23.0,neuron,neuronal_or_other,True,False,False,False,False,1,-1.8917884773014804,0.5567709156839931,0.5626034411919886,0.00543718776280925,False,True,True,True,True,False
2787445900156100017,DM_ex_Zfhx3,0,DM_ex_Zfhx3,DM_ex_Zfhx3,DH_ex_Prkcg/Rxfp1,0.9740638870175655,0.9616720153925562,0.15612723120334904,1.0,1.0,-0.0,0.4071272170071952,0.0045789960552394815,1.5316876940896178,2,excitatory,11,0503_F5_L,False,46,190.0,neuron,neuronal_or_other,True,False,False,False,False,1,-2.1612203816642683,0.3666418837013106,0.393517002943993,0.013090963208113794,False,True,True,True,True,False
2787889600058100092,endothelial,4,endothelial,endothelial,MV_in_Gabra1,0.547492992568188,0.38922477835330394,1.3757877599625083,0.6261512219347368,0.44374251521355257,1.1010065516094214,0.10176397991241891,0.0007576589722605998,3.153249297871885,__MISSING__,__MISSING__,__MISSING__,0503_M5_C,True,5,7.0,glial_non_neuronal,vascular,True,False,False,False,False,1,-0.04387605274629791,0.5016923155132362,0.52494599523039,0.0704607087342733,False,True,True,True,True,False
2787445900097100233,DH_in_Cdh3,4,DH_in_Cdh3,DH_in_Cdh3,oligodendrocyte_progenitor_2,0.9844971441599466,0.973052016821488,0.09167620750151084,0.9998779624300262,0.9997559248600525,0.0012217328293676133,0.3121281150544874,0.07338364570275585,1.9204159768705482,1,inhibitory,10,0503_F5_C,False,23,57.0,neuron,neuronal_or_other,True,False,False,False,False,1,-1.9723289567293694,0.7113299905708985,0.7290950682488463,0.0073671959118895985,False,True,True,True,True,False
2796212800855100114,endothelial,0,oligodendrocyte_1,oligodendrocyte_1,oligodendrocyte_1,0.5306475817869593,0.26486012053862085,1.2405676650889164,0.5860174405221945,0.31296352397719923,1.0201568423169198,0.4148561349118178,0.27831227618712273,2.217192783003375,__MISSING__,__MISSING__,__MISSING__,0613_F4_C,True,5,7.0,glial_non_neuronal,vascular,True,True,True,True,False,3,1.2805634514381234,0.14177593256335339,0.172815818930062,0.01637078059643586,True,False,False,False,False,False
2656144900377100139,MV_in_Gabra1,2,MV_in_Gabra1,MV_in_Gabra1,DH_in_Cdh3,0.9999999940999997,0.9999999939999997,1.4175252073536734e-07,1.0,1.0,-0.0,0.4079857932107192,0.25457493721459595,2.1078510841688045,4,inhibitory,16,0328_M1_T,False,17,28.0,neuron,neuronal_or_other,True,False,False,False,False,1,-1.4712519301452152,0.883325324392697,0.8833253916787176,2.950000006277528e-09,False,True,True,True,True,False
2795903600428100059,DH_ex_Prkcg/Cck,1,DH_ex_Prkcg/Nts,DH_ex_Prkcg/Nts,DH_ex_Sox5,0.5600734003364748,0.33177898489300156,1.1089002286260505,0.6767903179314647,0.4782065628601104,0.8665433587800202,0.5680043058077461,0.45587334939321345,1.6700375622768977,1,excitatory,8,0613_M4_T,False,9,15.0,neuron,neuronal_or_other,True,False,False,False,False,1,1.371574131774505,0.8753524666656505,0.8905207660032785,0.034159185413969645,True,False,False,False,False,False
2787445900581100044,endothelial,1,endothelial,endothelial,DH_ex_Maf/Cck,0.811807898257482,0.6895766871095115,0.7186123581759075,0.997474588113726,0.9956071279205714,0.02031584221739066,0.5498732861045054,0.3188423503023673,1.4861239620922047,__MISSING__,__MISSING__,__MISSING__,0503_F3_C,True,9,12.0,glial_non_neuronal,vascular,True,False,False,False,False,1,-0.7117514124963016,0.7972404808959885,0.7980850611150169,0.09297553788670299,False,True,True,True,True,False
2656144900609100037,oligodendrocyte_2,3,oligodendrocyte_2,oligodendrocyte_2,oligodendrocyte_progenitor_2,0.6251928282198326,0.33944176790909325,0.9955266421501753,0.6833170726684563,0.36731543419956975,0.6304652148843253,0.6282203589947675,0.28960761405919655,0.8690802290603035,__MISSING__,__MISSING__,__MISSING__,0328_M2_L,True,9,15.0,glial_non_neuronal,oligodendrocyte_opc,True,False,False,False,False,1,1.073433153212561,0.1074983182998245,0.09554851397427863,0.04362399402996363,False,True,True,True,True,False
2787889600545100042,oligodendrocyte_progenitor_2,0,oligodendrocyte_2,oligodendrocyte_progenitor_2,oligodendrocyte_2,0.942763246482933,0.8950196481289353,0.2574315700119082,0.9837364230910192,0.967984745823816,0.0860582218333735,0.4721376233948821,0.07134159699997544,1.0861544734382675,__MISSING__,__MISSING__,__MISSING__,0503_M4_S,True,5,12.0,glial_non_neuronal,oligodendrocyte_opc,False,True,False,False,False,2,-1.7757604666631308,0.2315617665855202,0.3467016690274226,0.8018558131700436,False,False,True,False,True,False
2787445900804100154,DH_in_Cdh3,2,DH_in_Cdh3,DH_in_Cdh3,MV_in_Gabra1,0.9178819515750289,0.8357639089500583,0.2839122718376808,0.9999004659484744,0.9998009318969486,0.001016736452245588,0.4028076852409258,0.054296107315362774,1.4259212138839232,1,inhibitory,10,0503_M5_C,False,17,28.0,neuron,neuronal_or_other,True,False,False,False,False,1,-1.7845430701663338,0.8984788902268677,0.9087640356763915,0.04182031874425356,False,True,True,True,True,False
2796212800913100116,MV_in_Gabra1,2,MV_in_Gabra1,MV_in_Gabra1,MV_ex_Syt2,0.9999999940999997,0.9999999939999997,1.4175252073536734e-07,1.0,1.0,-0.0,0.8304069098267832,0.75692146889027,0.7750232412864794,4,inhibitory,16,0613_F3_C,False,24,41.0,neuron,neuronal_or_other,True,False,False,False,False,1,0.05307137019290031,0.9719732491550364,0.971973310323517,2.950000006277528e-09,False,True,True,True,True,False
2796212800880100075,oligodendrocyte_progenitor_1,1,oligodendrocyte_precursor_cell,oligodendrocyte_precursor_cell,oligodendrocyte_precursor_cell,0.7353184959690328,0.5871274386899233,0.9467242261251647,0.9594715156334904,0.9343870416860776,0.20009003354701482,0.5820910402561851,0.31919256564379184,1.1324927393655104,__MISSING__,__MISSING__,__MISSING__,0613_F3_C,True,12,22.0,glial_non_neuronal,oligodendrocyte_opc,True,True,True,True,False,3,-0.405758954836632,0.15018449200243564,0.17114711324463266,0.09511818373493448,True,False,False,False,False,False
2787445900224100054,oligodendrocyte_2,2,oligodendrocyte_progenitor_2,oligodendrocyte_progenitor_2,oligodendrocyte_progenitor_2,0.814865756284608,0.7137489045023653,0.7507149527277472,0.9693011096323995,0.9414153572555382,0.14724292900577546,0.676154818080777,0.4777208141841024,0.8859672416514947,__MISSING__,__MISSING__,__MISSING__,0503_F5_S,True,11,29.0,glial_non_neuronal,oligodendrocyte_opc,True,True,True,True,False,3,-0.16536711451909705,0.060106079494237956,0.12556629506342087,0.057306408615122505,True,False,False,False,False,False
2795903600515100071,endothelial,4,oligodendrocyte_1,oligodendrocyte_progenitor_2,MV_in_Chrna2,0.4445319694097378,0.10355702537543465,1.2554292599970476,0.6809309792033514,0.4540582429600797,0.8731026339700398,0.5663941502376977,0.498660528736545,1.846240737333052,__MISSING__,__MISSING__,__MISSING__,0613_M5_C,True,10,15.0,glial_non_neuronal,vascular,False,False,False,False,True,1,1.9579357057575066,0.7216866847903143,0.7443729892477507,0.09180826926295704,True,False,False,False,False,False
2796212800889100012,DH_in_Pdyn,2,DH_in_Pdyn,DH_in_Pdyn,DH_in_Npy,0.9999999940999997,0.9999999939999997,1.4175252073536737e-07,1.0,1.0,-0.0,0.4274668217862214,0.1420025955348414,1.516715720753847,1,inhibitory,2,0613_F4_C,False,17,42.0,neuron,neuronal_or_other,True,False,False,False,False,1,-1.8128421125710392,0.5089969831229638,0.5089970409432473,2.950000006277528e-09,False,True,True,True,True,False
2795903600269100134,DH_ex_Prkcg/Rxfp1,2,DH_ex_Prkcg/Rxfp1,DH_ex_Grp,DH_ex_Sox5,0.5246762189853768,0.07714698830359906,0.7978076294495577,0.6459597322974128,0.2923495882279014,0.6532292321778813,0.3037487569908173,0.1753979241113635,2.265047844993826,1,excitatory,6,0613_M4_L,False,12,19.0,neuron,neuronal_or_other,False,False,False,False,True,1,1.3452672015173697,0.7047740943602525,0.7000965608088446,0.037660235085370475,False,False,True,True,False,False
2795584800122100023,endothelial,0,endothelial,endothelial,DH_ex_Sox5,0.6422856611482692,0.47864388314046324,1.2285699329023116,0.7830830747182886,0.702090989497058,0.8371497063830056,0.352386564833895,0.22079603980490448,2.2682866071066288,__MISSING__,__MISSING__,__MISSING__,0610_F3_T,True,6,10.0,glial_non_neuronal,vascular,True,False,False,False,False,1,-0.049050369421210216,0.9318411205158118,0.9345968590790265,0.03869496877329235,False,True,True,True,True,False
2656144900609100056,MV_ex_Syt2,0,MV_ex_Syt2,MV_ex_Syt2,DM_ex_Zfhx3,0.9999999233454402,0.9999998650037779,1.4264342139591553e-06,1.0,1.0,-0.0,0.6087922184729379,0.3454100867295279,1.2171804632110377,4,excitatory,14,0328_M2_L,False,34,59.0,neuron,neuronal_or_other,True,False,False,False,False,1,-1.195620981823677,0.5334602806164284,0.5334611478914829,3.83272809819295e-08,False,True,True,True,True,False
2795584800450100239,DH_ex_Reln,3,DH_ex_Reln,DH_ex_Reln,DH_ex_Reln/Nmur2,0.905990712527014,0.8567338999791597,0.3767714413235525,0.9999197706807827,0.9998639187190141,0.0008861062982411448,0.4743671870993004,0.07841053493625694,1.267786821855538,1,excitatory,6,0610_F4_T,False,15,24.0,neuron,neuronal_or_other,True,False,False,False,False,1,-1.7490388679188313,0.35923058965226917,0.3990738141789288,0.048253913861663514,False,True,True,True,True,False
2787445900397100042,MV_in_Esrrb,2,MV_in_Esrrb,MV_in_Esrrb,MV_in_Gm26673,0.9999999940999997,0.9999999939999997,1.4175252073536734e-07,1.0,1.0,-0.0,0.7030757056026661,0.5594415829373566,0.9201099848358882,4,inhibitory,14,0503_F4_C,False,18,41.0,neuron,neuronal_or_other,True,False,False,False,False,1,-0.5461627690416606,0.6882275560154689,0.6882276079628341,2.950000006277528e-09,False,True,True,True,True,False
2787889600095100150,oligodendrocyte_1,4,oligodendrocyte_progenitor_2,oligodendrocyte_progenitor_2,oligodendrocyte_2,0.5147658729423171,0.27576695036239085,1.2409881156703935,0.40695528873494796,0.08002210427929879,1.2166646173143165,0.5511143748640155,0.32999243144394474,1.318450905372638,__MISSING__,__MISSING__,__MISSING__,0503_M5_C,True,19,29.0,glial_non_neuronal,oligodendrocyte_opc,True,False,False,False,False,1,1.880195264796869,0.12740403651671192,0.0653343115106655,0.02772809463197461,True,False,False,False,False,False
2707604800037100020,oligodendrocyte_1,1,oligodendrocyte_2,oligodendrocyte_2,oligodendrocyte_2,0.703754980755415,0.5777103520228134,1.118901347742859,0.9867352552897256,0.9818162251605816,0.08620421358013323,0.35219967322079104,0.12942275469282008,1.747175889161056,__MISSING__,__MISSING__,__MISSING__,0415_M1_L,True,6,12.0,glial_non_neuronal,oligodendrocyte_opc,True,True,True,True,False,3,-1.0588747419750741,0.10884879528634303,0.40189672481633715,0.13634436504907183,True,False,False,False,False,False
2656144900421100259,MV_in_Gm26673,0,MV_in_Gm26673,MV_in_Gm26673,M_in_Tfap2b,0.8765084341172251,0.7530168740344503,0.3738245734232634,0.8988138065466288,0.7976276130932576,0.3276815171388083,0.5189945022908157,0.2167093711378988,1.2622361332103902,4,inhibitory,19,0328_M2_T,False,19,55.0,neuron,neuronal_or_other,True,False,False,False,False,1,-0.7422966085781778,0.4116217940955264,0.41632219208620674,0.0009010813738327956,False,True,True,True,True,False
2796212800462100027,oligodendrocyte_1,2,oligodendrocyte_progenitor_2,oligodendrocyte_progenitor_2,DM_ex_Zfhx3,0.6094157490320632,0.3585601603397391,1.138257732006567,0.7862720559121305,0.612270471359927,0.6458953847975695,0.35320592221461544,0.09901920067739267,2.0995594995381843,__MISSING__,__MISSING__,__MISSING__,0613_F4_L,True,25,55.0,glial_non_neuronal,oligodendrocyte_opc,True,False,False,False,False,1,-0.025303069903562125,0.3746513355310394,0.4027124301256912,0.04110521005564669,True,False,False,False,False,False
2787445900774200005,meninges_1,4,meninges_2,meninges_1,meninges_3,0.4729770773758164,0.028760833712853595,1.0237568609478298,0.6174701268746857,0.27777381801866974,0.8039373997651282,0.3643040575833751,0.036697795889112095,1.1359256102757465,__MISSING__,__MISSING__,__MISSING__,0503_F3_C,True,3,24.0,glial_non_neuronal,meningeal,False,False,False,False,True,1,1.0399530167049118,0.12707515932466681,0.14088446397545024,0.03310447132777931,False,False,True,False,True,False
2707604700201100053,oligodendrocyte_progenitor_2,1,oligodendrocyte_2,oligodendrocyte_2,oligodendrocyte_2,0.9664528924159317,0.9499203211839186,0.19158504150137728,0.9919602311793069,0.9839805620576011,0.04726907795692372,0.9794660941340974,0.9625512890146145,0.11474381730073299,__MISSING__,__MISSING__,__MISSING__,0415_M2_T,True,16,22.0,glial_non_neuronal,oligodendrocyte_opc,True,True,True,True,False,3,0.7984914072371839,0.006693721749241987,0.0028842789248051085,0.009517416926640902,True,False,False,False,False,False
2796212800562100175,astrocyte_2,0,astrocyte_2,astrocyte_2,oligodendrocyte_precursor_cell,0.6747362138889399,0.5890652358470014,1.3174099314704608,0.9737828416263304,0.9565346778806613,0.14640997064976594,0.594996959312048,0.3483257150073475,1.1741496760191636,__MISSING__,__MISSING__,__MISSING__,0613_F4_T,True,12,15.0,glial_non_neuronal,astrocyte,True,False,False,False,False,1,-0.3647849586317017,0.30205079038601695,0.4810386868489719,0.14503883523009978,False,True,True,True,True,False
2945606900000001645,astrocyte_1,2,astrocyte_1,astrocyte_1,astrocyte_2,0.5882407973627453,0.37625995910095056,1.3132894723255937,0.8879886050096969,0.8340940388333739,0.46617999414058653,0.720423158435521,0.5461574632158427,0.9422305214088195,__MISSING__,__MISSING__,__MISSING__,0328_F1_C,True,9,11.0,glial_non_neuronal,astrocyte,True,False,False,False,False,1,0.8595332729046418,0.3448325522358998,0.45613370611057746,0.10271142696141586,False,True,True,True,True,False
2787445900681100123,DH_ex_Maf/Slc17a8,3,DH_ex_Maf/Cck,DH_ex_Maf/Cck,oligodendrocyte_progenitor_2,0.6315547341232969,0.40793382887732066,0.9297519633168795,0.963729096759259,0.9370460662018878,0.18327008418311813,0.45628585643638525,0.1969686104800928,1.882865092294277,1,excitatory,10,0503_F3_L,False,10,17.0,neuron,neuronal_or_other,True,False,False,False,False,1,-0.4610933488238924,0.9572731592552264,0.9647392179717823,0.14390846326199044,True,False,False,False,False,False
2946331700000018728,oligodendrocyte_1,1,endothelial,endothelial,endothelial,0.7492853767356618,0.590411962710768,0.8305384782105877,0.9469873842965263,0.9144500631665777,0.26319994984109235,0.5182564959104039,0.3979579850790042,1.8076717782466607,__MISSING__,__MISSING__,__MISSING__,0415_F2_L,True,10,13.0,glial_non_neuronal,oligodendrocyte_opc,True,True,True,True,False,3,-0.133062402120159,0.16122966551163642,0.21985047030823154,0.06161614468796898,True,False,False,False,False,False
2795103300232100235,DH_in_Npy,2,DH_in_Npy,DH_in_Npy,DH_ex_Prkcg/Rxfp1,0.9966120427745228,0.9932240913490458,0.02265141998327432,0.9999926408017268,0.9999852816034535,9.434165350996183e-05,0.27703908299056434,0.09971953674720319,2.3705356074358157,1,inhibitory,4,0610_M4_L,False,13,14.0,neuron,neuronal_or_other,True,False,False,False,False,1,-1.9289855880063542,0.9715664246217451,0.9777104744001636,0.0016618562650715422,False,True,True,True,True,False
2707737900007100250,DH_in_Kcnip2,2,DH_in_Npy2r,DH_in_Npy2r,astrocyte_1,0.9716410922251841,0.9432821902503686,0.1289905728560872,0.987848080497895,0.9756961609957899,0.06567100741571222,0.21190198592807513,0.03322524453027925,2.4124792022471655,1,inhibitory,9,0415_F1_S,False,14,18.0,neuron,neuronal_or_other,True,False,False,False,False,1,-1.9931336316972252,0.6060478760925941,0.6182246134350153,0.0024536638969671915,True,False,False,False,False,False
2795584800446100145,oligodendrocyte_precursor_cell,0,astrocyte_1,astrocyte_1,DH_ex_Grpr,0.7723122034685636,0.6539410835222621,0.9080549515993978,0.9459706171173697,0.9103315882295859,0.27544485242752087,0.3717554872096578,0.2278923537924654,2.1801432386708264,__MISSING__,__MISSING__,__MISSING__,0610_F4_T,True,13,17.0,glial_non_neuronal,oligodendrocyte_opc,True,False,False,False,False,1,-0.7546759745545549,0.6112153425897187,0.6459721643094888,0.05852617051656325,True,False,False,False,False,False
2795584800188100248,DH_ex_Maf/Cck,1,DH_ex_Rreb1,DH_ex_Rreb1,astrocyte_1,0.574435262826585,0.22576578453077,0.9093539099097535,0.8694830289285637,0.7392701989720812,0.38972351917950954,0.23238470285059093,0.03419899704763901,2.5010870182936324,1,excitatory,10,0610_F3_C,False,8,10.0,neuron,neuronal_or_other,True,False,False,False,False,1,-0.23631279238076772,0.4477665644261626,0.4939556723880459,0.09651017044483332,True,False,False,False,False,False
2707604700086100071,DH_ex_Reln,2,DH_ex_Reln,DH_ex_Reln,DH_ex_Nmu/Tac2,0.9290462974164345,0.891361997670897,0.3095008606255277,0.9975188688774272,0.9951278689409544,0.017749734361606838,0.526494365480966,0.4304450914915626,1.8824520087565033,1,excitatory,6,0415_M2_L,False,34,62.0,neuron,neuronal_or_other,True,False,False,False,False,1,-0.7334196570577304,0.7232583700794009,0.758624334889915,0.03061327332807865,False,True,True,True,True,False
2795584800454100186,DH_in_Pdyn,4,DH_in_Pdyn,DH_in_Pdyn,DH_in_Pdyn/Gal,0.9999999940999997,0.9999999939999997,1.4175252073536737e-07,1.0,1.0,-0.0,0.6677547165434166,0.35990367072767776,0.7876173559880006,1,inhibitory,2,0610_F4_L,False,16,29.0,neuron,neuronal_or_other,True,False,False,False,False,1,-1.1516417953772249,0.48517459338604835,0.48517465163718043,2.950000006277528e-09,False,True,True,True,True,False
2795584800660100042,DM_ex_Zfhx3,2,DM_ex_Zfhx3,DM_ex_Zfhx3,DH_ex_Reln/Npff,0.9999999940999997,0.9999999939999997,1.4175252073536737e-07,1.0,1.0,-0.0,0.6943365946111025,0.6007256414567986,1.1821247845449432,2,excitatory,11,0610_F5_C,False,16,37.0,neuron,neuronal_or_other,True,False,False,False,False,1,-0.42089017658682315,0.7694648869637201,0.7694649486660546,2.950000006277528e-09,False,True,True,True,True,False
2795903600489100272,M_ex_Vsx2,1,M_ex_Vsx2,M_ex_Vsx2,DM_ex_Zfhx3,0.9918934425002914,0.983786890800583,0.04710746054653031,0.9975427855378002,0.9950855710756004,0.017218923680546387,0.3467538079430788,0.18704435243314926,2.101037216829647,3,excitatory,20,0613_M5_C,False,16,39.0,neuron,neuronal_or_other,True,False,False,False,False,1,-1.63738579401076,0.6643428214299074,0.6640931594197745,0.0011544418069652422,False,True,True,True,True,False
2795903600346100148,oligodendrocyte_progenitor_2,2,oligodendrocyte_progenitor_2,oligodendrocyte_progenitor_2,oligodendrocyte_1,0.5830974024249138,0.22524784114388974,0.9636218180142455,0.6002910854245216,0.2109173626689564,0.7291502353120934,0.5641917680436962,0.3172228755712798,1.401152535551779,__MISSING__,__MISSING__,__MISSING__,0613_M4_L,True,4,4.0,glial_non_neuronal,oligodendrocyte_opc,True,False,False,False,False,1,1.6720945191556131,0.13100665285996643,0.14093948253202432,0.024542004056251652,False,True,True,True,True,False
2707737900021100021,oligodendrocyte_progenitor_2,2,oligodendrocyte_progenitor_2,oligodendrocyte_progenitor_2,oligodendrocyte_1,0.6319106991365303,0.2922085581939791,0.8091618568975621,0.5569308575133985,0.11484943665644765,0.6953416943763124,0.6570260059295444,0.3928278249850236,1.0018950157276671,__MISSING__,__MISSING__,__MISSING__,0415_F1_S,True,7,23.0,glial_non_neuronal,oligodendrocyte_opc,True,False,False,False,False,1,1.9723020058009424,0.11546798077968398,0.09053932162539276,0.018411306920193795,False,True,True,True,True,False
2707604700059100025,oligodendrocyte_precursor_cell,4,astrocyte_2,astrocyte_2,astrocyte_1,0.563591834325965,0.3741737643125014,1.3123990156852803,0.5442745114063646,0.28004297045899545,1.0395908158090876,0.42445041201924655,0.25083454491967916,1.8571124071757128,__MISSING__,__MISSING__,__MISSING__,0415_M2_L,True,9,10.0,glial_non_neuronal,oligodendrocyte_opc,True,False,False,False,False,1,1.0668150104939293,0.17906827399817007,0.21270307928635368,0.0395866635090973,True,False,False,False,False,False
2796212800684100092,DH_ex_Gpr83,4,DH_ex_Gpr83,DH_ex_Gpr83,DH_ex_Sox5,0.9133243140346932,0.8266486338693867,0.29477846957798437,0.9822797297239751,0.9645594594479503,0.08902899719389132,0.7169078005277254,0.643343562815069,1.217198569523819,1,excitatory,2,0613_F3_T,False,10,21.0,neuron,neuronal_or_other,True,False,False,False,False,1,0.08913261896458086,0.7629681838616217,0.7846751798868301,0.01880296554911756,False,True,True,True,True,False
2656144300162100043,DH_ex_Gpr83,3,DH_ex_Grpr,DH_ex_Grpr,astrocyte_1,0.7260960019822174,0.45219200976443524,0.5871034293060775,0.9487333034560732,0.8974666069121463,0.2022281977687153,0.3205564767964358,0.15158860138517202,2.280544791163365,1,excitatory,2,0328_F2_L,False,20,26.0,neuron,neuronal_or_other,True,False,False,False,False,1,-0.5994755993590977,0.6449471869756705,0.6670864973549301,0.0710764906484661,True,False,False,False,False,False
2795584800412100093,endothelial,1,oligodendrocyte_1,oligodendrocyte_1,oligodendrocyte_1,0.438195582283419,0.004949126575292895,1.1829550612263757,0.7678048143811058,0.5705229473235541,0.6614261219266604,0.4183314419786973,0.15522843583673146,1.7298942714284429,__MISSING__,__MISSING__,__MISSING__,0610_F4_T,True,7,12.0,glial_non_neuronal,vascular,True,True,True,True,False,3,0.8612082883787633,0.13255319227444107,0.17920174013015402,0.10354757113223605,True,False,False,False,False,False
2726562800098100274,astrocyte_1,3,astrocyte_1,astrocyte_1,astrocyte_2,0.5701333977195299,0.309043072909624,1.2450842673526437,0.8731694353953804,0.7753851503667403,0.48904550706404637,0.45764257569481226,0.1668016249138115,1.5271362894061022,__MISSING__,__MISSING__,__MISSING__,0422_M2_C,True,7,11.0,glial_non_neuronal,astrocyte,True,False,False,False,False,1,-0.05471924371703979,0.22762377101622136,0.3608244534876413,0.09507643683044972,False,True,True,True,True,False
2795903600590100287,DM_ex_Zfhx3,4,DM_ex_Zfhx3,DM_ex_Zfhx3,astrocyte_1,0.9999999940999997,0.9999999939999997,1.4175252073536737e-07,1.0,1.0,-0.0,0.13342600107455688,0.02078600271507429,3.216493901570126,2,excitatory,11,0613_M4_C,False,4,5.0,neuron,neuronal_or_other,True,False,False,False,False,1,-2.180662462014723,0.8092436254803641,0.8092437032626673,2.950000006277528e-09,False,True,True,True,True,False
2656143800415100023,DH_in_Kcnip2,2,DH_in_Npy2r,DH_in_Npy2r,astrocyte_1,0.7951151762021627,0.5902303582043257,0.5071002395518911,0.7968630027786813,0.5937260055573625,0.5047205923206878,0.8725271995036212,0.8388547756328962,0.6733578974546051,1,inhibitory,9,0328_M3_L,False,11,14.0,neuron,neuronal_or_other,True,False,False,False,False,1,1.841693232842725,0.9933307557465071,0.9933322907351686,3.395397262943589e-06,True,False,False,False,False,False
2787445900634100017,oligodendrocyte_progenitor_2,1,astrocyte_1,astrocyte_1,astrocyte_1,0.6847645697810847,0.481505048823316,1.0540972894146652,0.9513516396301555,0.9170714695612048,0.23390497419855774,0.47329177591749655,0.2892135396348969,1.6183407999822679,__MISSING__,__MISSING__,__MISSING__,0503_F4_S,True,13,18.0,glial_non_neuronal,oligodendrocyte_opc,True,True,True,True,False,3,-0.2732580191693219,0.11892261590733504,0.2469379012653544,0.1043047197602116,True,False,False,False,False,False
2795903600517100029,DH_ex_Grp,0,DH_ex_Prkcg/Rxfp1,DH_ex_Prkcg/Rxfp1,oligodendrocyte_progenitor_2,0.7770696334061334,0.5736870950590989,0.5968359077775931,0.924024152967132,0.8480956293145221,0.2692258635495721,0.2469021384211836,0.09230035877578177,2.4360790576832554,1,excitatory,6,0613_M5_C,False,19,28.0,neuron,neuronal_or_other,True,False,False,False,False,1,-0.8989084830861134,0.7179483811773102,0.7253880380625982,0.03591519823067271,True,False,False,False,False,False
2946331700000001699,MV_ex_Shox2,3,MV_ex_Shox2,MV_ex_Shox2,M_ex_Vsx2/Shox2,0.9999999940999997,0.9999999939999997,1.4175252073536737e-07,1.0,1.0,-0.0,0.6033455259133458,0.22439054572360667,0.7720531047012923,4,excitatory,18,0415_F2_C,False,15,26.0,neuron,neuronal_or_other,True,False,False,False,False,1,-1.562843627021801,0.4151253271077835,0.41512537958190343,2.950000006277528e-09,False,True,True,True,True,False
2795903600411100019,peripheral_glia,3,Schwann_cell,Schwann_cell,Schwann_cell,0.9127646389581329,0.8612223084877345,0.4258030099160425,0.9919121873904619,0.983980058898562,0.048017496239666384,0.8323970024451307,0.6674522771404989,0.4686547700166505,__MISSING__,__MISSING__,__MISSING__,0613_M5_C,True,7,29.0,glial_non_neuronal,remaining_glial_non_neuronal,True,True,True,True,False,3,0.061843209797736026,0.03971091541303626,0.0694387791650185,0.031330904890463675,True,False,False,False,False,False
2656144900589100180,MV_in_Gabra1,4,MV_in_Gabra1,MV_in_Gabra1,DH_in_Cdh3,0.9999999940999997,0.9999999939999997,1.4175252073536734e-07,1.0,1.0,-0.0,0.24715111297981204,0.11304338110064233,2.5444062954373226,4,inhibitory,16,0328_M1_L,False,14,24.0,neuron,neuronal_or_other,True,False,False,False,False,1,-1.900716124907283,0.7438351939032951,0.7438352634146688,2.950000006277528e-09,False,True,True,True,True,False
2946331700000015836,oligodendrocyte_1,0,oligodendrocyte_1,oligodendrocyte_1,gamma_motoneuron,0.5060439736830391,0.28206094093528167,1.26371251635797,0.6974934828090817,0.4751875881317734,0.8673731936543867,0.710912655390249,0.6292360823923744,1.2303221675903964,__MISSING__,__MISSING__,__MISSING__,0415_F2_L,True,8,10.0,glial_non_neuronal,oligodendrocyte_opc,True,False,False,False,False,1,1.992632063628079,0.5380946427063096,0.5747714516742551,0.059639814876914984,False,True,True,True,True,False
2795584800185100229,DH_ex_Tac2,3,DH_ex_Tac2,DH_ex_Tac2,DH_ex_Cpne4,0.914423950010186,0.8665360515287824,0.3754393545300709,0.9955949565829944,0.9915425866340504,0.02976461724648302,0.43171878802828134,0.24529616465530157,1.9617648384816548,1,excitatory,8,0610_F3_C,False,9,15.0,neuron,neuronal_or_other,True,False,False,False,False,1,-1.2436733438537217,0.8065959703075095,0.8259727983309538,0.034534165728472094,False,True,True,True,True,False
2656144900371100142,oligodendrocyte_2,1,oligodendrocyte_progenitor_2,oligodendrocyte_progenitor_2,oligodendrocyte_progenitor_2,0.7951847697634632,0.7460709678349172,0.8885231750310518,0.9458556848376745,0.8988515952100828,0.24018580286806115,0.7832811491023848,0.7203612419208781,1.0639563650588784,__MISSING__,__MISSING__,__MISSING__,0328_M2_T,True,5,5.0,glial_non_neuronal,oligodendrocyte_opc,True,True,True,True,False,3,0.5975146779291263,0.08916156683670495,0.07423663029122995,0.0725726745224174,True,False,False,False,False,False
2795584800421100200,oligodendrocyte_progenitor_2,3,astrocyte_1,astrocyte_1,astrocyte_1,0.7843578345240607,0.6851914021237535,0.8623560261114589,0.9789469719278967,0.9636527589596736,0.11845627897826007,0.6910819464170354,0.5723356144609026,1.1091114612948902,__MISSING__,__MISSING__,__MISSING__,0610_F4_L,True,26,37.0,glial_non_neuronal,oligodendrocyte_opc,True,True,True,True,False,3,0.12872406185031385,0.047506292422244294,0.1437377580813143,0.07868488448062257,True,False,False,False,False,False
2726562800078100055,oligodendrocyte_1,1,astrocyte_1,astrocyte_1,astrocyte_1,0.6402525167995387,0.3290695709498104,0.8603293965536519,0.6814855850512658,0.3695594744690141,0.6642205242129355,0.5279842719605712,0.26911301975229873,1.5119782175668743,__MISSING__,__MISSING__,__MISSING__,0422_M2_C,True,8,12.0,glial_non_neuronal,oligodendrocyte_opc,True,True,True,True,False,3,1.0253602031847793,0.060839846298070314,0.09955009356096431,0.015005411652625141,True,False,False,False,False,False
2726562700216100124,oligodendrocyte_precursor_cell,4,oligodendrocyte_precursor_cell,oligodendrocyte_precursor_cell,oligodendrocyte_progenitor_2,0.45967043781028766,0.08575626770566425,1.2902657051390074,0.7660438379176419,0.5672147316179222,0.679877603258221,0.27960559566637067,0.02009069131902963,2.1425343216800035,__MISSING__,__MISSING__,__MISSING__,0422_F2_L,True,5,22.0,glial_non_neuronal,oligodendrocyte_opc,True,False,False,False,False,1,0.3130381033757802,0.41456436510129485,0.5214076677285717,0.09596286900426716,False,True,True,True,True,False
2787445900550100228,MV_in_Gabra1,4,MV_in_Gabra1,MV_in_Gabra1,DH_in_Cdh3,0.9999999940999997,0.9999999939999997,1.4175252073536734e-07,1.0,1.0,-0.0,0.35718009445992416,0.24979002985593635,2.313273949830821,4,inhibitory,16,0503_F3_C,False,22,35.0,neuron,neuronal_or_other,True,False,False,False,False,1,-1.4857712814631878,0.7658069404920003,0.7658070092257482,2.950000006277528e-09,False,True,True,True,True,False
2787445900169100085,oligodendrocyte_progenitor_2,4,oligodendrocyte_progenitor_2,oligodendrocyte_progenitor_2,M_in_Tfap2b,0.8945320919763087,0.8509942371526651,0.48061310646665073,0.9992356795818464,0.9986183830006479,0.006814432485341304,0.6423397548031724,0.3093978342835447,0.8062515892079251,__MISSING__,__MISSING__,__MISSING__,0503_F5_C,True,16,28.0,glial_non_neuronal,oligodendrocyte_opc,True,False,False,False,False,1,-1.0353814661704583,0.46163179188509446,0.45807524009673267,0.05233811489931838,False,True,True,True,True,False
2945606900000001429,DH_ex_Reln/Nmur2,2,DH_ex_Reln/Nmur2,DH_ex_Cpne4,astrocyte_2,0.6366574502808326,0.2733149063616657,0.6553172979238753,0.645412070554006,0.29082414110801197,0.650240577801664,0.7843110438261086,0.6576078000918457,0.8069593578166049,1,excitatory,3,0328_F1_C,False,6,7.0,neuron,neuronal_or_other,False,False,False,False,True,1,2.4603050459797355,0.9974238411775574,0.9975460907048302,0.05818387688924331,False,False,True,True,False,False
2656143800178100120,DM_ex_Zfhx3,4,DM_ex_Zfhx3,DM_ex_Zfhx3,DH_in_Npy,0.9999999940999997,0.9999999939999997,1.4175252073536737e-07,1.0,1.0,-0.0,0.30327706473322075,0.12183999400937129,2.2926989795672954,2,excitatory,11,0328_M3_C,False,15,21.0,neuron,neuronal_or_other,True,False,False,False,False,1,-1.8740236304331943,0.9524709306346397,0.9524709985476748,2.950000006277528e-09,False,True,True,True,True,False
2656144300102100095,DH_ex_Reln/Nmur2,3,DH_ex_Reln/Nmur2,DH_ex_Reln/Nmur2,MV_in_Sema5b,0.9639441015834685,0.9278882089669376,0.1552004343645273,0.9999039461022998,0.9998078922045996,0.0009846055751088708,0.22323211483650773,0.09187275675444545,2.7928763639589307,1,excitatory,3,0328_F2_T,False,9,10.0,neuron,neuronal_or_other,True,False,False,False,False,1,-1.8354693487060847,0.9769207395837003,0.9806857610835789,0.01783336242972933,False,True,True,True,True,False
2796212800945100041,endothelial,2,astrocyte_1,astrocyte_1,astrocyte_1,0.8644298644616037,0.8016372263894012,0.6160567706957173,0.9165222700175044,0.8338941939203338,0.29289504836356767,0.5659040460687758,0.2307498266930404,1.0804991551140826,__MISSING__,__MISSING__,__MISSING__,0613_F3_C,True,15,18.0,glial_non_neuronal,vascular,True,True,True,True,False,3,-0.8587215275542572,0.1289965439340979,0.13611936290121865,0.03556181658869503,True,False,False,False,False,False
2707604000140100070,DH_ex_Prkcg/Rxfp1,4,DH_ex_Prkcg/Rxfp1,DH_ex_Prkcg/Rxfp1,DH_in_Cdh3,0.7978162111394538,0.6236658618018914,0.5858100340534719,0.9993317249231878,0.998957506888452,0.006012077948131083,0.616911176081017,0.532801368263199,1.5280110322356715,1,excitatory,6,0415_M3_T,False,24,56.0,neuron,neuronal_or_other,True,False,False,False,False,1,0.04884112264309565,0.8092479411474989,0.8015259287451664,0.1065909933811364,False,True,True,True,True,False
2796212800376100010,DH_ex_Maf/Cck,4,DH_ex_Maf/Cck,DH_ex_Maf/Cck,M_ex_Neurod2,0.9559787825579742,0.9323900803272386,0.22155267139542664,0.9948998922406933,0.9919057880202493,0.03651500350273788,0.9465105814367345,0.9318437721629081,0.33426021353547103,1,excitatory,10,0613_F5_T,False,16,21.0,neuron,neuronal_or_other,True,False,False,False,False,1,0.7209677756247439,0.9849067658297845,0.9855457109132911,0.014754538525679506,False,True,True,True,True,False
2946331700000021478,oligodendrocyte_progenitor_2,0,astrocyte_1,astrocyte_1,astrocyte_1,0.7357580919674006,0.6199509854788072,1.1139162603460635,0.8755064506385072,0.8083339201053065,0.5227471356828117,0.820897586678398,0.7961820938600602,1.0280834489504784,__MISSING__,__MISSING__,__MISSING__,0415_F2_L,True,18,21.0,glial_non_neuronal,oligodendrocyte_opc,True,True,True,True,False,3,1.233044349161863,0.14182044816416292,0.08679968644430396,0.06523592841689058,True,False,False,False,False,False
2795903600428100076,DH_ex_Prkcg/Rxfp1,4,DH_ex_Prkcg/Rxfp1,DH_ex_Prkcg/Rxfp1,DH_ex_Prkcg/Cck,0.8718036227477726,0.7457372839892991,0.39378367052815755,0.9999371394245676,0.9999017563218274,0.000714082168318388,0.516739597437876,0.38215697391861914,1.955660858578853,1,excitatory,6,0613_M4_T,False,7,11.0,neuron,neuronal_or_other,True,False,False,False,False,1,-0.6287005367052709,0.7951656670928096,0.8316968648137731,0.06695534180155656,False,True,True,True,True,False
2656144900209100194,DH_ex_Maf/Cck,4,DH_ex_Maf/Cck,DH_ex_Maf/Cck,oligodendrocyte_progenitor_2,0.9506748639103874,0.924628848498408,0.24522028042034347,0.9836713953743954,0.9750367946572394,0.09977415343231359,0.2845261788578118,0.06315241357293247,2.275469275659921,1,excitatory,10,0328_M2_C,False,22,44.0,neuron,neuronal_or_other,True,False,False,False,False,1,-1.8676176288437891,0.7824731947085377,0.7946499797667451,0.010158672554436445,False,True,True,True,True,False
2787445900840100017,meninges_1,4,astrocyte_2,astrocyte_2,astrocyte_2,0.6665887296739059,0.5418044508640516,1.1599682050817393,0.941857171067578,0.9042889503678907,0.2749758206754044,0.5578593555841819,0.18301138424250674,0.9990584304529901,__MISSING__,__MISSING__,__MISSING__,0503_M5_C,True,8,13.0,glial_non_neuronal,meningeal,True,True,True,True,False,3,-0.6781052064775245,0.13086876565207836,0.19577079992304502,0.11241609531216609,True,False,False,False,False,False
2795584800749100119,DH_ex_Gpr83,1,DH_ex_Gpr83,DH_ex_Grpr,DH_ex_Sox5,0.4697329762410253,0.08298297324537424,1.0155372932081543,0.6060889525085552,0.21217790501711042,0.6704654359491142,0.7592598615060546,0.6702994080434462,1.106043669351929,1,excitatory,2,0610_F5_S,False,24,54.0,neuron,neuronal_or_other,False,False,False,False,True,1,2.9956748593330884,0.8498505433401278,0.8837204209670996,0.09178450768612705,False,False,True,True,False,False
2796212800387100116,DM_ex_Zfhx3,4,DM_ex_Zfhx3,DM_ex_Zfhx3,DH_in_Cdh3,0.9999999940999997,0.9999999939999997,1.4175252073536737e-07,1.0,1.0,-0.0,0.2256698026959963,0.04620436044686091,2.608799899149708,2,excitatory,11,0613_F3_S,False,16,20.0,neuron,neuronal_or_other,True,False,False,False,False,1,-2.1035328462937826,0.6371874118459152,0.6371874839091984,2.950000006277528e-09,False,True,True,True,True,False
2707604700083100185,MV_in_Esrrb,4,MV_in_Esrrb,MV_in_Esrrb,MV_in_Gm26673,0.9999747494244988,0.9999572157714716,0.000312834072339591,1.0,1.0,-0.0,0.6869601879375246,0.541557970153215,0.9733044958601482,4,inhibitory,14,0415_M2_L,False,48,192.0,neuron,neuronal_or_other,True,False,False,False,False,1,-0.6003523216785622,0.7318125882751005,0.7318978839410171,1.2625402733281449e-05,False,True,True,True,True,False
2795584800418100037,endothelial,4,astrocyte_1,astrocyte_1,DH_in_Cdh3,0.8117805524468176,0.6615802508726697,0.6611268844892426,0.9048932848037,0.8122851849307351,0.32839346799396296,0.6000948182766398,0.4005790461512022,1.4114348716645366,__MISSING__,__MISSING__,__MISSING__,0610_F4_L,True,12,18.0,glial_non_neuronal,vascular,True,False,False,False,False,1,-0.049749524939793774,0.8904497820135291,0.897196678085881,0.0227624601539906,True,False,False,False,False,False
2656144900314100125,astrocyte_2,0,astrocyte_1,astrocyte_1,astrocyte_1,0.8993752660513149,0.8454209753743058,0.47955258552326346,0.9059252888924701,0.8131898920665982,0.32089146024360776,0.593875120650262,0.22815224491648606,0.8949905709534622,__MISSING__,__MISSING__,__MISSING__,0328_M2_C,True,8,11.0,glial_non_neuronal,astrocyte,True,True,True,True,False,3,-0.9038983927275561,0.12620748674486518,0.10330330358976665,0.02440367140552991,True,False,False,False,False,False
2787889600405100288,astrocyte_1,1,oligodendrocyte_1,oligodendrocyte_1,oligodendrocyte_1,0.49284703189474166,0.22372556032176966,1.3120204970848104,0.8519703853093248,0.7659795511755557,0.5676802179761244,0.308416201798772,0.125876805882187,2.134774822393303,__MISSING__,__MISSING__,__MISSING__,0503_M4_L,True,4,6.0,glial_non_neuronal,astrocyte,True,True,True,True,False,3,-0.0074848954296117265,0.11636347706310181,0.2995262073485338,0.13144028309861094,True,False,False,False,False,False
2795903600481100063,DH_in_Cdh3,4,DH_in_Cdh3,DH_in_Cdh3,oligodendrocyte_progenitor_2,0.9639548344115941,0.9424502531316633,0.1795461645569384,0.995811502247974,0.9916230044959479,0.027113469355570484,0.7856149552380578,0.7483423965166887,1.101988048055729,1,inhibitory,10,0613_M4_T,False,33,127.0,neuron,neuronal_or_other,True,False,False,False,False,1,0.14670008926604589,0.8851373195996354,0.9087943603958053,0.012062726628725377,False,True,True,True,True,False
2707737900060100153,alpha_motoneuron,0,alpha_motoneuron,alpha_motoneuron,gamma_motoneuron,0.7220559825621158,0.5308767585268801,0.7635552149572374,0.887708972186305,0.816067024711998,0.42477972652943496,0.6744470602078099,0.3745990426316596,0.7820093602638847,__MISSING__,__MISSING__,22,0415_F1_L,False,9,11.0,glial_non_neuronal,neuronal_or_other,True,False,False,False,False,1,0.09791618301461312,0.21012706399081144,0.38999732615421484,0.04495796671966118,False,True,True,True,True,False
2795584800221100045,DH_in_Klhl14,0,DH_in_Cdh3,DH_in_Cdh3,DH_in_Npy,0.9366110514782799,0.8732221087565601,0.23619238561636663,0.9947638399763318,0.9895276799526636,0.03272361354613207,0.321333885135645,0.05304850517744936,1.6116384469044087,1,inhibitory,10,0610_F3_C,False,17,38.0,neuron,neuronal_or_other,True,False,False,False,False,1,-1.8350020337452433,0.5213897800729463,0.5389877848463367,0.021596271190988798,True,False,False,False,False,False
2795903600267100066,oligodendrocyte_progenitor_1,0,oligodendrocyte_precursor_cell,oligodendrocyte_precursor_cell,oligodendrocyte_precursor_cell,0.8343358745746662,0.8013795720749923,0.811726864755127,0.9164381502721491,0.8422846698986921,0.3277326062866265,0.7767981579452128,0.5622468384517845,0.5914580979770447,__MISSING__,__MISSING__,__MISSING__,0613_M4_L,True,4,13.0,glial_non_neuronal,oligodendrocyte_opc,True,True,True,True,False,3,0.13098291478397972,0.10672522970996835,0.03310562211042059,0.05783282104633846,True,False,False,False,False,False
2787889600243100078,meninges_2,4,meninges_1,meninges_1,meninges_1,0.7865052346834124,0.6138964784388155,0.68066320775322,0.9854606966827464,0.971251331815484,0.07788987645134814,0.6610721445740014,0.3287808337807766,0.680172349415582,__MISSING__,__MISSING__,__MISSING__,0503_M4_C,True,12,95.0,glial_non_neuronal,meningeal,True,True,True,True,False,3,-0.4977583230145557,0.03845547652654109,0.15637394319995035,0.08474400346476742,True,False,False,False,False,False
2787889600451100046,oligodendrocyte_progenitor_2,0,astrocyte_1,astrocyte_1,astrocyte_1,0.8851133501456315,0.8526596407222049,0.5564301312048241,0.9886029196745664,0.9808162083329244,0.07157983422269273,0.5234487893565072,0.13720550761112077,1.127500104325211,__MISSING__,__MISSING__,__MISSING__,0503_M4_T,True,6,6.0,glial_non_neuronal,oligodendrocyte_opc,True,True,True,True,False,3,-1.52553092999473,0.17648751028869492,0.274618171912123,0.043627783126239696,True,False,False,False,False,False
2707604700087100062,oligodendrocyte_progenitor_2,2,oligodendrocyte_progenitor_2,oligodendrocyte_progenitor_2,oligodendrocyte_1,0.7825661178613574,0.6805008555150686,0.815420338968059,0.8266902303807754,0.6579928230819785,0.48720774426416874,0.47356409480917583,0.11856211478411838,1.4452025949310092,__MISSING__,__MISSING__,__MISSING__,0415_M2_L,True,9,11.0,glial_non_neuronal,oligodendrocyte_opc,True,False,False,False,False,1,-0.6331396905542761,0.18824242329674445,0.19862815876316633,0.05313090846800396,False,True,True,True,True,False
2787445900512100083,DH_ex_Cpne4,1,DH_ex_Reln/Nmur2,DH_ex_Reln/Nmur2,microglia,0.9878989364322643,0.975797878664529,0.06544734676346693,0.9949878584054259,0.9899757168108518,0.03154332030431208,0.22009318607080758,0.09738990299008261,2.8366160791837425,1,excitatory,3,0503_F3_C,False,5,7.0,neuron,neuronal_or_other,True,False,False,False,False,1,-1.8849886144178905,0.9304560135597438,0.9342999117595588,0.001100840812529912,True,False,False,False,False,False
2796212800399100071,DM_ex_Zfhx3,3,DM_ex_Zfhx3,DM_ex_Zfhx3,oligodendrocyte_progenitor_2,0.9999999940999997,0.9999999939999997,1.4175252073536737e-07,1.0,1.0,-0.0,0.21621776145384444,0.05571127490097891,2.574690554762605,2,excitatory,11,0613_F4_L,False,8,12.0,neuron,neuronal_or_other,True,False,False,False,False,1,-2.074685008590208,0.9223561247014068,0.9223561967515843,2.950000006277528e-09,False,True,True,True,True,False
2796212800388100154,oligodendrocyte_progenitor_2,1,oligodendrocyte_1,oligodendrocyte_1,oligodendrocyte_1,0.5335542861176318,0.1341276986489891,0.9998564480644093,0.7595636088711107,0.5198667152054507,0.5578804516200784,0.5236541587047773,0.14157208939398613,1.1445380879812133,__MISSING__,__MISSING__,__MISSING__,0613_F3_S,True,11,25.0,glial_non_neuronal,oligodendrocyte_opc,True,True,True,True,False,3,0.6890358899531389,0.034303759279612094,0.0723659812878932,0.06057390158347214,True,False,False,False,False,False
2795103300378100099,microglia,3,microglia,microglia,oligodendrocyte_2,0.685577906934619,0.4317183421846104,0.8902412099801018,0.7880249165142197,0.5768540511469158,0.5225111307073677,0.7458392267493249,0.5287611404413707,0.706526795655043,__MISSING__,__MISSING__,__MISSING__,0610_M5_L,True,14,25.0,glial_non_neuronal,microglia,True,False,False,False,False,1,1.2180234924508198,0.19604635847482638,0.2546656828642465,0.032007664290924866,False,True,True,True,True,False
2707604800382100052,MV_in_Gabra1,2,MV_in_Gabra1,MV_in_Gabra1,MV_in_Esrrb,0.999538161387828,0.9990833654132175,0.00405019714555735,1.0,1.0,-0.0,0.3058250654866909,0.12154991139905821,1.90611646866098,4,inhibitory,16,0415_M1_C,False,25,65.0,neuron,neuronal_or_other,True,False,False,False,False,1,-1.873262767550158,0.6291168955520466,0.6306940581057745,0.0002309577799080332,False,True,True,True,True,False
2787445900682100104,DH_ex_Maf/Slc17a8,1,DH_ex_Maf/Cck,DH_ex_Maf/Cpne4,DH_ex_Maf/Cck,0.7354036900252093,0.5449954299194492,0.7743284242256988,0.8124060053969971,0.630695266075239,0.5129466219904557,0.4683882927077674,0.20361523304329993,1.4729691035806645,1,excitatory,10,0503_F3_L,False,32,53.0,neuron,neuronal_or_other,False,True,False,False,False,2,-0.07827110015319805,0.08944446493802324,0.27181006791832796,0.30452573885143547,True,False,False,False,False,False
2726543700195100241,MV_in_Sema5b,0,MV_in_Sema5b,MV_in_Sema5b,oligodendrocyte_1,0.9999999940999997,0.9999999939999997,1.4175252073536734e-07,1.0,1.0,-0.0,0.15604733028673393,0.00199661069129789,2.9526238579475663,4,inhibitory,15,0422_M3_C,False,6,6.0,neuron,neuronal_or_other,True,False,False,False,False,1,-2.237677104806207,0.8238585158142934,0.8238585914430174,2.950000006277528e-09,False,True,True,True,True,False
2795903600294100071,MV_ex_Shox2,4,MV_ex_Shox2,MV_ex_Shox2,pericyte,0.9999999940999997,0.9999999939999997,1.4175252073536737e-07,1.0,1.0,-0.0,0.6509091547779162,0.5213082033072693,1.287461356992807,4,excitatory,18,0613_M4_L,False,12,14.0,neuron,neuronal_or_other,True,False,False,False,False,1,-0.6618749227553231,0.7096783553285747,0.7096784178980793,2.950000006277528e-09,False,True,True,True,True,False
2795584800747100174,oligodendrocyte_2,3,oligodendrocyte_2,oligodendrocyte_2,oligodendrocyte_1,0.507598775238736,0.10280485993015931,0.9674428342355917,0.5482779871713813,0.20163195950687274,0.9375439145892057,0.4095354295566063,0.14096565492079083,1.4135348900441704,__MISSING__,__MISSING__,__MISSING__,0610_F5_L,True,7,9.0,glial_non_neuronal,oligodendrocyte_opc,True,False,False,False,False,1,1.3749046567194372,0.08688605170955299,0.09118824819238242,0.007808229048806894,False,True,True,True,True,False
2795584800674100070,MV_in_Sema5b,3,MV_in_Sema5b,MV_in_Sema5b,oligodendrocyte_1,0.9999999940999997,0.9999999939999997,1.4175252073536734e-07,1.0,1.0,-0.0,0.32259301702216936,0.13585190528531116,2.1651530582447673,4,inhibitory,15,0610_F5_L,False,3,9.0,neuron,neuronal_or_other,True,False,False,False,False,1,-1.831505803607677,0.6273945842490215,0.6273946541429998,2.950000006277528e-09,False,True,True,True,True,False
2707604800139100019,endothelial,0,oligodendrocyte_2,oligodendrocyte_2,oligodendrocyte_2,0.9508584019461289,0.9240715896194804,0.2722627953600178,0.9984658572707156,0.9974979564283474,0.01289020392135339,0.9697102594749214,0.9435053140392196,0.1532415563444789,__MISSING__,__MISSING__,__MISSING__,0415_M1_L,True,18,23.0,glial_non_neuronal,vascular,True,True,True,True,False,3,0.760147392313167,0.006767702692216786,0.011897170342212224,0.021089959276489857,True,False,False,False,False,False
2796212800779100214,MV_in_Esrrb,3,MV_in_Esrrb,MV_in_Esrrb,MV_ex_Syt2,0.9999999940999997,0.9999999939999997,1.4175252073536734e-07,1.0,1.0,-0.0,0.18546897641683557,0.005138922738773338,2.3879508240420804,4,inhibitory,14,0613_F3_T,False,14,18.0,neuron,neuronal_or_other,True,False,False,False,False,1,-2.228142054459741,0.7042768585554756,0.704276928651394,2.950000006277528e-09,False,True,True,True,True,False
2795584800185100100,oligodendrocyte_precursor_cell,0,astrocyte_1,astrocyte_1,astrocyte_2,0.7075633326546118,0.4721435070689318,0.8472480547580429,0.989441399875647,0.9816622935170749,0.06790103487012357,0.5532358806050579,0.21807138198721648,1.1855809391925787,__MISSING__,__MISSING__,__MISSING__,0610_F3_C,True,5,10.0,glial_non_neuronal,oligodendrocyte_opc,True,False,False,False,False,1,-0.6005710882908166,0.11168421497611973,0.436397442735391,0.14883289335528405,True,False,False,False,False,False
2707604700082100082,M_ex_Vsx2,0,M_ex_Vsx2,M_ex_Vsx2,oligodendrocyte_1,0.9384344486024822,0.8768689030049643,0.2312537619829972,0.9999973996964834,0.9999947993929668,3.6039897519224656e-05,0.2967946869291128,0.11424773537338515,2.1945438997671274,3,excitatory,20,0415_M2_L,False,9,16.0,neuron,neuronal_or_other,True,False,False,False,False,1,-1.6766028437971439,0.84759052058681,0.8454329032275327,0.031468610659447074,False,True,True,True,True,False
2656143800191100190,MV_ex_Syt2,1,MV_ex_Syt2,MV_ex_Syt2,DM_ex_Zfhx3,0.9999999940999997,0.9999999939999997,1.4175252073536734e-07,1.0,1.0,-0.0,0.37815127448273456,0.06486595385399235,1.674662321497829,4,excitatory,14,0328_M3_T,False,27,53.0,neuron,neuronal_or_other,True,False,False,False,False,1,-2.0469059963839435,0.47953047624204137,0.47953053816601043,2.950000006277528e-09,False,True,True,True,True,False
2795903600322100049,DH_in_Pdyn,3,DH_in_Pdyn,DH_in_Pdyn,DH_in_Cdh3,0.9999999940999997,0.9999999939999997,1.4175252073536737e-07,1.0,1.0,-0.0,0.4354143642388227,0.17067590127620308,1.5651447794910973,1,inhibitory,2,0613_M4_L,False,15,20.0,neuron,neuronal_or_other,True,False,False,False,False,1,-1.7258356632710274,0.5319290260812751,0.5319290853179529,2.950000006277528e-09,False,True,True,True,True,False
2795103300400100111,DH_ex_Grpr,2,DH_ex_Grpr,DH_ex_Grpr,DH_in_Cdh3,0.8304275840135219,0.6608551738270443,0.4552077049163882,0.973907823699422,0.9478156473988439,0.12088397543398575,0.1824736603838692,0.031012617921893387,2.626351223038101,1,excitatory,2,0610_M5_T,False,14,19.0,neuron,neuronal_or_other,True,False,False,False,False,1,-1.4388657703461423,0.6163680842978075,0.6457507640098199,0.04652401700031227,False,True,True,True,True,False
2787445900365100108,oligodendrocyte_1,1,oligodendrocyte_progenitor_2,oligodendrocyte_progenitor_2,oligodendrocyte_progenitor_2,0.7346172412552991,0.4953292448330482,0.69595559910429,0.9622993744711151,0.9270549294628666,0.1730441835887534,0.48619705637049665,0.0008834220773941137,0.8579477467738601,__MISSING__,__MISSING__,__MISSING__,0503_F4_C,True,9,14.0,glial_non_neuronal,oligodendrocyte_opc,True,True,True,True,False,3,-1.192733964935871,0.05867975181252994,0.23502100469507992,0.08131783938407876,True,False,False,False,False,False
2707604700131100178,oligodendrocyte_progenitor_2,3,oligodendrocyte_2,oligodendrocyte_2,oligodendrocyte_2,0.7256973419141697,0.5820835193320886,1.0574397700245952,0.9488094112681525,0.8989582459701941,0.20970136463975264,0.7452964684037527,0.52003415295718,0.7080799311287532,__MISSING__,__MISSING__,__MISSING__,0415_M2_L,True,12,17.0,glial_non_neuronal,oligodendrocyte_opc,True,True,True,True,False,3,0.2830251639770389,0.0461904500018359,0.06416212277461895,0.08968409937777859,True,False,False,False,False,False
2787889600231100119,MV_ex_Syt2,1,MV_ex_Syt2,MV_ex_Syt2,MV_in_Gabra1,0.9999999940999997,0.9999999939999997,1.4175252073536734e-07,1.0,1.0,-0.0,0.4521320841529153,0.14658675699202045,1.424551302350282,4,excitatory,14,0503_M5_T,False,28,92.0,neuron,neuronal_or_other,True,False,False,False,False,1,-1.7989319058092228,0.4875852658008003,0.4875853238655157,2.950000006277528e-09,False,True,True,True,True,False
2796212800700100071,DH_in_Pdyn,3,DH_in_Pdyn,DH_in_Pdyn,DH_in_Pdyn/Gal,0.9999999940999997,0.9999999939999997,1.4175252073536737e-07,1.0,1.0,-0.0,0.5089706254640136,0.027627980421521925,0.7567431795443932,1,inhibitory,2,0613_F5_C,False,16,32.0,neuron,neuronal_or_other,True,False,False,False,False,1,-2.1599011242116273,0.32623391240788335,0.3262339613013737,2.950000006277528e-09,False,True,True,True,True,False
2796212800489100062,DH_in_Cdh3,0,DH_in_Cdh3,DH_in_Cdh3,MV_in_Sema5b,0.9836702657573871,0.9673405373147747,0.08338885001832451,0.999616469144843,0.9992329382896861,0.003400345707734828,0.648723352281561,0.5901304737724713,1.5387370442587955,1,inhibitory,10,0613_F3_L,False,10,11.0,neuron,neuronal_or_other,True,False,False,False,False,1,-0.393045711419523,0.9143733187503781,0.9176517504726576,0.007085155761661984,False,True,True,True,True,False
2707604800033100022,DH_ex_Grp,4,DH_ex_Prkcg/Rxfp1,DH_ex_Prkcg/Rxfp1,DH_ex_Gpr83,0.7633578057282305,0.5282741218139131,0.5565600300103186,0.8340836566145146,0.6727253338396845,0.4702306509617954,0.17988092689090152,0.02406177042643312,2.626159727610516,1,excitatory,6,0415_M1_S,False,20,27.0,neuron,neuronal_or_other,True,False,False,False,False,1,-0.6765930606269441,0.778598482498994,0.7828272473610894,0.00665785302112575,True,False,False,False,False,False
2946331700000006342,DH_ex_Sox5,1,DH_ex_Sox5,DH_ex_Sox5,DH_ex_Prkcg/Cck,0.980548620472834,0.9610972467456682,0.09589634957898754,0.9999934418986958,0.9999868837973915,8.48277691033444e-05,0.17029026321559118,0.017849635437018035,2.8639788247374662,1,excitatory,5,0415_F2_C,False,14,18.0,neuron,neuronal_or_other,True,False,False,False,False,1,-2.11989680137655,0.926819646808987,0.9267493509955859,0.009755272340384214,False,True,True,True,True,False
2707604700037100056,alpha_motoneuron,3,alpha_motoneuron,alpha_motoneuron,gamma_motoneuron,0.841307057608477,0.6835402800010826,0.4431835540193281,0.9128101074426714,0.825628419604492,0.29607186292183796,0.6681291691601003,0.3407403899382098,0.6693398772975706,__MISSING__,__MISSING__,22,0415_M2_L,False,24,41.0,glial_non_neuronal,neuronal_or_other,True,False,False,False,False,1,-0.2971241139011423,0.20823679693330874,0.2887144079346454,0.008925975252540193,False,True,True,True,True,False
2726562800242100144,DM_ex_Zfhx3,0,DM_ex_Zfhx3,DM_ex_Zfhx3,MV_in_Sema5b,0.9999999940999997,0.9999999939999997,1.4175252073536737e-07,1.0,1.0,-0.0,0.34057679395175705,0.09714335310754166,2.2351388981902116,2,excitatory,11,0422_M2_L,False,9,15.0,neuron,neuronal_or_other,True,False,False,False,False,1,-1.9489632643173338,0.9331466549140535,0.9331467274146276,2.950000006277528e-09,False,True,True,True,True,False
2795584800660100201,DH_in_Cdh3,1,DH_in_Cdh3,DH_in_Cdh3,DH_in_Pdyn,0.9240362145735483,0.8621319659111133,0.3057788142007208,0.9953221588108556,0.9906443176217112,0.02976312000545403,0.3420496728005628,0.13039471736121622,2.11069207634094,1,inhibitory,10,0610_F5_C,False,24,52.0,neuron,neuronal_or_other,True,False,False,False,False,1,-1.5826632206286027,0.8168001817065921,0.8517191445592804,0.02906209760932623,False,True,True,True,True,False
2707604700271200103,DH_in_Npy2r,1,DH_in_Npy2r,DH_in_Npy2r,DH_in_Rorb,0.9442793476357477,0.9094517275581675,0.2529461818214889,0.99991555902414,0.9998311180482798,0.0008764479784506088,0.41081448194978654,0.10597272057264512,1.768665495206207,1,inhibitory,9,0415_M2_T,False,29,42.0,neuron,neuronal_or_other,True,False,False,False,False,1,-1.7597225723322107,0.8633607127463333,0.8804601697983135,0.028049060565721404,False,True,True,True,True,False
2656144900350100059,DH_in_Npy2r,3,DH_in_Npy2r,DH_in_Npy2r,DH_in_Cdh3,0.9365987065773818,0.8731974189547637,0.23622562888763116,0.9960893212104001,0.9921786424208001,0.025583998615258605,0.427806459590122,0.14310557869913593,1.7755440354806833,1,inhibitory,9,0328_M1_T,False,21,30.0,neuron,neuronal_or_other,True,False,False,False,False,1,-1.5669497212997556,0.8655865046564211,0.8804680296664507,0.0235517816266909,False,True,True,True,True,False
2796212800529100186,DH_ex_Prkcg/Nts,4,DH_ex_Prkcg/Nts,DH_ex_Prkcg/Nts,DH_ex_Maf/Cck,0.8769921403517021,0.802352197500593,0.48880153712280094,0.9387136999790481,0.9029409142130748,0.2728683588546791,0.3805524499436094,0.2346811807945889,2.161104237598277,1,excitatory,8,0613_F4_T,False,18,29.0,neuron,neuronal_or_other,True,False,False,False,False,1,-0.9851156585177607,0.8244005041314681,0.829757031164373,0.0229246112593443,False,True,True,True,True,False
2795103300154100205,DH_ex_Gpr83,3,DH_ex_Gpr83,DH_ex_Gpr83,DH_ex_Sox5,0.939601189359929,0.8792023845198584,0.2280635800283964,0.9490623921533696,0.8981247843067393,0.20126677295206377,0.25940946162430034,0.03726298596981267,1.8423635805117045,1,excitatory,2,0610_M4_T,False,12,21.0,neuron,neuronal_or_other,True,False,False,False,False,1,-1.712192759761741,0.5148859040091827,0.5240108267789466,0.000307428311114487,False,True,True,True,True,False
2787445900682100044,DH_in_Pdyn,1,DH_in_Pdyn,DH_in_Pdyn,DH_in_Pdyn/Gal,0.9999999940999997,0.9999999939999997,1.4175252073536737e-07,1.0,1.0,-0.0,0.44175790148181177,0.05423855631900937,1.3622700687767528,1,inhibitory,2,0503_F3_L,False,24,52.0,neuron,neuronal_or_other,True,False,False,False,False,1,-2.0791538346052874,0.4071957157492839,0.4071957758783426,2.950000006277528e-09,False,True,True,True,True,False
2787889600277100258,DH_in_Pdyn,4,DH_in_Pdyn,DH_in_Pdyn,DH_in_Rorb,0.9999999940999997,0.9999999939999997,1.4175252073536737e-07,1.0,1.0,-0.0,0.49411571911828955,0.3828365770938823,2.0658400193062674,1,inhibitory,2,0503_M4_C,False,5,6.0,neuron,neuronal_or_other,True,False,False,False,False,1,-1.0820540480469676,0.7391678108659236,0.7391678815844147,2.950000006277528e-09,False,True,True,True,True,False
2946331700000002645,DH_in_Pdyn/Gal,1,DH_in_Pdyn/Gal,DH_in_Pdyn/Gal,DH_in_Pdyn,0.9999999940999997,0.9999999939999997,1.4175252073536737e-07,1.0,1.0,-0.0,0.7577351225770129,0.6132143884884295,0.9711837203953955,1,inhibitory,5,0415_F2_C,False,26,47.0,neuron,neuronal_or_other,True,False,False,False,False,1,-0.382994248393904,0.6869023879611256,0.6869024471911864,2.950000006277528e-09,False,True,True,True,True,False
2656143800153100207,DH_ex_Gpr83,1,DH_ex_Gpr83,DH_ex_Gpr83,DH_ex_Grpr,0.5159488803672834,0.03189776653456722,0.6926384958265888,0.5377565615430638,0.07551312308612762,0.6902933488609491,0.4359783816084969,0.2709377128440134,1.7178101204380305,1,excitatory,2,0328_M3_C,False,16,25.0,neuron,neuronal_or_other,True,False,False,False,False,1,2.1465612675929124,0.2688589440709242,0.2748461892553492,0.0003440776187622928,False,True,True,True,True,False
2795903600346200057,oligodendrocyte_precursor_cell,0,oligodendrocyte_progenitor_2,oligodendrocyte_progenitor_2,oligodendrocyte_progenitor_2,0.7438056224577135,0.6383825384845736,1.029548988825926,0.6421620031952628,0.4517919074738573,1.038166911536519,0.30411498033492274,0.0812533290078187,1.937890567809425,__MISSING__,__MISSING__,__MISSING__,0613_M4_L,True,9,12.0,glial_non_neuronal,oligodendrocyte_opc,True,True,True,True,False,3,-0.2616769190358751,0.1824271650389591,0.1368754034694949,0.04474338480628512,True,False,False,False,False,False
2796212800248100090,DM_ex_Zfhx3,1,DM_ex_Zfhx3,DM_ex_Zfhx3,M_ex_Vsx2,0.9999999940999997,0.9999999939999997,1.4175252073536737e-07,1.0,1.0,-0.0,0.6908787065626352,0.6254889425923075,1.3748181971732423,2,excitatory,11,0613_F5_T,False,11,26.0,neuron,neuronal_or_other,True,False,False,False,False,1,-0.34574826849355517,0.8740442903793325,0.87404435842758,2.950000006277528e-09,False,True,True,True,True,False
2656144900477100087,oligodendrocyte_1,0,oligodendrocyte_progenitor_2,oligodendrocyte_progenitor_2,oligodendrocyte_progenitor_2,0.6296452416125926,0.4187090059073532,1.1450149234935068,0.7181146670408725,0.5890605100328488,0.9575956284780935,0.4392447100209916,0.09222508005412616,1.5508084366004384,__MISSING__,__MISSING__,__MISSING__,0328_M2_L,True,6,8.0,glial_non_neuronal,oligodendrocyte_opc,True,True,True,True,False,3,-0.10754006881315215,0.0826093079564209,0.1285343533282473,0.0451542697625738,True,False,False,False,False,False
2656144900478100116,astrocyte_1,0,astrocyte_1,astrocyte_1,astrocyte_2,0.9124505696635364,0.8505653616194029,0.3954603767080902,0.9995950217225964,0.9994255839578235,0.00412450992156554,0.5063307994031256,0.027562083355240907,0.7958252811780794,__MISSING__,__MISSING__,__MISSING__,0328_M2_L,True,7,8.0,glial_non_neuronal,astrocyte,True,False,False,False,False,1,-1.8914198297778024,0.20213088840634894,0.32652163177369525,0.043826163036371275,False,True,True,True,True,False
2707604000122100150,astrocyte_2,2,astrocyte_1,astrocyte_1,astrocyte_1,0.8684992594434168,0.7696295319371395,0.5318630419762264,0.8481764705594863,0.6973667894352078,0.43423298884021677,0.985685853798683,0.9754940221629602,0.09366910057493708,__MISSING__,__MISSING__,__MISSING__,0415_M3_T,True,11,13.0,glial_non_neuronal,astrocyte,True,True,True,True,False,3,1.7294183930445102,0.04699878119480315,0.057879261638767714,0.018220154970126766,True,False,False,False,False,False
2787445900364100165,oligodendrocyte_1,0,oligodendrocyte_progenitor_2,oligodendrocyte_progenitor_2,oligodendrocyte_progenitor_2,0.6753847702072386,0.4177745939624212,0.9161376904502008,0.6064761851346022,0.2178529798134246,0.7021217510878094,0.41629761146913863,0.020574398021661167,1.2804365054330602,__MISSING__,__MISSING__,__MISSING__,0503_F4_C,True,8,19.0,glial_non_neuronal,oligodendrocyte_opc,True,True,True,True,False,3,0.41348547372023836,0.0769521667910435,0.09989408109355645,0.037541477505374336,True,False,False,False,False,False
2707604700069100204,MV_ex_Syt2,4,MV_ex_Syt2,MV_ex_Syt2,MV_in_Gm26673,0.9999999940999997,0.9999999939999997,1.4175252073536734e-07,1.0,1.0,-0.0,0.32730524216460183,0.07548650504715998,1.9158230638905065,4,excitatory,14,0415_M3_S,False,14,18.0,neuron,neuronal_or_other,True,False,False,False,False,1,-2.0146789327428807,0.9422147825804561,0.9422148475699131,2.950000006277528e-09,False,True,True,True,True,False
2787445900462100026,MV_ex_Syt2,2,MV_ex_Syt2,MV_ex_Syt2,MV_in_Gabra1,0.9999888967155734,0.9999814719534829,0.00014619463569431407,1.0,1.0,-0.0,0.2764533818986266,0.03964160558244881,1.5272552933851453,4,excitatory,14,0503_F4_T,False,40,101.0,neuron,neuronal_or_other,True,False,False,False,False,1,-2.123413747593189,0.5642414624944532,0.5643110908699766,5.551664445837595e-06,False,True,True,True,True,False
2796212800397100269,MV_in_Esrrb,4,MV_in_Esrrb,MV_in_Esrrb,MV_in_Gabra1,0.9999999940999997,0.9999999939999997,1.4175252073536734e-07,1.0,1.0,-0.0,0.8653424272917367,0.8175788775245431,0.7074877992863345,4,inhibitory,14,0613_F4_L,False,12,21.0,neuron,neuronal_or_other,True,False,False,False,False,1,0.23713057134022303,0.8599438493164051,0.8599439108522092,2.950000006277528e-09,False,True,True,True,True,False
2707604800445100061,DH_ex_Prkcg/Nts,1,DH_ex_Prkcg/Nts,DH_ex_Prkcg/Nts,DH_ex_Tac2,0.7918059728725367,0.6197569431387757,0.6100422831343179,0.72878776357628,0.4779623617006494,0.6584400030427972,0.2496490141592778,0.019744732164344664,2.1721415925346945,1,excitatory,8,0415_M1_C,False,9,16.0,neuron,neuronal_or_other,True,False,False,False,False,1,-0.46691544611389757,0.4110058673438011,0.4302038247925482,0.007874966614066144,False,True,True,True,True,False
2796212800554100029,DH_ex_Grpr,1,DH_ex_Gpr83,DH_ex_Grpr,DM_ex_Zfhx3,0.5190370802367843,0.03807416627356902,0.692422319593223,0.5289218855890283,0.05784377117805661,0.6914732954554603,0.4397805223450736,0.2967228646473933,2.0697778405298104,1,excitatory,2,0613_F3_L,False,9,12.0,neuron,neuronal_or_other,False,False,False,False,True,1,2.2488159270928905,0.6096510862601459,0.6053219162149837,0.0016599465269662907,False,False,True,False,True,False
2656144900536100014,DH_ex_Reln,4,DH_ex_Reln,DH_ex_Reln,DH_in_Rorb,0.8981626545413971,0.8321226050650623,0.3951307038875166,0.9454490597030077,0.8911724529392125,0.21342875848273538,0.3581054611371735,0.06211145969196974,1.9062638946766857,1,excitatory,6,0328_M1_L,False,15,22.0,neuron,neuronal_or_other,True,False,False,False,False,1,-1.5387039145247523,0.49136936793537456,0.49175022293036796,0.017726160016991694,False,True,True,True,True,False
2707604700093100214,oligodendrocyte_precursor_cell,2,astrocyte_1,astrocyte_1,astrocyte_1,0.5984846977193838,0.447267404822474,1.346790759482257,0.8832060029553264,0.8306101970461938,0.5219868661560079,0.22449229085515893,0.12542142131632605,2.903832310967759,__MISSING__,__MISSING__,__MISSING__,0415_M3_S,True,5,5.0,glial_non_neuronal,oligodendrocyte_opc,True,True,True,True,False,3,-0.5373645599929275,0.27285716222767037,0.4105373126082136,0.10681434633005735,True,False,False,False,False,False
2795103300233100358,meninges_2,1,meninges_2,meninges_2,meninges_3,0.4307650992509725,0.04459271625800082,1.1256987331399464,0.6611644195195945,0.46913763396263974,0.8803124848279383,0.5020255670750823,0.22496481196581908,1.0814876622346876,__MISSING__,__MISSING__,__MISSING__,0610_M4_L,True,3,58.0,glial_non_neuronal,meningeal,True,False,False,False,False,1,1.2030694277387037,0.04659398290510565,0.17020840448753607,0.06671002407068648,False,True,True,True,True,False
2787445900753200023,oligodendrocyte_1,0,oligodendrocyte_progenitor_2,oligodendrocyte_progenitor_2,oligodendrocyte_progenitor_2,0.9141364446818753,0.8508425149863366,0.37071439156628366,0.963975144251,0.9281801107751471,0.1568793913369158,0.7061968998092327,0.5475960350904291,1.1905786867422739,__MISSING__,__MISSING__,__MISSING__,0503_F3_L,True,23,98.0,glial_non_neuronal,oligodendrocyte_opc,True,True,True,True,False,3,-0.17251444957510279,0.09630715842913178,0.11169692675322669,0.013819096380048367,True,False,False,False,False,False
2787889600348100092,oligodendrocyte_precursor_cell,2,astrocyte_1,astrocyte_1,astrocyte_1,0.8152770134959625,0.674356877837829,0.6343139045802614,0.9435021428236142,0.889460426857806,0.22743319065282083,0.5649915669498621,0.23141024752734196,1.001637359447875,__MISSING__,__MISSING__,__MISSING__,0503_M4_C,True,17,32.0,glial_non_neuronal,oligodendrocyte_opc,True,True,True,True,False,3,-0.7391278705316121,0.059186996603965765,0.1594573673931987,0.0349058264217981,True,False,False,False,False,False
2656143800130100106,gamma_motoneuron,4,alpha_motoneuron,alpha_motoneuron,alpha_motoneuron,0.958402445040345,0.9176516569547697,0.1771242580725293,0.9970036786858854,0.9940143085919455,0.02045067404646609,0.8434431468305945,0.7668837953509728,0.6791113422114408,__MISSING__,__MISSING__,22,0328_M3_C,False,11,19.0,glial_non_neuronal,neuronal_or_other,True,True,True,True,False,3,0.2426142877146666,0.045066951787090734,0.07517174079911725,0.014675738479134995,True,False,False,False,False,False
2795584800086100062,oligodendrocyte_2,0,oligodendrocyte_2,oligodendrocyte_progenitor_2,oligodendrocyte_progenitor_2,0.5089899923505637,0.12809924258746064,1.0935721459853858,0.5651984282340715,0.18320449530119015,0.8547880833785915,0.5529527716365031,0.21345165331202615,1.0925296048778108,__MISSING__,__MISSING__,__MISSING__,0610_F3_T,True,10,10.0,glial_non_neuronal,oligodendrocyte_opc,False,False,True,False,False,2,1.5861453470366578,0.05056485582380188,0.03540356760831421,0.03685033020929214,False,False,True,True,False,False
2656144900488100149,MV_in_Sema5b,2,MV_in_Sema5b,MV_in_Sema5b,oligodendrocyte_1,0.9999999940999997,0.9999999939999997,1.4175252073536734e-07,1.0,1.0,-0.0,0.48553394097691216,0.27988112575367324,1.5549912594276678,4,inhibitory,15,0328_M1_S,False,8,12.0,neuron,neuronal_or_other,True,False,False,False,False,1,-1.3944626812890697,0.9685912732002958,0.9685913402617,2.950000006277528e-09,False,True,True,True,True,False
2787445900805100100,DH_in_Rorb,4,DH_in_Rorb,DH_in_Rorb,DH_ex_Sox5/Tac1,0.9999999940999997,0.9999999939999997,1.4175252073536737e-07,1.0,1.0,-0.0,0.5172882327499095,0.3370013623112249,1.8873562757263498,1,inhibitory,7,0503_M5_C,False,37,62.0,neuron,neuronal_or_other,True,False,False,False,False,1,-1.221136696106962,0.6360729157373182,0.636072986243479,2.950000006277528e-09,False,True,True,True,True,False
2795903600481100163,astrocyte_1,2,astrocyte_1,astrocyte_1,astrocyte_2,0.7489288010835883,0.5284228157385465,0.7064575989783359,0.9040979467625792,0.8083816553187937,0.3177805712569525,0.8461322979320889,0.6968727740779777,0.46332164898373934,__MISSING__,__MISSING__,__MISSING__,0613_M4_T,True,15,22.0,glial_non_neuronal,astrocyte,True,False,False,False,False,1,1.0954728015042319,0.311040163327064,0.4661957643452067,0.0382986855046495,False,True,True,True,True,False
2707737900060100148,pericyte,3,endothelial,endothelial,endothelial,0.8117783097487383,0.6950925219032342,0.7286555063487279,0.9821625331153857,0.9676355271022868,0.10103830910870594,0.8912328485288413,0.8699726883815316,0.6285527511901461,__MISSING__,__MISSING__,__MISSING__,0415_F1_L,True,12,15.0,glial_non_neuronal,vascular,True,True,True,True,False,3,1.0062442726378318,0.06417174290133684,0.03921494244047024,0.06977199539255255,True,False,False,False,False,False
2787445900657100072,oligodendrocyte_1,3,endothelial,endothelial,MV_in_Gm26673,0.7551065243371236,0.627414641109024,0.9036928500300301,0.984866687107258,0.9775937629189619,0.09564964973152187,0.4235159243527389,0.1482962967370322,1.5825386935561707,__MISSING__,__MISSING__,__MISSING__,0503_F3_C,True,13,23.0,glial_non_neuronal,oligodendrocyte_opc,True,False,False,False,False,1,-1.082212403843758,0.8717560658638952,0.8976648199229187,0.10388848160008313,True,False,False,False,False,False
2787445900858100202,oligodendrocyte_progenitor_2,1,oligodendrocyte_progenitor_2,oligodendrocyte_progenitor_2,astrocyte_2,0.7923001173201546,0.7121959881558253,0.8105102954434567,0.971109716857878,0.9578463016684345,0.16506048220468478,0.3847786331592724,0.05616324969475561,1.43405774058351,__MISSING__,__MISSING__,__MISSING__,0503_F3_S,True,8,12.0,glial_non_neuronal,oligodendrocyte_opc,True,False,False,False,False,1,-1.4743756329402529,0.21635188836059327,0.38422442112709704,0.07110910098526121,False,True,True,True,True,False
2787889600312100137,DH_in_Cdh3,0,DH_in_Cdh3,DH_in_Cdh3,DH_ex_Maf/Cck,0.9487491670069428,0.8974983398138858,0.20218202608777835,0.9996189249769417,0.9992378499538834,0.0033810209698336793,0.2829283635942198,0.05615966180125129,2.1383818432184936,1,inhibitory,10,0503_M4_C,False,19,31.0,neuron,neuronal_or_other,True,False,False,False,False,1,-1.8882972831288616,0.6966870939726119,0.7077430318795231,0.024671773015144935,False,True,True,True,True,False
2945606900000005317,MV_in_Gabra1,0,MV_in_Gabra1,MV_in_Gabra1,DH_in_Cdh3,0.9999999940999997,0.9999999939999997,1.4175252073536734e-07,1.0,1.0,-0.0,0.47186003191723125,0.13008699424342374,1.4113652315699714,4,inhibitory,16,0328_F1_C,False,21,54.0,neuron,neuronal_or_other,True,False,False,False,False,1,-1.8489988839245906,0.4507653522517249,0.4507654140214805,2.950000006277528e-09,False,True,True,True,True,False
2795584800090100014,oligodendrocyte_2,3,oligodendrocyte_2,oligodendrocyte_2,oligodendrocyte_1,0.4812099099914729,0.11081069544933392,1.1949765174044296,0.6318219282029061,0.31051366866249774,0.8414786590205308,0.44203003920547873,0.20267703340786297,1.6878716276854417,__MISSING__,__MISSING__,__MISSING__,0610_F3_T,True,4,7.0,glial_non_neuronal,oligodendrocyte_opc,True,False,False,False,False,1,1.3317211525387571,0.07303573054114619,0.16604729402052876,0.03135065594985013,False,True,True,True,True,False
2787889600354100180,astrocyte_1,1,oligodendrocyte_progenitor_2,oligodendrocyte_progenitor_2,oligodendrocyte_progenitor_2,0.746484420245595,0.6496144009827463,1.0160604090468401,0.8887361910151037,0.7995898841614132,0.41587317887498404,0.4646916291051947,0.32530973246511863,1.93965343607805,__MISSING__,__MISSING__,__MISSING__,0503_M4_C,True,4,5.0,glial_non_neuronal,astrocyte,True,True,True,True,False,3,-0.2315265132907477,0.21162851312115832,0.22261600079776242,0.08695615901227005,True,False,False,False,False,False
2726543700432100220,oligodendrocyte_progenitor_2,2,oligodendrocyte_progenitor_2,oligodendrocyte_progenitor_2,astrocyte_1,0.6066758431292077,0.40585088437259453,1.206655154532606,0.8849216657703906,0.7809181079309888,0.4058612072671058,0.36806306960894447,0.034026057332848025,1.6838472355708376,__MISSING__,__MISSING__,__MISSING__,0422_M3_L,True,8,13.0,glial_non_neuronal,oligodendrocyte_opc,True,False,False,False,False,1,-0.6419164105542603,0.12994745654936382,0.2746986103577204,0.10582942527958411,False,True,True,True,True,False
2795584800421100246,oligodendrocyte_progenitor_2,2,oligodendrocyte_progenitor_2,astrocyte_1,MV_ex_Syt2,0.3932412161107498,0.07123286739782692,1.3040046850449254,0.4032134719281404,0.0516992313519285,1.1247430040512787,0.31456940221844926,0.09879308487665042,2.175237503698253,__MISSING__,__MISSING__,__MISSING__,0610_F4_L,True,27,57.0,glial_non_neuronal,oligodendrocyte_opc,False,False,False,False,True,1,1.601046391172263,0.7348793279758297,0.7458996431840872,0.038996590910151,False,False,True,True,False,False
2787889600093100030,MV_in_Sema5b,0,MV_in_Sema5b,MV_in_Sema5b,oligodendrocyte_progenitor_2,0.9999999940999997,0.9999999939999997,1.4175252073536734e-07,1.0,1.0,-0.0,0.4756886398809233,0.31209941868659347,1.838252898282473,4,inhibitory,15,0503_M5_C,False,15,43.0,neuron,neuronal_or_other,True,False,False,False,False,1,-1.2966993017929487,0.8964017595896425,0.8964018285314034,2.950000006277528e-09,False,True,True,True,True,False
2787889600422100186,oligodendrocyte_progenitor_2,0,oligodendrocyte_progenitor_2,oligodendrocyte_progenitor_2,oligodendrocyte_2,0.8232886021217032,0.6712379682222155,0.5813653443806837,0.9352923171032856,0.8710326751987209,0.24284099348170188,0.5294018914543073,0.08043479515270174,0.7928630243483378,__MISSING__,__MISSING__,__MISSING__,0503_M4_C,True,16,51.0,glial_non_neuronal,oligodendrocyte_opc,True,False,False,False,False,1,-1.1550894617835579,0.12862622260082368,0.2224810345765468,0.027021176084497295,False,True,True,True,True,False
2707604800082100205,DH_ex_Sox5,4,DH_ex_Sox5,DH_ex_Sox5,DM_ex_Zfhx3,0.9525638685607024,0.9051277429214051,0.1908958663964254,0.9999962654156507,0.9999925308313014,5.040894213194065e-05,0.38992091052816497,0.09465260818435672,1.870296279368627,1,excitatory,5,0415_M1_L,False,21,32.0,neuron,neuronal_or_other,True,False,False,False,False,1,-1.786651288634138,0.8068912513047879,0.8052749267006787,0.024107408917752798,False,True,True,True,True,False
2795903600490100171,MV_in_Esrrb,1,MV_in_Esrrb,MV_in_Esrrb,MV_in_Gm26673,0.9999999940999997,0.9999999939999997,1.4175252073536734e-07,1.0,1.0,-0.0,0.3425723272726742,0.22963504111577615,2.123181227952005,4,inhibitory,14,0613_M5_C,False,13,15.0,neuron,neuronal_or_other,True,False,False,False,False,1,-1.5469296990443682,0.7364232987877565,0.7364233659364358,2.950000006277528e-09,False,True,True,True,True,False
2787889600311100120,meninges_2,0,meninges_2,meninges_2,meninges_1,0.5551926747841351,0.14000744133903154,0.8407548846007158,0.7100620164744903,0.4317627551771085,0.6552248580916774,0.6946219801529744,0.4145877250198787,0.7090386769695091,__MISSING__,__MISSING__,__MISSING__,0503_M4_C,True,7,54.0,glial_non_neuronal,meningeal,True,False,False,False,False,1,1.681817391810478,0.06790987869234597,0.13808704422783444,0.023750679007020995,False,True,True,True,True,False
2796212800748100208,DH_in_Npy,0,DH_in_Npy,DH_in_Npy,oligodendrocyte_precursor_cell,0.9491853796460318,0.8983707650920639,0.20090701565657523,0.9999632145388216,0.9999264290776432,0.00041237934681198076,0.4775462706596511,0.35409525100610856,2.0374405953326553,1,inhibitory,4,0613_F3_T,False,15,19.0,neuron,neuronal_or_other,True,False,False,False,False,1,-0.9871683993142063,0.8044299202831563,0.8559093922824628,0.02568445058679777,False,True,True,True,True,False
2787445900095100086,DH_ex_Reln/Npff,3,DH_ex_Reln/Npff,DH_ex_Reln/Npff,DH_ex_Grpr,0.7904951532209136,0.5811474767345024,0.5146569311523438,1.0,1.0,-0.0,0.3810631889496496,0.07434834343765206,1.689934295110377,1,excitatory,1,0503_F5_C,False,27,56.0,neuron,neuronal_or_other,True,False,False,False,False,1,-1.2682375560447325,0.5039762622279408,0.766169627355741,0.11361428320789285,False,True,True,True,True,False
2707604700223100200,MV_in_Gabra1,2,MV_in_Gabra1,MV_in_Gabra1,microglia,0.9998253201432614,0.9997339632566308,0.0018554521034607411,1.0,1.0,-0.0,0.8869457845796412,0.8105871687989695,0.4940379493661087,4,inhibitory,16,0415_M2_T,False,30,57.0,neuron,neuronal_or_other,True,False,False,False,False,1,0.21639117851946327,0.8005705928942555,0.8011816130807993,8.734543147855887e-05,False,True,True,True,True,False
2795903600670100298,DH_ex_Prkcg/Rxfp1,3,DH_ex_Prkcg/Rxfp1,DH_ex_Prkcg/Rxfp1,DH_ex_Nmu/Tac2,0.5298443157705227,0.11097676551511604,0.8781172419639939,0.5921389490213862,0.1878715819803764,0.69665279620996,0.8389676935503153,0.768210874018694,0.6831966818579367,1,excitatory,6,0613_M4_C,False,27,57.0,neuron,neuronal_or_other,True,False,False,False,False,1,3.290902150036065,0.8206310525966826,0.8521434243007134,0.019623683899344466,False,True,True,True,True,False
2796212800364100230,oligodendrocyte_progenitor_2,0,astrocyte_1,astrocyte_1,astrocyte_1,0.6427432615166672,0.39630862391729504,1.0199338771438373,0.810398610366483,0.663202860592528,0.6025301037760928,0.3103295363107135,0.032874313699605084,1.9343415656966025,__MISSING__,__MISSING__,__MISSING__,0613_F4_L,True,12,18.0,glial_non_neuronal,oligodendrocyte_opc,True,True,True,True,False,3,-0.3946869042670048,0.4024907889093001,0.3974108090748265,0.04069372724951968,True,False,False,False,False,False
2656143800054100054,MV_in_Esrrb,2,MV_in_Esrrb,MV_in_Esrrb,MV_in_Gabra1,0.9999999940999997,0.9999999939999997,1.4175252073536734e-07,1.0,1.0,-0.0,0.7808690068426878,0.671103536081416,0.8727510637228817,4,inhibitory,14,0328_M3_C,False,18,32.0,neuron,neuronal_or_other,True,False,False,False,False,1,-0.2073350749974956,0.7416872082409873,0.7416872663509163,2.950000006277528e-09,False,True,True,True,True,False
2787445900231100186,MV_in_Sema5b,2,MV_in_Sema5b,MV_in_Sema5b,astrocyte_1,0.9999999940999997,0.9999999939999997,1.4175252073536734e-07,1.0,1.0,-0.0,0.4131270873627813,0.2479311699685435,2.045704125455761,4,inhibitory,15,0503_F5_L,False,11,17.0,neuron,neuronal_or_other,True,False,False,False,False,1,-1.4914118169496478,0.6569259592150679,0.656926029307444,2.950000006277528e-09,False,True,True,True,True,False
2795584800420100064,MV_in_Gabra1,1,MV_in_Gabra1,MV_in_Gabra1,oligodendrocyte_precursor_cell,0.9999999940999997,0.9999999939999997,1.4175252073536734e-07,1.0,1.0,-0.0,0.18866189422850602,0.03011424501316129,2.5724279377001684,4,inhibitory,16,0610_F4_L,False,17,31.0,neuron,neuronal_or_other,True,False,False,False,False,1,-2.1523567881629644,0.8640549289888113,0.86405500067032,2.950000006277528e-09,False,True,True,True,True,False
2787445900243100111,oligodendrocyte_progenitor_2,1,endothelial,endothelial,endothelial,0.7663368721662592,0.6312389384918369,0.848360595768367,0.9751695748316904,0.9507490594125709,0.11883564614168579,0.6124794953505661,0.39628984349781693,1.3413388219053868,__MISSING__,__MISSING__,__MISSING__,0503_F5_C,True,13,16.0,glial_non_neuronal,oligodendrocyte_opc,True,True,True,True,False,3,-0.2832650027362657,0.09357127134324306,0.17765696751184476,0.08726715913722145,True,False,False,False,False,False
2787889600230100112,astrocyte_1,0,astrocyte_1,astrocyte_1,astrocyte_2,0.9140516416488156,0.8409487326444756,0.3516226054795615,0.9995458518699676,0.9993088349556968,0.004477323411275459,0.5181447078339902,0.051131533763334513,0.7928500067053909,__MISSING__,__MISSING__,__MISSING__,0503_M5_T,True,5,11.0,glial_non_neuronal,astrocyte,True,False,False,False,False,1,-1.8024516397252435,0.19289683775898792,0.3367420928768933,0.04320829836073636,False,True,True,True,True,False
2707604700082100036,MV_in_Gm26673,3,MV_in_Gm26673,MV_in_Gm26673,MV_ex_Syt2,0.9821368454462248,0.9642736966924498,0.08960223251358534,0.9999883047005922,0.9999766094011844,0.00014451083518692202,0.36026826300973924,0.24062831812834162,2.1457092634981882,4,inhibitory,19,0415_M2_L,False,21,39.0,neuron,neuronal_or_other,True,False,False,False,False,1,-1.4495624259568716,0.7243196482313309,0.7254432457647659,0.008925123945276654,False,True,True,True,True,False
2656143800130100188,MV_in_Esrrb,4,MV_in_Esrrb,MV_in_Esrrb,MV_in_Chrna2,0.9999999940999997,0.9999999939999997,1.4175252073536734e-07,1.0,1.0,-0.0,0.36776526921806985,0.13126018006984833,2.0841712558013223,4,inhibitory,14,0328_M3_C,False,19,23.0,neuron,neuronal_or_other,True,False,False,False,False,1,-1.8454389618825688,0.9507466678767569,0.950746738992482,2.950000006277528e-09,False,True,True,True,True,False
2946331700000006448,DM_ex_Zfhx3,0,DM_ex_Zfhx3,DM_ex_Zfhx3,DH_ex_Grpr,0.9999999940999997,0.9999999939999997,1.4175252073536737e-07,1.0,1.0,-0.0,0.32147218591488963,0.06417313238161854,1.9943682015847244,2,excitatory,11,0415_F2_C,False,20,49.0,neuron,neuronal_or_other,True,False,False,False,False,1,-2.049008297976016,0.5403817209029749,0.5403817835365664,2.950000006277528e-09,False,True,True,True,True,False
2946331700000001984,oligodendrocyte_precursor_cell,4,astrocyte_1,astrocyte_1,astrocyte_1,0.7680113459304229,0.6614946416554225,0.8900793669860567,0.9550521638741536,0.923452388308875,0.2183311277259827,0.3393331536617036,0.1242356896048526,1.9249069591694463,__MISSING__,__MISSING__,__MISSING__,0415_F2_C,True,15,26.0,glial_non_neuronal,oligodendrocyte_opc,True,True,True,True,False,3,-1.1087779922990222,0.2880897317067399,0.37310992604409543,0.06698510227105013,True,False,False,False,False,False
2796212800881100048,DM_ex_Zfhx3,4,DM_ex_Zfhx3,DM_ex_Zfhx3,DH_ex_Prkcg/Rxfp1,0.9999999940999997,0.9999999939999997,1.4175252073536737e-07,1.0,1.0,-0.0,0.3460250582331584,0.011077261705401908,1.8490267254927473,2,excitatory,11,0613_F3_C,False,13,17.0,neuron,neuronal_or_other,True,False,False,False,False,1,-2.2101227234175953,0.8149708300749906,0.814970894661017,2.950000006277528e-09,False,True,True,True,True,False
2707604700091100145,DH_in_Cdh3,1,DH_in_Cdh3,DH_in_Cdh3,astrocyte_1,0.9201526926387246,0.8403053910774495,0.27839640956237516,0.9183327697533934,0.8366655395067868,0.2828225616115093,0.7686349806456856,0.6210144935321535,0.8567135708768429,1,inhibitory,10,0415_M3_S,False,13,16.0,neuron,neuronal_or_other,True,False,False,False,False,1,0.2507695789099763,0.9864953705727195,0.9864912638306066,8.049079375226581e-06,False,True,True,True,True,False
2787445900098100134,astrocyte_1,2,astrocyte_1,astrocyte_1,DH_ex_Reln/Nmur2,0.7517849438617697,0.5632795791093084,0.8015868190722233,0.9867180151453685,0.9795393630720053,0.08271258135432595,0.2655820150497356,0.16844326382522046,2.607582282006188,__MISSING__,__MISSING__,__MISSING__,0503_F5_C,True,13,19.0,glial_non_neuronal,astrocyte,True,False,False,False,False,1,-0.9101153612121102,0.8138091070560898,0.8266322661923701,0.11368935545620615,False,True,True,True,True,False
2787445900098100061,DH_ex_Reln/Nmur2,1,DH_ex_Reln/Nmur2,DH_ex_Reln/Nmur2,astrocyte_1,0.9481901726212186,0.896648526907816,0.2055953949700831,0.994892481836691,0.989784963673382,0.03204703873309873,0.9864584957380219,0.9841065324034366,0.11118253132704796,1,excitatory,3,0503_F5_C,False,25,43.0,neuron,neuronal_or_other,True,False,False,False,False,1,0.9477536981515096,0.9930234935251666,0.9936930286732917,0.01648557221515007,False,True,True,True,True,False
2796212800494100029,oligodendrocyte_progenitor_2,4,astrocyte_1,oligodendrocyte_1,oligodendrocyte_1,0.414886047206921,0.06579741685571494,1.3779871671587793,0.6242373838042743,0.31057129261887995,0.8580123909211126,0.29957948733682044,0.03367881967424807,2.2785969946253624,__MISSING__,__MISSING__,__MISSING__,0613_F4_L,True,6,6.0,glial_non_neuronal,oligodendrocyte_opc,False,False,True,False,False,2,0.8993873801730938,0.14179132274730144,0.21146158515489757,0.08628476456580204,True,False,False,False,False,False
2796212800594100204,MV_ex_Syt2,1,MV_ex_Syt2,MV_ex_Syt2,MV_in_Gm26673,0.9999999940999997,0.9999999939999997,1.4175252073536734e-07,1.0,1.0,-0.0,0.7534646611289864,0.5385056580621986,0.7014431980516997,4,excitatory,14,0613_F4_T,False,35,87.0,neuron,neuronal_or_other,True,False,False,False,False,1,-0.6096908638707006,0.5909791307218194,0.5909791787957065,2.950000006277528e-09,False,True,True,True,True,False
2787889600451100097,astrocyte_1,2,oligodendrocyte_progenitor_2,oligodendrocyte_progenitor_2,oligodendrocyte_progenitor_2,0.9295015987690798,0.8996427923130532,0.36331390516422957,0.9608719346685123,0.9221478987091831,0.1678874554496089,0.6891370193727203,0.6079537555433084,1.3248499772825355,__MISSING__,__MISSING__,__MISSING__,0503_M4_T,True,11,23.0,glial_non_neuronal,astrocyte,True,True,True,True,False,3,-0.06476179372314261,0.10988170649692018,0.15915496699516343,0.03665403112055202,True,False,False,False,False,False
2787889600580100094,DH_in_Pdyn/Gal,2,DH_in_Pdyn/Gal,DH_in_Pdyn/Gal,DH_in_Pdyn,0.9999999940999997,0.9999999939999997,1.4175252073536737e-07,1.0,1.0,-0.0,0.6492560040054687,0.436028764087776,1.1857629011501587,1,inhibitory,5,0503_M4_S,False,25,35.0,neuron,neuronal_or_other,True,False,False,False,False,1,-0.920647359798779,0.5931469155019722,0.5931469761305205,2.950000006277528e-09,False,True,True,True,True,False
2787889600057100130,oligodendrocyte_1,0,oligodendrocyte_progenitor_2,oligodendrocyte_progenitor_2,oligodendrocyte_progenitor_2,0.5920375602133943,0.4403842048366228,1.2346597856671375,0.42428144335517687,0.07449089257135505,1.0773482265384757,0.33081693772088416,0.02216765552894634,1.6380831828975273,__MISSING__,__MISSING__,__MISSING__,0503_M5_C,True,14,22.0,glial_non_neuronal,oligodendrocyte_opc,True,True,True,True,False,3,0.6623847911898978,0.15808769961803837,0.06615910799872983,0.11607834935912882,True,False,False,False,False,False
2787445900807100023,DH_in_Klhl14,1,DH_in_Cdh3,DH_in_Cdh3,endothelial,0.9595410721012486,0.9190821500024975,0.16940003366044462,0.9243766611934376,0.8487533223868753,0.26794768758719395,0.32468829378389746,0.11045935172605387,2.343580106229652,1,inhibitory,10,0503_M5_C,False,2,2.0,neuron,neuronal_or_other,True,False,False,False,False,1,-1.463492140703757,0.8988593078387542,0.8961859228586386,0.0041397626757247044,True,False,False,False,False,False
2787445900582100058,oligodendrocyte_1,3,oligodendrocyte_progenitor_2,oligodendrocyte_progenitor_2,oligodendrocyte_progenitor_2,0.6724675978993953,0.43864143145498946,0.9848756557221718,0.768168543970503,0.5403483625183947,0.5624364398971381,0.4108093675515433,0.013795184812124273,1.41120022538792,__MISSING__,__MISSING__,__MISSING__,0503_F3_C,True,11,27.0,glial_non_neuronal,oligodendrocyte_opc,True,True,True,True,False,3,-0.28453084403761086,0.10239639531387677,0.14274458073408147,0.0411473626398209,True,False,False,False,False,False
2787445900363100091,MV_in_Gabra1,2,MV_in_Gabra1,MV_in_Gabra1,MV_in_Gm26673,0.999996751634173,0.9999943597824281,4.666346913777416e-05,1.0,1.0,-0.0,0.41547246026176526,0.021534781436660155,1.2591226131521653,4,inhibitory,16,0503_F4_C,False,57,230.0,neuron,neuronal_or_other,True,False,False,False,False,1,-2.17838027615924,0.40129266415639075,0.4013178103431379,1.6241848162642974e-06,False,True,True,True,True,False
2795103300445100148,DH_ex_Cpne4,3,DH_ex_Cpne4,DH_ex_Cpne4,DH_ex_Prkcg/Cck,0.6919112305547135,0.3838224669094275,0.6175630362136694,0.9989794747874936,0.9979589495749871,0.008048808295313445,0.19321588871809234,0.07018936029832526,2.9094456570301097,1,excitatory,3,0610_M5_L,False,9,10.0,neuron,neuronal_or_other,True,False,False,False,False,1,-0.9235245680160437,0.7005455874147044,0.7172758925433063,0.16983845073955012,False,True,True,True,True,False
2795584800485100063,DH_ex_Sox5,2,DH_ex_Sox5,DH_ex_Sox5,astrocyte_2,0.9275880493022988,0.8551761044045978,0.25983382340524236,0.9999961308429636,0.999992261685927,5.208841811330841e-05,0.8000059501166045,0.620986920810287,0.6308435184702745,1,excitatory,5,0610_F4_T,False,6,10.0,neuron,neuronal_or_other,True,False,False,False,False,1,-0.10010758482536056,0.9864054006076831,0.9863351796487001,0.037158908464150334,False,True,True,True,True,False
2707737900098100134,astrocyte_1,1,oligodendrocyte_1,oligodendrocyte_progenitor_2,oligodendrocyte_1,0.4903102638875721,0.04460625946375929,1.0133525346256933,0.8101579941865944,0.6242872513215655,0.5108208151502864,0.38865488044977897,0.19177624063383955,1.753719553017243,__MISSING__,__MISSING__,__MISSING__,0415_F1_L,True,5,13.0,glial_non_neuronal,astrocyte,False,True,False,False,False,2,0.7943978081820704,0.174551867424404,0.36816038178568544,0.11520330251889155,True,False,False,False,False,False
2787445900682100173,DH_in_Npy,2,DH_in_Npy,DH_in_Npy,MV_in_Gabra1,0.9568697603515032,0.9137396364969803,0.17776941252245582,0.999995833544341,0.9999916670886819,5.578235311219368e-05,0.5182189962938537,0.2905039370120745,1.4316592820993241,1,inhibitory,4,0503_F3_L,False,24,107.0,neuron,neuronal_or_other,True,False,False,False,False,1,-1.2077754918196735,0.5203092508732045,0.5752290630008402,0.021879234098637824,False,True,True,True,True,False
2787445900088100119,MV_in_Esrrb,4,MV_in_Esrrb,MV_in_Esrrb,MV_in_Gm26673,0.9977764880433309,0.9955567250533985,0.01583337729343699,1.0,1.0,-0.0,0.4332367852161796,0.1604305124008542,1.3438850896443462,4,inhibitory,14,0503_F5_T,False,49,149.0,neuron,neuronal_or_other,True,False,False,False,False,1,-1.7489692999498985,0.5892553739230323,0.5952038350253442,0.001112648557361522,False,True,True,True,True,False
2656144900110200173,DH_in_Pdyn,0,DH_in_Pdyn,DH_in_Pdyn,DH_ex_Sox5,0.9999999940999997,0.9999999939999997,1.4175252073536737e-07,1.0,1.0,-0.0,0.3419367566475674,0.20939311714323824,2.318440444700554,1,inhibitory,2,0328_M1_C,False,18,24.0,neuron,neuronal_or_other,True,False,False,False,False,1,-1.608351913411189,0.8441732219075212,0.8441732896242528,2.950000006277528e-09,False,True,True,True,True,False
2796212800494100111,MV_in_Sema5b,1,MV_in_Sema5b,MV_in_Sema5b,astrocyte_1,0.9999999940999997,0.9999999939999997,1.4175252073536734e-07,1.0,1.0,-0.0,0.34881158465853673,0.11785474752132688,2.3789219931046377,4,inhibitory,15,0613_F4_L,False,9,11.0,neuron,neuronal_or_other,True,False,False,False,False,1,-1.8861164860542994,0.8199659796020461,0.8199660542378091,2.950000006277528e-09,False,True,True,True,True,False
2707604700292200071,oligodendrocyte_precursor_cell,0,oligodendrocyte_2,oligodendrocyte_2,oligodendrocyte_progenitor_2,0.5668987661803098,0.37713804347328017,1.4457604729652394,0.6130441995968685,0.3011196565823797,0.9290341789814229,0.6115344549246665,0.5350053549127566,1.6585734848358968,__MISSING__,__MISSING__,__MISSING__,0415_M2_C,True,10,11.0,glial_non_neuronal,oligodendrocyte_opc,True,False,False,False,False,1,1.8819646449190377,0.44289296811302226,0.3843060886897289,0.06615094704921044,True,False,False,False,False,False
2795903600301100349,DH_ex_Grpr,3,DH_ex_Gpr83,DH_ex_Gpr83,DH_ex_Sox5,0.7507595489053133,0.5015191036106269,0.5614992866700678,0.9990584902109146,0.9981169804218293,0.007501530942734688,0.4705251391671297,0.3352690627660035,1.8561485020187385,1,excitatory,2,0613_M5_T,False,12,12.0,neuron,neuronal_or_other,True,False,False,False,False,1,-0.3301976549536663,0.6387412043284397,0.7015409345514327,0.13337256881799212,True,False,False,False,False,False
2707604700091100090,DH_ex_Maf/Slc17a8,3,DH_ex_Maf/Cck,DH_ex_Maf/Slc17a8,MV_ex_Syt2,0.6772771410528511,0.44941154525410776,0.8894190147335743,0.43185566618383575,0.04151878648999813,1.0613376034251152,0.8931593756432842,0.8713979494180293,0.5714430345155437,1,excitatory,10,0415_M3_S,False,26,48.0,neuron,neuronal_or_other,False,False,False,False,True,1,3.2885748736136398,0.8844983154409929,0.8745219085381217,0.08201125092632604,False,False,True,False,True,False
2707737900073100097,M_ex_Vsx2,4,M_ex_Vsx2,M_ex_Vsx2,MV_in_Chrna2,0.9447248878048696,0.8894497814097393,0.2137639711981448,0.9999939960461054,0.9999879920922109,7.819002784953177e-05,0.5080722837660109,0.22612320014715864,1.4563597316318206,3,excitatory,20,0415_F1_L,False,14,23.0,neuron,neuronal_or_other,True,False,False,False,False,1,-1.3596380059598745,0.5226681110320992,0.5128117427933516,0.028163301502701077,False,True,True,True,True,False
2796212800408100142,oligodendrocyte_progenitor_2,2,oligodendrocyte_progenitor_2,oligodendrocyte_progenitor_2,oligodendrocyte_1,0.5416787603842523,0.13298234514139323,0.9428683733675459,0.5092273043633423,0.01883927005679925,0.6971062780922853,0.41152312779630645,0.011813981831927944,1.4636342487040663,__MISSING__,__MISSING__,__MISSING__,0613_F5_T,True,14,39.0,glial_non_neuronal,oligodendrocyte_opc,True,False,False,False,False,1,1.2917831503026047,0.1065625086573996,0.10050348426580587,0.02667083260343198,False,True,True,True,True,False
2787889600097100013,oligodendrocyte_progenitor_2,1,oligodendrocyte_2,oligodendrocyte_2,oligodendrocyte_2,0.6064434657333931,0.26044147841012544,0.8968036693720879,0.8414469805591372,0.684356167601949,0.4479377034012139,0.685235275200409,0.4849349196798342,0.9193835071135906,__MISSING__,__MISSING__,__MISSING__,0503_M5_C,True,11,16.0,glial_non_neuronal,oligodendrocyte_opc,True,True,True,True,False,3,1.1783140902523073,0.05733957828844295,0.06172691249937748,0.060494992630461535,True,False,False,False,False,False
2707604800014100023,DH_ex_Grp,1,DH_ex_Grp,DH_ex_Grp,DH_ex_Sox5,0.6173239945989406,0.32801253420299675,0.9102000964742124,0.5557051646575197,0.13978139167911058,0.7924256111200745,0.5624627962401494,0.457269719075233,1.6154861099377937,1,excitatory,6,0415_M1_S,False,23,43.0,neuron,neuronal_or_other,True,False,False,False,False,1,2.0542582633493858,0.7543184234552425,0.7916492134745997,0.024651084605286377,False,True,True,True,True,False
2656143800129100051,MV_in_Gm26673,4,MV_in_Gm26673,MV_in_Gm26673,MV_in_Sema5b,0.9324661029246082,0.8649322116492165,0.2472128018865681,0.9999957975173076,0.9999915950346151,5.622851656380179e-05,0.5125354854433066,0.3851349869075513,1.7177131237621264,4,inhibitory,19,0328_M3_C,False,9,14.0,neuron,neuronal_or_other,True,False,False,False,False,1,-0.83324367407432,0.7963830184218301,0.7963019000540934,0.034587957496183264,False,True,True,True,True,False
2726543700165100132,MV_in_Gm26673,1,MV_in_Gm26673,MV_in_Gm26673,MV_ex_Syt2,0.9798673046742642,0.9597346151485286,0.09855520812543637,0.9951695137099548,0.9903390274199095,0.03057885724481205,0.3528862879330681,0.020597223933815523,1.544273172434957,4,inhibitory,19,0422_M3_C,False,13,28.0,neuron,neuronal_or_other,True,False,False,False,False,1,-2.08997091559814,0.44140731562637286,0.451483049865353,0.003678085957648018,False,True,True,True,True,False
2787445900265100150,DH_ex_Tac2,3,DH_ex_Tac2,DH_ex_Prkcg/Cck,DH_ex_Reln/Nmur2,0.6608700705892547,0.4587966581207158,0.9104420407555263,0.668002129797872,0.35476861731414444,0.7085302240494009,0.24748939104096207,0.06893597521030145,2.4401045726147776,1,excitatory,8,0503_F5_L,False,10,18.0,neuron,neuronal_or_other,False,False,False,False,True,1,0.2150409310663729,0.44509742022756527,0.49330257253780146,0.17803883902337986,False,False,True,True,False,False
2787889600023100053,DH_ex_Reln/Npff,4,DH_ex_Reln/Npff,DH_ex_Reln/Npff,DH_ex_Reln/Nmur2,0.9999999940999997,0.9999999939999997,1.4175252073536737e-07,1.0,1.0,-0.0,0.39476123779022565,0.2610382810589553,2.211333919287857,1,excitatory,1,0503_M5_C,False,7,8.0,neuron,neuronal_or_other,True,False,False,False,False,1,-1.4516395211828403,0.8744172328501542,0.8744173012656871,2.950000006277527e-09,False,True,True,True,True,False
2945606900000029189,astrocyte_2,1,astrocyte_2,astrocyte_2,astrocyte_1,0.8093820071897757,0.6546930429885585,0.6485472221296227,0.9998065317593899,0.9996367651527927,0.0019626808610612796,0.59184676608475,0.19509054018390087,0.7540933774738943,__MISSING__,__MISSING__,__MISSING__,0328_F1_L,True,9,17.0,glial_non_neuronal,astrocyte,True,False,False,False,False,1,-1.0328085000152754,0.1626544464300109,0.39757897536973796,0.101558013872966,False,True,True,True,True,False
2946331700000016015,astrocyte_2,3,astrocyte_1,astrocyte_2,astrocyte_1,0.5653825963182607,0.15187028573954559,0.8053837860665425,0.6204017518257963,0.24275550239643096,0.6789270179699413,0.8488306052807579,0.7119226914143383,0.5007297790609258,__MISSING__,__MISSING__,__MISSING__,0415_F2_L,True,10,14.0,glial_non_neuronal,astrocyte,False,True,False,False,False,2,2.9379538187888246,0.0798300453431497,0.1924106190140914,0.036158406992991846,False,False,True,False,True,False
2795103300198200066,oligodendrocyte_1,1,oligodendrocyte_2,oligodendrocyte_progenitor_2,oligodendrocyte_2,0.3887728244180543,0.04067155282026397,1.1753305056762837,0.3859215038594027,0.017506708603655052,1.09652382217316,0.7398933378121206,0.5508315837392488,0.7524614034602773,__MISSING__,__MISSING__,__MISSING__,0610_M4_L,True,11,18.0,glial_non_neuronal,oligodendrocyte_opc,False,True,False,False,False,2,3.0952953814736364,0.10283964803349793,0.11152799501707698,0.0062565476722826014,True,False,False,False,False,False
2787889600231100029,MV_in_Sema5b,0,MV_in_Sema5b,MV_in_Sema5b,MV_ex_Syt2,0.9999999940999997,0.9999999939999997,1.4175252073536734e-07,1.0,1.0,-0.0,0.5427203062216316,0.4451866018598783,1.7183376108380917,4,inhibitory,15,0503_M5_T,False,11,18.0,neuron,neuronal_or_other,True,False,False,False,False,1,-0.8928587624531035,0.8077362774752059,0.8077363426453797,2.950000006277528e-09,False,True,True,True,True,False
2787889600617100099,MV_in_Sema5b,4,MV_in_Sema5b,MV_in_Sema5b,endothelial,0.9999999940999997,0.9999999939999997,1.4175252073536734e-07,1.0,1.0,-0.0,0.8472132004225191,0.8220840739705768,0.8438591609554787,4,inhibitory,15,0503_M4_S,False,4,4.0,neuron,neuronal_or_other,True,False,False,False,False,1,0.25080116620306053,0.9492800747141278,0.9492801426989556,2.950000006277528e-09,False,True,True,True,True,False
2796212800456100245,endothelial,3,astrocyte_1,astrocyte_1,astrocyte_1,0.7481790415253706,0.6379624863380636,0.9513748002090222,0.9107564108805696,0.8524107825261367,0.38361148159507724,0.23445940924045122,0.03900295173269794,2.456720801422543,__MISSING__,__MISSING__,__MISSING__,0613_F3_L,True,6,7.0,glial_non_neuronal,vascular,True,True,True,True,False,3,-1.184274952423074,0.3571235114043984,0.4325206658134325,0.0623963257664393,True,False,False,False,False,False
2795903600438100190,DH_ex_Prkcg/Nts,1,DH_ex_Prkcg/Nts,DH_ex_Prkcg/Nts,DH_ex_Maf/Cck,0.8962639254071751,0.8532950298408396,0.4437329337621947,0.9990295576278736,0.9981494713042446,0.0080583819369572,0.1839979411162812,0.019272399584738864,2.6570433031602323,1,excitatory,8,0613_M5_C,False,15,18.0,neuron,neuronal_or_other,True,False,False,False,False,1,-1.9189283540748008,0.8431716512920012,0.8510971674816445,0.051149632293331575,False,True,True,True,True,False
2796212800918100044,oligodendrocyte_progenitor_2,4,oligodendrocyte_1,oligodendrocyte_progenitor_2,oligodendrocyte_1,0.4924488675988185,0.18183022908260588,1.2997360825276147,0.6968510393844449,0.4372417707856777,0.7805873117308423,0.28990210945025746,0.07409218536903392,2.049354895761613,__MISSING__,__MISSING__,__MISSING__,0613_F4_C,True,13,21.0,glial_non_neuronal,oligodendrocyte_opc,False,True,False,False,False,2,0.5628633256439333,0.22750644304640696,0.29612096194595505,0.12376327751532572,False,False,True,False,True,False
2796212800954100055,DH_in_Cdh3,3,DH_in_Cdh3,DH_in_Cdh3,DH_in_Pdyn,0.9789306232055262,0.9578612522110527,0.10217237606703483,0.993206557847079,0.986413115694158,0.04068180199341588,0.5729813599186941,0.17997785847769815,0.8809048252136106,1,inhibitory,10,0613_F4_C,False,16,28.0,neuron,neuronal_or_other,True,False,False,False,False,1,-1.5951992654777534,0.9765638835068321,0.9774364797301198,0.0028050105007905095,False,True,True,True,True,False
2787445900013100011,DH_ex_Reln/Nmur2,4,DH_ex_Reln/Nmur2,DH_ex_Reln/Nmur2,DH_ex_Prkcg/Rxfp1,0.9584566219714987,0.9169132497429977,0.17281856632598397,0.9941224127799467,0.9882448255598935,0.03605114731171487,0.1931605110223519,0.049674181716986565,2.5202295566026676,1,excitatory,3,0503_F5_T,False,19,26.0,neuron,neuronal_or_other,True,False,False,False,False,1,-1.9209175876719815,0.6239925958999376,0.6715480526409615,0.01112769476578148,False,True,True,True,True,False
2795903600348100042,DM_ex_Zfhx3,3,DM_ex_Zfhx3,DM_ex_Zfhx3,DH_in_Pdyn,0.9999999940999997,0.9999999939999997,1.4175252073536737e-07,1.0,1.0,-0.0,0.3557606357361519,0.0362529203280893,1.8565863529262565,2,excitatory,11,0613_M4_L,False,14,22.0,neuron,neuronal_or_other,True,False,False,False,False,1,-2.1337295553152686,0.7839018744529186,0.7839019423890591,2.950000006277528e-09,False,True,True,True,True,False
2726544600381100138,gamma_motoneuron,4,gamma_motoneuron,gamma_motoneuron,astrocyte_1,0.9764208554089308,0.9547712534028827,0.11833750561741427,0.9933065698008984,0.9879648631076786,0.0435499027532472,0.221875949962287,0.028911816140317376,2.2900179184478566,__MISSING__,__MISSING__,22,0422_F1_L,False,12,15.0,glial_non_neuronal,neuronal_or_other,True,False,False,False,False,1,-2.0511426610913723,0.8533227551788116,0.8541014157630364,0.0038986885311704123,False,True,True,True,True,False
2787889600362100097,MV_in_Chrna2,2,MV_in_Chrna2,MV_in_Chrna2,astrocyte_1,0.6653014463089438,0.33060289841788787,0.6374564091822216,0.658268590782607,0.31653718156521404,0.6421772375380268,0.2901240285087291,0.17481084732041266,2.4471541580830323,4,inhibitory,19,0503_M5_S,False,18,22.0,neuron,neuronal_or_other,True,False,False,False,False,1,0.8417021707775332,0.6974493577396019,0.6975543066564281,3.9854385739517105e-05,False,True,True,True,True,False
2656143800153100242,DH_ex_Maf/Cck,3,DH_ex_Maf/Cck,DH_ex_Maf/Cck,DH_ex_Reln/Nmur2,0.9206128910757708,0.8805578412678922,0.3575804606745748,0.9603179609442215,0.9219405525334321,0.17309088327257838,0.6554930834273983,0.4848922497395802,1.3311744425279848,1,excitatory,10,0328_M3_C,False,26,36.0,neuron,neuronal_or_other,True,False,False,False,False,1,-0.40359996675915233,0.9842295787214116,0.9840530239460272,0.03395917947840824,False,True,True,True,True,False
2656144900113100167,astrocyte_1,3,oligodendrocyte_1,endothelial,oligodendrocyte_precursor_cell,0.26285915983241626,0.03257200595805462,1.8588310759409925,0.3908046669894812,0.16780698985734668,1.5864135845619014,0.2439066318991067,0.0182512841154302,2.1924207469987316,__MISSING__,__MISSING__,__MISSING__,0328_M1_C,True,9,15.0,glial_non_neuronal,astrocyte,False,False,False,False,True,1,1.19541677736466,0.10169998402287324,0.15286185984231374,0.05800756731351572,True,False,False,False,False,False
2946331700000021405,DH_ex_Tac2,3,DH_ex_Prkcg/Cck,DH_ex_Prkcg/Cck,DH_ex_Reln/Npff,0.6236681800253587,0.4267833781369793,1.0440033806342723,0.41792304764393146,0.1347077494173451,1.2517342281920998,0.27273376984441206,0.13474065080579703,2.330918122970205,1,excitatory,8,0415_F2_L,False,35,77.0,neuron,neuronal_or_other,True,False,False,False,False,1,0.9088093183619554,0.6195706010597922,0.6210733654914875,0.05103848658849641,True,False,False,False,False,False
2946331700000020205,M_ex_Vsx2,4,M_ex_Vsx2,M_ex_Vsx2,MV_ex_Syt2,0.8700861528858247,0.7401723115716495,0.3862230278990498,0.9999996282468737,0.9999992564937474,5.875571416822345e-06,0.5566933054533788,0.3704767538963132,1.546988759443225,3,excitatory,20,0415_F2_L,False,17,24.0,neuron,neuronal_or_other,True,False,False,False,False,1,-0.6543733028555482,0.9300994906496974,0.9282050393193879,0.06821111977798693,False,True,True,True,True,False
2707604800425100207,DH_ex_Prkcg/Nts,4,DH_ex_Nmu/Tac2,DH_ex_Nmu/Tac2,DH_ex_Nmu/Tac2,0.8589761173982657,0.7988552349213924,0.5528755106481537,0.9424020958718663,0.8887477586537011,0.23740701632623293,0.8632183852676107,0.8367987659227514,0.6970149319522493,1,excitatory,8,0415_M1_C,False,16,34.0,neuron,neuronal_or_other,True,True,True,True,False,3,0.876384792966294,0.047454227514424296,0.06020126220313754,0.03436598700639956,True,False,False,False,False,False
2787889600316100202,MV_in_Gm26673,0,MV_in_Gm26673,MV_in_Gm26673,MV_in_Gabra1,0.9925031119651466,0.9850062297302934,0.04415310372133401,0.9999784083535918,0.9999568167071835,0.00025355487662797823,0.4716329419044237,0.2427862767495821,1.3967952106708281,4,inhibitory,19,0503_M4_C,False,34,86.0,neuron,neuronal_or_other,True,False,False,False,False,1,-1.480093629257815,0.5741731285465731,0.5738359037399958,0.003662644412286527,False,True,True,True,True,False
2707604800163100144,pericyte,1,endothelial,endothelial,endothelial,0.3291396291981578,0.16797937607025776,1.997399644997595,0.6463743054007676,0.4549116286417343,1.1841612787246956,0.2932452581358754,0.021580838697743077,2.168902663727083,__MISSING__,__MISSING__,__MISSING__,0415_M1_L,True,23,29.0,glial_non_neuronal,vascular,True,True,True,True,False,3,0.39324953914435345,0.21702423476752344,0.28267118335549973,0.14444370148749605,True,False,False,False,False,False
2787445900123100022,astrocyte_2,1,astrocyte_2,astrocyte_2,astrocyte_1,0.842146234038427,0.7134316144139027,0.5479090190956233,0.995638146433492,0.9915300648305216,0.029364937140337805,0.5121942135672757,0.12789354998582037,1.1360735501924493,__MISSING__,__MISSING__,__MISSING__,0503_F5_T,True,7,8.0,glial_non_neuronal,astrocyte,True,False,False,False,False,1,-1.3257842697630529,0.17584790365587347,0.3927236688366429,0.07153798963024353,False,True,True,True,True,False
2656143800104200042,ependymal,3,ependymal,astrocyte_1,astrocyte_2,0.7542318257026599,0.6729826921614226,1.018160624348928,0.942977737273217,0.887461828560151,0.2278783159100944,0.6721459415481327,0.37653510288498493,0.8074513431342614,__MISSING__,__MISSING__,__MISSING__,0328_M3_C,True,8,9.0,glial_non_neuronal,remaining_glial_non_neuronal,False,False,False,False,True,1,-0.2923330633194039,0.6732155579720389,0.36427837188504236,0.8373947356691298,False,False,True,True,False,False
2795103300098100091,DH_in_Klhl14,2,DH_in_Cdh3,DH_in_Cdh3,astrocyte_1,0.95030593384583,0.9006118734916603,0.1976135746187649,0.9994825077545562,0.9989650155091123,0.004432971687355975,0.49859265001710595,0.43961908749482037,2.2624050902080906,1,inhibitory,10,0610_M4_S,False,6,6.0,neuron,neuronal_or_other,True,False,False,False,False,1,-0.7297585367988004,0.8136644760438495,0.8342203153549551,0.023473999248156848,True,False,False,False,False,False
2787445900659100180,MV_in_Gm26673,3,MV_in_Gm26673,MV_in_Gm26673,MV_in_Chrna2,0.8865573174600337,0.7731146407200676,0.35365323482698,0.9950412755779129,0.9900825511558258,0.03126041003727318,0.4873844063430562,0.11964275052376483,1.328071461876876,4,inhibitory,19,0503_F3_C,False,33,85.0,neuron,neuronal_or_other,True,False,False,False,False,1,-1.4548013811127314,0.24264159885235453,0.40677784990519994,0.0466073936038497,False,True,True,True,True,False
2707604800033100008,DH_ex_Reln/Npff,4,DH_ex_Reln/Npff,DH_ex_Reln/Npff,endothelial,0.9999999940999997,0.9999999939999997,1.4175252073536737e-07,1.0,1.0,-0.0,0.5551525263060301,0.44193810943792483,1.8283663113584714,1,excitatory,1,0415_M1_S,False,12,19.0,neuron,neuronal_or_other,True,False,False,False,False,1,-0.902716007158741,0.991947189420864,0.99194726021077,2.950000006277527e-09,False,True,True,True,True,False
2795584800382100052,astrocyte_1,4,endothelial,endothelial,endothelial,0.7607313093548081,0.6631842000328853,0.8905808262804932,0.9784175764576672,0.9674331563626353,0.12758989800223583,0.6679293710728494,0.5478975625419884,1.3876329277933424,__MISSING__,__MISSING__,__MISSING__,0610_F4_L,True,8,9.0,glial_non_neuronal,astrocyte,True,True,True,True,False,3,0.0864665092933106,0.06676725585852951,0.1448022658407886,0.09160246679810843,True,False,False,False,False,False
2787889600313100066,MV_in_Gabra1,0,MV_in_Gabra1,MV_in_Gabra1,DH_in_Cdh3,0.9999999940999997,0.9999999939999997,1.4175252073536734e-07,1.0,1.0,-0.0,0.6076263652091993,0.4868708306788456,1.4711679571410379,4,inhibitory,16,0503_M4_C,False,23,36.0,neuron,neuronal_or_other,True,False,False,False,False,1,-0.7663718908638308,0.7236912392134218,0.7236913025349626,2.950000006277528e-09,False,True,True,True,True,False
2946331700000018762,DH_in_Npy,4,DH_in_Npy,DH_in_Npy,MV_in_Gabra1,0.9983495006391626,0.9966990070783254,0.012223455671740746,0.9999856092326778,0.9999712184653555,0.0001748322308530534,0.2428857438316406,0.07167838731583565,2.568602120196774,1,inhibitory,4,0415_F2_L,False,7,8.0,neuron,neuronal_or_other,True,False,False,False,False,1,-2.0202672414605103,0.7587668702502366,0.7646218664684923,0.0007732743226460501,False,True,True,True,True,False
2787889600132100226,oligodendrocyte_progenitor_2,0,oligodendrocyte_1,oligodendrocyte_1,oligodendrocyte_1,0.5613493752974998,0.3542383691635742,1.2907893752027164,0.3826120973950079,0.025522142241917845,1.2017469170037707,0.43675171147002845,0.206448893712854,1.546903903848811,__MISSING__,__MISSING__,__MISSING__,0503_M5_C,True,8,8.0,glial_non_neuronal,oligodendrocyte_opc,True,True,True,True,False,3,1.4729933704434373,0.028377806962939626,0.042892400189796676,0.05020182976561924,True,False,False,False,False,False
2796212800263100228,MV_in_Esrrb,2,MV_in_Esrrb,MV_in_Esrrb,DM_ex_Zfhx3,0.9999999940999997,0.9999999939999997,1.4175252073536734e-07,1.0,1.0,-0.0,0.25931684151516765,0.14019170574862802,2.854382420660628,4,inhibitory,14,0613_F4_S,False,16,22.0,neuron,neuronal_or_other,True,False,False,False,False,1,-1.8183370872974727,0.9157161739842822,0.9157162471246447,2.950000006277528e-09,False,True,True,True,True,False
2787889600412100217,DH_ex_Maf/Cck,4,DH_ex_Maf/Cck,DH_ex_Maf/Cck,oligodendrocyte_progenitor_2,0.8964776409885806,0.8489494493680431,0.4425337245305186,0.9622410721421846,0.9250591322446272,0.1641196227533786,0.2914504190522021,0.040029779192410186,2.3618084895123928,1,excitatory,10,0503_M4_T,False,11,17.0,neuron,neuronal_or_other,True,False,False,False,False,1,-1.7030927568266503,0.851443141204951,0.8588409224994822,0.03494874234000983,False,True,True,True,True,False
2787889600021100026,oligodendrocyte_2,2,oligodendrocyte_precursor_cell,oligodendrocyte_precursor_cell,microglia,0.6723926181890801,0.5185696913386686,1.1604479003859753,0.8892092536571357,0.8265776978015957,0.48876962513241684,0.2564741019160579,0.0853094189110408,2.1861943370784065,__MISSING__,__MISSING__,__MISSING__,0503_M5_C,True,11,13.0,glial_non_neuronal,oligodendrocyte_opc,True,False,False,False,False,1,-0.7787334448160028,0.241870406701079,0.44363785150478313,0.06472074004724171,True,False,False,False,False,False
2796212800271100055,oligodendrocyte_progenitor_2,2,oligodendrocyte_1,oligodendrocyte_1,astrocyte_1,0.3948750584583216,0.13262745748471583,1.4743298956083926,0.6248137448194927,0.4077042578143304,1.0310982156180122,0.40572255355351844,0.2636937867642027,2.1044345003815326,__MISSING__,__MISSING__,__MISSING__,0613_F5_L,True,5,6.0,glial_non_neuronal,oligodendrocyte_opc,True,False,False,False,False,1,1.2849078473587274,0.21117346372058746,0.27962865549258137,0.06449642044040567,True,False,False,False,False,False
2707604000056100183,oligodendrocyte_1,2,oligodendrocyte_progenitor_2,oligodendrocyte_progenitor_2,oligodendrocyte_2,0.5634263795969756,0.351491424284901,1.1003386263426869,0.5055422200813827,0.06522269038757056,0.8778888483343434,0.46912000954851285,0.19398967262956962,1.2249940031547364,__MISSING__,__MISSING__,__MISSING__,0415_M3_L,True,11,17.0,glial_non_neuronal,oligodendrocyte_opc,True,False,False,False,False,1,1.3613077001409193,0.08059144382929817,0.2018924123936292,0.08069206945476774,True,False,False,False,False,False
2707604800301100018,peripheral_glia,1,Schwann_cell,Schwann_cell,Schwann_cell,0.876059183394903,0.8136857288564031,0.5924809492035062,0.9958257917521938,0.9916750847412672,0.027230117520099333,0.773148766924471,0.551798322181762,0.5715015983157605,__MISSING__,__MISSING__,__MISSING__,0415_M1_C,True,11,23.0,glial_non_neuronal,remaining_glial_non_neuronal,True,True,True,True,False,3,-0.219263477105364,0.136852066440715,0.11061767968855438,0.06070718830328868,True,False,False,False,False,False
2656143800242100029,oligodendrocyte_1,0,astrocyte_1,astrocyte_1,astrocyte_1,0.7608240730180829,0.6769843520648666,0.9668482659931382,0.9836366117365959,0.9744433191604225,0.10016347837976167,0.5824835696542268,0.379463924899174,1.3565475504950397,__MISSING__,__MISSING__,__MISSING__,0328_M3_T,True,12,14.0,glial_non_neuronal,oligodendrocyte_opc,True,True,True,True,False,3,-0.46325042083773893,0.06469093920873766,0.20790712925992325,0.09750233740294312,True,False,False,False,False,False
2796212800530200045,DH_ex_Prkcg/Rxfp1,4,DH_ex_Grp,DH_ex_Grp,astrocyte_2,0.7951934597645288,0.6095473208945127,0.5706240608904298,0.9938015370534646,0.987924387387503,0.03895262260768134,0.5948823099026587,0.3332079705524991,1.1555184076102187,1,excitatory,6,0613_F4_T,False,10,17.0,neuron,neuronal_or_other,True,False,False,False,False,1,-0.5096306068157725,0.9940871596241851,0.9945649815221148,0.09334628792917887,True,False,False,False,False,False
2787445900654100063,astrocyte_2,3,astrocyte_2,astrocyte_2,astrocyte_1,0.7115267416881648,0.4394443990260339,0.6870600514782864,0.9641598329119578,0.9283298637517965,0.15460465490279854,0.5310206231857744,0.06472188693615266,0.7146917594019176,__MISSING__,__MISSING__,__MISSING__,0503_F3_C,True,12,20.0,glial_non_neuronal,astrocyte,True,False,False,False,False,1,-0.9014988715666792,0.05509161893247751,0.2521713587890597,0.09602236557593147,False,True,True,True,True,False
2787889600546100029,DH_ex_Sox5,3,DH_ex_Sox5,DH_ex_Sox5,DH_in_Npy2r,0.9528823470725676,0.9057646999451356,0.18993937839012015,0.9999971387685728,0.9999942775371454,3.938272477667106e-05,0.22389194510117072,0.013675970990165709,2.39420757348593,1,excitatory,5,0503_M4_S,False,30,69.0,neuron,neuronal_or_other,True,False,False,False,False,1,-2.0335111241785793,0.6026844914798714,0.5969260877271569,0.023948165217540993,False,True,True,True,True,False
2656144900323100139,DH_in_Cdh3,3,DH_in_Cdh3,DH_in_Cdh3,DH_in_Rorb,0.975187286460976,0.9503745787219523,0.11622011028365212,0.990462132978734,0.980924265957468,0.0538670233375879,0.5970462072547231,0.45793347223380904,1.3176731004069517,1,inhibitory,10,0328_M1_T,False,9,16.0,neuron,neuronal_or_other,True,False,False,False,False,1,-0.7274710635895567,0.6818824201361724,0.6859304128277859,0.002580528267759191,False,True,True,True,True,False
2656144900642100134,astrocyte_2,3,astrocyte_2,astrocyte_2,astrocyte_1,0.5217897298581808,0.082127876157157,0.8874809587210848,0.6025124204308648,0.20719406830861287,0.6876890733269505,0.5193103471478238,0.06529830627091837,0.8433033542234007,__MISSING__,__MISSING__,__MISSING__,0328_M1_L,True,8,15.0,glial_non_neuronal,astrocyte,True,False,False,False,False,1,1.1712787305871009,0.010866501803434177,0.02393890006117531,0.018772674127946476,False,True,True,True,True,False
2787889600163100050,astrocyte_1,4,astrocyte_1,astrocyte_1,astrocyte_2,0.9389484659110864,0.9148199758121158,0.3313922484438324,0.9894406442431422,0.980916690272961,0.06626916771162926,0.4181817247981779,0.043300309188126385,1.479006509599399,__MISSING__,__MISSING__,__MISSING__,0503_M5_C,True,11,13.0,glial_non_neuronal,astrocyte,True,False,False,False,False,1,-1.921965972391222,0.327637613621635,0.39671845389939947,0.021005456311932014,False,True,True,True,True,False
2787889600242100074,meninges_2,2,meninges_1,meninges_1,meninges_1,0.7536712005080932,0.5398084884492704,0.6854563219075881,0.8236666737701819,0.648210802134164,0.4724887858141323,0.7057872928356962,0.41749238120558785,0.6425543500045798,__MISSING__,__MISSING__,__MISSING__,0503_M4_C,True,5,73.0,glial_non_neuronal,meningeal,True,True,True,True,False,3,0.5452407574832737,0.012905503434345478,0.015197138996960782,0.01703815918482447,True,False,False,False,False,False
2795903600428100028,DH_in_Kcnip2,1,DH_in_Kcnip2,DH_in_Kcnip2,oligodendrocyte_1,0.7164417628902402,0.43288353158048076,0.5962827470636924,0.8379718715562543,0.6759437431125086,0.4430177284532295,0.38748874591031723,0.12550051531447687,1.8353155836231023,1,inhibitory,9,0613_M4_T,False,10,15.0,neuron,neuronal_or_other,True,False,False,False,False,1,-0.2043915109492636,0.971425701205009,0.9727918711110194,0.015538351287459557,False,True,True,True,True,False
2707737900021100079,oligodendrocyte_progenitor_2,4,endothelial,endothelial,endothelial,0.6178358382541776,0.4663279604239252,1.3053902103035022,0.8745847162256509,0.796960802115181,0.5006517767903649,0.26755135423038834,0.061137034570381554,2.492591829205191,__MISSING__,__MISSING__,__MISSING__,0415_F1_S,True,8,10.0,glial_non_neuronal,oligodendrocyte_opc,True,True,True,True,False,3,-0.6997675989725948,0.23267068370364108,0.360024930861941,0.1086942582667925,True,False,False,False,False,False
2795903600115100201,oligodendrocyte_1,1,oligodendrocyte_progenitor_2,oligodendrocyte_progenitor_2,MV_in_Gabra1,0.6022315540488498,0.33840487449156187,1.1126363665630834,0.8223326061251169,0.6644833517331785,0.5474099924991688,0.3732338443089297,0.2028007926265351,2.075233547004422,__MISSING__,__MISSING__,__MISSING__,0613_M5_L,True,14,19.0,glial_non_neuronal,oligodendrocyte_opc,True,False,False,False,False,1,0.2220658158436542,0.4262879875435019,0.4869470161751143,0.05934860092209219,True,False,False,False,False,False
2656144900189100078,astrocyte_2,3,astrocyte_2,astrocyte_2,astrocyte_1,0.7765586721319605,0.5870455472782474,0.6827126636793976,0.997390332542034,0.9959202901602611,0.0213752339200512,0.36769041802178304,0.15781452822059033,2.327470290031635,__MISSING__,__MISSING__,__MISSING__,0328_M1_C,True,7,9.0,glial_non_neuronal,astrocyte,True,False,False,False,False,1,-1.0174295367671626,0.32528581529538103,0.5865119665357635,0.1133237924270029,False,True,True,True,True,False
2795584800398200029,meninges_2,1,meninges_1,meninges_1,meninges_3,0.6658048729716525,0.45684056809178775,0.9668894522367856,0.8496379704267301,0.7099722912512008,0.4695370042052729,0.4313347545188574,0.16079552851414358,1.2405157839450804,__MISSING__,__MISSING__,__MISSING__,0610_F4_C,True,6,57.0,glial_non_neuronal,meningeal,True,False,False,False,False,1,-0.20772333393140463,0.12709479127049758,0.29177238182259474,0.05645103813144497,True,False,False,False,False,False
2656144900536100144,MV_in_Sema5b,1,MV_in_Sema5b,MV_in_Sema5b,MV_ex_Syt2,0.9999999940999997,0.9999999939999997,1.4175252073536734e-07,1.0,1.0,-0.0,0.6351862640421343,0.5431605233020658,1.4411465879736205,4,inhibitory,15,0328_M1_L,False,30,62.0,neuron,neuronal_or_other,True,False,False,False,False,1,-0.5955661131306189,0.7722845967874628,0.772284658883168,2.950000006277528e-09,False,True,True,True,True,False
2787445900751100126,MV_in_Esrrb,4,MV_in_Esrrb,MV_in_Esrrb,microglia,0.9999999940999997,0.9999999939999997,1.4175252073536734e-07,1.0,1.0,-0.0,0.43859048613388696,0.2235270041060251,1.8392972292905345,4,inhibitory,14,0503_F3_L,False,14,22.0,neuron,neuronal_or_other,True,False,False,False,False,1,-1.565463962836802,0.8756141020621127,0.8756141678163879,2.950000006277528e-09,False,True,True,True,True,False
2787445900685100042,microglia,3,astrocyte_2,astrocyte_2,astrocyte_2,0.6722714872912835,0.5930853279939888,1.3075438476973802,0.9615052062704015,0.9433967619118582,0.22036280003283468,0.5286993621387996,0.22224395133147523,1.3868794127658244,__MISSING__,__MISSING__,__MISSING__,0503_F3_T,True,15,19.0,glial_non_neuronal,microglia,True,True,True,True,False,3,-0.7284895714267385,0.09810334038969543,0.20983278342324724,0.1237039788099825,True,False,False,False,False,False
2795103300097100252,DH_in_Npy,1,DH_in_Npy,DH_in_Npy,DH_ex_Maf/Cck,0.9873747679084548,0.9747495416169099,0.0677435562684809,0.9999670210487044,0.9999340420974088,0.0003733093467152525,0.22356649540717807,0.056664863064412346,2.6654837421031554,1,inhibitory,4,0610_M4_S,False,13,14.0,neuron,neuronal_or_other,True,False,False,False,False,1,-2.026453229142534,0.8410015676664546,0.8674504985706987,0.006192573870732988,False,True,True,True,True,False
2656144900503100045,astrocyte_2,2,astrocyte_1,astrocyte_1,astrocyte_1,0.9657008834539512,0.9392451318594777,0.18058376689094763,0.9911488749366243,0.9823643137186524,0.051176004827667855,0.8796898762570834,0.769635585789656,0.4250446174095795,__MISSING__,__MISSING__,__MISSING__,0328_M2_L,True,10,15.0,glial_non_neuronal,astrocyte,True,True,True,True,False,3,0.2354271553386065,0.023929415583128104,0.044107852791277845,0.00716948184276171,True,False,False,False,False,False
2796212800748100065,DH_in_Klhl14,0,DH_in_Cdh3,DH_in_Cdh3,M_in_Tfap2b,0.9238639457009168,0.8477278972018341,0.26922944435652457,0.9778921580528728,0.9557843161057454,0.10613282061643907,0.9960661043541494,0.9947697749080808,0.0349239480885675,1,inhibitory,10,0613_F3_T,False,12,19.0,neuron,neuronal_or_other,True,False,False,False,False,1,1.1351798615722224,0.9899809718587791,0.9905636877305138,0.011888734357207222,True,False,False,False,False,False
2946331700000017343,M_ex_Vsx2,2,M_ex_Vsx2,M_ex_Vsx2,oligodendrocyte_1,0.9942928629740144,0.9885857317480289,0.035174215114010275,0.9999319699284572,0.9998639398569145,0.0007208144398533797,0.595745725705061,0.398903399521886,1.416581217183496,3,excitatory,20,0415_F2_L,False,6,10.0,neuron,neuronal_or_other,True,False,False,False,False,1,-1.0125951451982442,0.9134736587548787,0.9135739777247076,0.002626598779190649,False,True,True,True,True,False
2787445900860100091,MV_ex_Syt2,0,MV_ex_Syt2,MV_ex_Syt2,DM_ex_Zfhx3,0.9999999940999997,0.9999999939999997,1.4175252073536734e-07,1.0,1.0,-0.0,0.32490777823889366,0.02177870009979299,1.8372389887523928,4,excitatory,14,0503_F3_S,False,21,43.0,neuron,neuronal_or_other,True,False,False,False,False,1,-2.17765021517256,0.4901218103893401,0.4901218753468802,2.950000006277528e-09,False,True,True,True,True,False
2795584800457100131,astrocyte_1,4,endothelial,endothelial,endothelial,0.6312862451682059,0.42959776800212607,1.1086241351039499,0.8432226532264877,0.7283220009589106,0.5481565179881939,0.49310410466998666,0.3049181079274168,1.7132916603214217,__MISSING__,__MISSING__,__MISSING__,0610_F4_L,True,14,22.0,glial_non_neuronal,astrocyte,True,True,True,True,False,3,0.24195701811628884,0.09490866202409817,0.14751103880962896,0.05375275602075536,True,False,False,False,False,False
2707604800381100171,oligodendrocyte_progenitor_2,1,oligodendrocyte_progenitor_2,oligodendrocyte_progenitor_2,astrocyte_1,0.6565311377894674,0.3606401094734528,0.8855720682355377,0.8289326486967719,0.6584883191103665,0.463147912034362,0.7039319396135029,0.47108755493025506,0.8650074016238102,__MISSING__,__MISSING__,__MISSING__,0415_M1_C,True,18,39.0,glial_non_neuronal,oligodendrocyte_opc,True,False,False,False,False,1,1.0082466750357924,0.1615962245846962,0.28373077586093043,0.041728621875151715,False,True,True,True,True,False
2796212800889100232,astrocyte_1,2,oligodendrocyte_progenitor_2,oligodendrocyte_progenitor_2,oligodendrocyte_progenitor_2,0.7501525885984034,0.6237577169383185,0.8763961746078496,0.9093745184105769,0.8198044848286368,0.3110832328272672,0.8647580937062042,0.812865855561459,0.615879125115903,__MISSING__,__MISSING__,__MISSING__,0613_F4_C,True,10,33.0,glial_non_neuronal,astrocyte,True,True,True,True,False,3,1.2540875619929017,0.034450432150539584,0.04247864836901941,0.06587617277298527,True,False,False,False,False,False
2707604800385100086,DH_in_Cdh3,0,DH_in_Cdh3,DH_in_Cdh3,astrocyte_1,0.9914814272508614,0.9829628603017232,0.04907761150080825,0.9974524646911404,0.9949049293822807,0.017759770674644185,0.1741244002744835,0.04315534005965249,2.7355088166410395,1,inhibitory,10,0415_M1_C,False,11,11.0,neuron,neuronal_or_other,True,False,False,False,False,1,-2.072169624043188,0.885219924568827,0.8873825755676717,0.0012327116772893438,False,True,True,True,True,False
2787445900718100161,M_ex_Vsx2,0,M_ex_Vsx2,M_ex_Vsx2,astrocyte_1,0.9797676040091554,0.959535213818311,0.09894230088616647,0.9999982949812154,0.9999965899624308,2.4350965030022157e-05,0.41968254289062196,0.2610274068213363,1.9334746564456116,3,excitatory,20,0503_F3_L,False,13,15.0,neuron,neuronal_or_other,True,False,False,False,False,1,-1.3792193971391609,0.7841978280983669,0.7834206077056771,0.010178846261634785,False,True,True,True,True,False
2795584800385100149,oligodendrocyte_progenitor_2,3,oligodendrocyte_1,oligodendrocyte_1,oligodendrocyte_1,0.5949499857355416,0.2142812416549526,0.7935754564131208,0.6182982331054299,0.23710109998156287,0.6693136684921889,0.5946775690604569,0.21351039554655293,0.817847277071049,__MISSING__,__MISSING__,__MISSING__,0610_F4_L,True,5,19.0,glial_non_neuronal,oligodendrocyte_opc,True,True,True,True,False,3,1.325053586612349,0.008603670146091438,0.010852660551600222,0.011272946469267287,True,False,False,False,False,False
2795584800471100091,astrocyte_2,1,astrocyte_2,astrocyte_2,endothelial,0.5963914658552547,0.2905689161661373,1.050220304920389,0.5511412312610304,0.13051264564161186,0.8066253728423782,0.21282766021239052,0.024747693374907703,2.3778619486879684,__MISSING__,__MISSING__,__MISSING__,0610_F4_C,True,7,8.0,glial_non_neuronal,astrocyte,True,False,False,False,False,1,0.8272447926684902,0.3031369643904679,0.34433283194985403,0.028878335977934207,False,True,True,True,True,False
2796212801012100167,DH_ex_Gpr83,2,DH_ex_Gpr83,DH_ex_Gpr83,DH_ex_Sox5,0.8253453631268818,0.6519994317586181,0.4712922580580414,0.9491815825182882,0.8983631650365765,0.20091800922641406,0.22647423575050188,0.01215388567932213,2.311608877855434,1,excitatory,2,0613_F3_C,False,31,51.0,neuron,neuronal_or_other,True,False,False,False,False,1,-1.382082981687606,0.47417231348274835,0.5251011130888761,0.02930423392996271,False,True,True,True,True,False
2795903600321100047,DM_ex_Zfhx3,1,DM_ex_Zfhx3,DM_ex_Zfhx3,MV_ex_Syt2,0.9999999940999997,0.9999999939999997,1.4175252073536737e-07,1.0,1.0,-0.0,0.7704106735808122,0.6891742012857377,1.010271481037433,2,excitatory,11,0613_M4_L,False,21,30.0,neuron,neuronal_or_other,True,False,False,False,False,1,-0.1525013411371796,0.9356550093162178,0.9356550721933855,2.950000006277528e-09,False,True,True,True,True,False
2945606900000005369,MV_ex_Syt2,2,MV_ex_Syt2,MV_ex_Syt2,MV_in_Chrna2,0.9999999940999997,0.9999999939999997,1.4175252073536734e-07,1.0,1.0,-0.0,0.43628130412264304,0.2691234983078665,1.855908541351099,4,excitatory,14,0328_F1_C,False,11,18.0,neuron,neuronal_or_other,True,False,False,False,False,1,-1.42710568992556,0.7199427409709155,0.7199428074716285,2.950000006277528e-09,False,True,True,True,True,False
2707604000042100263,DH_in_Cdh3,0,DH_in_Cdh3,DH_in_Cdh3,MV_in_Gabra1,0.8710475459736993,0.7420950977473988,0.38439062968319526,0.9790924475430702,0.9581848950861405,0.10155043728783077,0.2890957499888568,0.13897758355815326,2.5658720574774474,1,inhibitory,10,0415_M3_L,False,12,13.0,neuron,neuronal_or_other,True,False,False,False,False,1,-1.277285407236138,0.8970480058862186,0.9100872000090946,0.03352549939300348,False,True,True,True,True,False
2787889600164100033,gamma_motoneuron,3,alpha_motoneuron,alpha_motoneuron,endothelial,0.6424898417981099,0.31446301482413275,0.7537759149685814,0.6423321217903784,0.28786789282726655,0.670360033056735,0.3854327821185625,0.1565030603862828,1.786665507250516,__MISSING__,__MISSING__,22,0503_M5_C,False,11,11.0,glial_non_neuronal,neuronal_or_other,True,False,False,False,False,1,0.871947632151119,0.37888000316810766,0.3795147565965509,0.009151551422795707,True,False,False,False,False,False
2656143800052100231,DH_ex_Reln,4,DH_ex_Reln,DH_ex_Reln,DH_ex_Reln/Nmur2,0.91090255777165,0.8437682543953683,0.3502025638640991,0.9998332044632056,0.9996899636368045,0.0016856071253750818,0.6092251107220155,0.4813203767893962,1.4822491218326812,1,excitatory,6,0328_M3_C,False,17,31.0,neuron,neuronal_or_other,True,False,False,False,False,1,-0.5028884668679441,0.8226985327958665,0.8441976188346259,0.04525344234996598,False,True,True,True,True,False
2796212800881100107,MV_in_Sema5b,1,MV_in_Sema5b,MV_in_Sema5b,microglia,0.9999999940999997,0.9999999939999997,1.4175252073536734e-07,1.0,1.0,-0.0,0.6913905983644706,0.6358658370471075,1.554587687336126,4,inhibitory,15,0613_F3_C,False,7,18.0,neuron,neuronal_or_other,True,False,False,False,False,1,-0.31426055830704713,0.9302931528750602,0.9302932252681164,2.950000006277528e-09,False,True,True,True,True,False
2707604000095100011,meninges_2,3,astrocyte_2,astrocyte_2,meninges_1,0.4763091810647523,0.24100552932466168,1.5693664139687966,0.7154542199179197,0.5218892183050114,0.8074761989988871,0.6855376916149746,0.4205691882332572,0.8378842037228214,__MISSING__,__MISSING__,__MISSING__,0415_M3_T,True,16,28.0,glial_non_neuronal,meningeal,True,False,False,False,False,1,1.3402627547729051,0.41067397668855654,0.4484465656788719,0.1144014621786763,True,False,False,False,False,False
2796212800585100122,oligodendrocyte_1,0,astrocyte_1,astrocyte_1,astrocyte_1,0.7254440193813418,0.5272216250510336,0.8748116632704668,0.9616103794749836,0.9418204582074111,0.19479740735025153,0.43068653197587015,0.25214886125801234,1.9068157775514625,__MISSING__,__MISSING__,__MISSING__,0613_F3_L,True,6,8.0,glial_non_neuronal,oligodendrocyte_opc,True,True,True,True,False,3,-0.5166978389337853,0.14247347232939817,0.29114478151979234,0.09878167294207094,True,False,False,False,False,False
2726544600383100057,DM_ex_Zfhx3,4,DM_ex_Zfhx3,DM_ex_Zfhx3,endothelial,0.9999999940999997,0.9999999939999997,1.4175252073536737e-07,1.0,1.0,-0.0,0.24118232586129676,0.06988960894188323,2.5393798853768565,2,excitatory,11,0422_F1_S,False,8,16.0,neuron,neuronal_or_other,True,False,False,False,False,1,-2.0316621875379055,0.6484032721923102,0.6484033448095885,2.950000006277528e-09,False,True,True,True,True,False
2795903600032100212,MV_in_Sema5b,4,MV_in_Sema5b,MV_in_Sema5b,MV_in_Gabra1,0.9999999940999997,0.9999999939999997,1.4175252073536734e-07,1.0,1.0,-0.0,0.517610461302451,0.31725761948181197,1.7101070164382868,4,inhibitory,15,0613_M5_S,False,12,17.0,neuron,neuronal_or_other,True,False,False,False,False,1,-1.2810472266532111,0.7859750339991461,0.7859751009624921,2.950000006277528e-09,False,True,True,True,True,False
2796212801076200052,meninges_2,4,meninges_1,meninges_1,meninges_1,0.8638979886764765,0.7454222823483555,0.4767661279108746,0.9939444554101077,0.9880080880947504,0.03771971022720774,0.618551042359573,0.24097960242270255,0.6913445151884856,__MISSING__,__MISSING__,__MISSING__,0613_F3_C,True,6,86.0,glial_non_neuronal,meningeal,True,True,True,True,False,3,-1.0329195647864515,0.07109057373313114,0.20311800656280102,0.05667659235589878,True,False,False,False,False,False
2726562700199100138,oligodendrocyte_1,3,oligodendrocyte_1,oligodendrocyte_1,DH_ex_Maf/Cck,0.7637959139612639,0.6592816995291083,0.9064409031580358,0.860023717260997,0.7945761295055747,0.5372912873350975,0.13331754889917652,0.01866267867060528,3.1313531370265233,__MISSING__,__MISSING__,__MISSING__,0422_F2_T,True,4,7.0,glial_non_neuronal,oligodendrocyte_opc,True,False,False,False,False,1,-1.1693747970485373,0.6223695648590296,0.659784849147807,0.029277121934387664,False,True,True,True,True,False
2787889600441100050,DH_ex_Sox5/Tac1,1,DH_ex_Sox5/Tac1,DH_ex_Sox5/Tac1,DM_ex_Zfhx3,0.9341759130049662,0.8683518318099327,0.24270080696661142,0.9997372033397522,0.9994744066795045,0.002429291951513401,0.575414774811741,0.26673346812932996,1.1223591402566044,1,excitatory,5,0503_M4_L,False,26,54.0,neuron,neuronal_or_other,True,False,False,False,False,1,-1.1976177713136256,0.4939119621384351,0.4839050108529021,0.03260822640821804,False,True,True,True,True,False
2795584800713100203,DH_ex_Maf/Cck,2,DH_ex_Maf/Cck,DH_ex_Maf/Cck,MV_in_Gm26673,0.8752014039666384,0.7564124053426389,0.4036700874981104,0.9863126081762874,0.9773310949225261,0.0815315284060062,0.8072070569611451,0.6898290545393273,0.8032459536355382,1,excitatory,10,0610_F5_S,False,30,49.0,neuron,neuronal_or_other,True,False,False,False,False,1,0.33058726379608255,0.9393193076910689,0.9523008924448586,0.04332823631621408,False,True,True,True,True,False
2946331700000012957,oligodendrocyte_1,4,oligodendrocyte_progenitor_2,oligodendrocyte_progenitor_2,oligodendrocyte_progenitor_2,0.7287354092548517,0.5078072660926742,0.7742178598675737,0.9689976557867546,0.9450160417888652,0.15620776954843651,0.7631968302286818,0.5737223144285175,0.7355317745672056,__MISSING__,__MISSING__,__MISSING__,0415_F2_L,True,6,17.0,glial_non_neuronal,oligodendrocyte_opc,True,True,True,True,False,3,0.4875025976703168,0.00590602933640432,0.07699210089575512,0.09695763803512533,True,False,False,False,False,False
2787889600453100017,oligodendrocyte_progenitor_2,0,oligodendrocyte_2,oligodendrocyte_2,oligodendrocyte_2,0.9747875595044057,0.9557691796276715,0.14067583410724627,0.97163394588829,0.9452324579608862,0.13628900035455488,0.8079442895363951,0.6235548778129094,0.5265274192434404,__MISSING__,__MISSING__,__MISSING__,0503_M4_T,True,10,19.0,glial_non_neuronal,oligodendrocyte_opc,True,True,True,True,False,3,-0.1637259137059528,0.06307784034656773,0.05489562559105537,0.002009356367960442,True,False,False,False,False,False
2787445900290100087,DM_ex_Zfhx3,4,DM_ex_Zfhx3,DM_ex_Zfhx3,DH_ex_Sox5/Tac1,0.9999993101252997,0.9999990569655699,1.1518364997360925e-05,1.0,1.0,-0.0,0.5294665206470722,0.1392148247048302,1.0310665105852361,2,excitatory,11,0503_F4_C,False,43,143.0,neuron,neuronal_or_other,True,False,False,False,False,1,-1.8212996633157763,0.4046817329510721,0.40468677701535416,3.449374357833717e-07,False,True,True,True,True,False
2796212801009100041,oligodendrocyte_progenitor_2,3,oligodendrocyte_1,oligodendrocyte_1,oligodendrocyte_1,0.6728912241544786,0.43458167554019606,1.0029874795703984,0.8825543123703554,0.7662280885687444,0.3692247603466654,0.607569004432262,0.31212483978381694,1.141016614396033,__MISSING__,__MISSING__,__MISSING__,0613_F3_C,True,10,16.0,glial_non_neuronal,oligodendrocyte_opc,True,True,True,True,False,3,0.17966648757769338,0.04548614600918668,0.09308979715192209,0.06727351738756251,True,False,False,False,False,False
2707604800061100128,oligodendrocyte_2,2,oligodendrocyte_progenitor_2,oligodendrocyte_progenitor_2,oligodendrocyte_progenitor_2,0.8080242275479833,0.7305183132651951,0.76687812481271,0.9985751641171279,0.9976292902993409,0.012126173746558408,0.8711910390590444,0.8312842338077833,0.6932583703454905,__MISSING__,__MISSING__,__MISSING__,0415_M1_L,True,10,14.0,glial_non_neuronal,oligodendrocyte_opc,True,True,True,True,False,3,0.7658916343654569,0.050353304088574795,0.06327800638530204,0.09861644591938301,True,False,False,False,False,False
2656144900315100035,DM_ex_Zfhx3,2,DM_ex_Zfhx3,DM_ex_Zfhx3,visceral_motoneuron,0.99999818488616,0.9999970007855791,2.805065988272712e-05,1.0,1.0,-0.0,0.7816851750706153,0.6776214375401763,0.8823850719131434,2,excitatory,11,0328_M2_C,False,36,80.0,neuron,neuronal_or_other,True,False,False,False,False,1,-0.18755175716712735,0.7512918927150166,0.7513009088391214,9.075575140746247e-07,False,True,True,True,True,False
2787889600450100291,astrocyte_1,4,oligodendrocyte_progenitor_2,oligodendrocyte_progenitor_2,oligodendrocyte_1,0.6545388900605034,0.4326319913912673,1.0428794559052967,0.627047743861278,0.29827917455359737,0.800238569787221,0.5480052254199758,0.24484644946392736,1.2965543521652099,__MISSING__,__MISSING__,__MISSING__,0503_M4_T,True,9,24.0,glial_non_neuronal,astrocyte,True,False,False,False,False,1,0.9077885954482112,0.1197471118873407,0.11837612125676497,0.054139568584329105,True,False,False,False,False,False
2795903600057100056,MV_in_Esrrb,3,MV_in_Esrrb,MV_in_Esrrb,MV_in_Gm26673,0.9999999940999997,0.9999999939999997,1.4175252073536734e-07,1.0,1.0,-0.0,0.36864544713477093,0.18148870406105047,1.9640282455821938,4,inhibitory,14,0613_M5_S,False,7,11.0,neuron,neuronal_or_other,True,False,False,False,False,1,-1.6930252302579356,0.6268404405882053,0.6268405049244694,2.950000006277528e-09,False,True,True,True,True,False
2656144900542200081,astrocyte_2,0,astrocyte_1,astrocyte_1,astrocyte_1,0.7539852720715401,0.6488703673891907,0.9307434526887545,0.7045281862805911,0.41567064610060905,0.6486529325438819,0.6276749012735753,0.33534145068303955,1.096120468310872,__MISSING__,__MISSING__,__MISSING__,0328_M1_S,True,10,11.0,glial_non_neuronal,astrocyte,True,True,True,True,False,3,0.5622458454255332,0.10222338912648833,0.03449793597163039,0.09192284561515443,True,False,False,False,False,False
2656144900503100032,astrocyte_1,2,astrocyte_1,astrocyte_1,astrocyte_2,0.7425218145537928,0.5361861837715313,0.7758950758653159,0.9848251470125654,0.9697122188520408,0.07913820066690842,0.7319870924006279,0.4680581445794828,0.6113817916564243,__MISSING__,__MISSING__,__MISSING__,0328_M2_L,True,9,12.0,glial_non_neuronal,astrocyte,True,False,False,False,False,1,0.06704947045528001,0.21766235940882614,0.4819357112817578,0.10861645924699515,False,True,True,True,True,False
2707604000155100195,DH_ex_Prkcg/Nts,3,DH_ex_Tac2,DH_ex_Tac2,oligodendrocyte_2,0.36758823908055194,0.02293251970749921,1.1462553295885696,0.639251347492666,0.30216590487198064,0.7460844310950944,0.577104719010276,0.38467207909425105,1.3417416210423203,1,excitatory,8,0415_M3_T,False,5,10.0,neuron,neuronal_or_other,True,False,False,False,False,1,2.0578697772105277,0.9948669209280163,0.9956391813504788,0.12212330737253549,True,False,False,False,False,False
2796212800979200022,DH_ex_Cpne4,4,DH_ex_Cpne4,DH_ex_Cpne4,DH_in_Npy2r,0.6883623581877102,0.3767247221754209,0.6204048429090366,0.8611609229468841,0.7223218458937681,0.40285046334311064,0.19472512561943042,0.020819504987463572,2.2305741235838545,1,excitatory,3,0613_F3_C,False,17,23.0,neuron,neuronal_or_other,True,False,False,False,False,1,-0.5135428460053658,0.9137515050011754,0.9122644505675129,0.03149531117464916,False,True,True,True,True,False
2707604800384100209,DH_ex_Prkcg/Cck,2,DH_ex_Prkcg/Cck,DH_ex_Tac2,DM_ex_Zfhx3,0.46599026582349456,0.20337545190345963,1.1078446231864432,0.8191362593208449,0.6492848864092358,0.5156020198222561,0.20306222426653148,0.056830477838436505,2.4587613989639303,1,excitatory,8,0415_M1_C,False,29,56.0,neuron,neuronal_or_other,False,False,False,False,True,1,0.05104912901116754,0.6946247874679372,0.8142390951755255,0.2677697825404458,False,False,True,True,False,False
2787889600413100020,DH_in_Npy2r,1,DH_in_Npy2r,DH_in_Npy2r,DH_in_Rorb,0.9618652702700924,0.9355109480813152,0.19445015137270438,0.999989362602637,0.9999787252052741,0.00013244761098122118,0.6401259896670072,0.44433802951459417,1.1346340127263186,1,inhibitory,9,0503_M4_T,False,36,82.0,neuron,neuronal_or_other,True,False,False,False,False,1,-0.7799331139096997,0.7149876033412293,0.7578887307841949,0.019272265290502598,False,True,True,True,True,False
2656143800052100293,DH_ex_Gpr83,0,DH_ex_Gpr83,DH_ex_Gpr83,DH_ex_Grpr,0.8604242324801533,0.7208484707603071,0.4041927599980495,0.9925192745567447,0.9850385491134894,0.04407400893079758,0.2369972542256166,0.03143711253315082,2.3413788639015127,1,excitatory,2,0328_M3_C,False,16,32.0,neuron,neuronal_or_other,True,False,False,False,False,1,-1.6188667574411393,0.6184055061844324,0.7651910718553255,0.05559849820218477,False,True,True,True,True,False
2795903600321100277,DH_ex_Prkcg/Rxfp1,3,DH_ex_Prkcg/Rxfp1,DH_ex_Prkcg/Rxfp1,DH_ex_Prkcg/Nts,0.8045368879875653,0.6105470011916045,0.5027170316185605,0.9044130487034723,0.8089079191384769,0.3159365865940744,0.331954575300682,0.018113476696689168,1.816086300181428,1,excitatory,6,0613_M4_L,False,14,35.0,neuron,neuronal_or_other,True,False,False,False,False,1,-1.1122344769076422,0.8526211832028511,0.8560048447660555,0.014981374166977689,False,True,True,True,True,False
2795103300232100195,DH_in_Npy,4,DH_in_Npy,DH_in_Npy,astrocyte_1,0.9895129832415928,0.9790259722831858,0.05822775653480566,0.9999884893952246,0.9999769787904491,0.00014241191921977566,0.12387740867464994,0.013405064423427121,2.9906514264318096,1,inhibitory,4,0610_M4_L,False,5,5.0,neuron,neuronal_or_other,True,False,False,False,False,1,-2.1654625718990443,0.864746986851074,0.8893125357297308,0.005204267170721793,False,True,True,True,True,False
2796212800569100099,DH_ex_Maf/Cck,3,DH_ex_Maf/Cck,DH_ex_Maf/Cck,MV_in_Sema5b,0.5206277999981661,0.11081383102608011,0.8977679423504413,0.6253931002000386,0.2625112857767623,0.719817345224532,0.33797517954451534,0.22528523728222374,2.6177280210346257,1,excitatory,10,0613_F5_C,False,8,10.0,neuron,neuronal_or_other,True,False,False,False,False,1,1.4955927694585558,0.8555926020605606,0.8752824457683537,0.023097735433061175,False,True,True,True,True,False
2796212800110100199,DH_in_Cdh3,2,DH_in_Cdh3,DH_in_Cdh3,DH_ex_Cpne4,0.7493994698620803,0.49879894552416076,0.5629940645468364,0.8099487681623284,0.6198975363246568,0.48629724282101827,0.32588444538638184,0.044495715624555676,1.650046901974965,1,inhibitory,10,0613_F5_S,False,17,26.0,neuron,neuronal_or_other,True,False,False,False,False,1,-0.4569649153491635,0.9444067567985928,0.9438575333964403,0.0038585200986073647,False,True,True,True,True,False
2656143800366100092,astrocyte_2,4,astrocyte_2,astrocyte_2,astrocyte_1,0.7253726502982453,0.5013437530215892,0.7850314051173477,0.9997296415573258,0.9995758129755865,0.0028074608255507782,0.508539022204826,0.07929733069818534,0.9602996967159321,__MISSING__,__MISSING__,__MISSING__,0328_M3_L,True,11,12.0,glial_non_neuronal,astrocyte,True,False,False,False,False,1,-1.1095013393209947,0.0743019700373268,0.36856915894066106,0.15187871837418918,False,True,True,True,True,False
2787889600486100159,astrocyte_2,1,oligodendrocyte_progenitor_2,oligodendrocyte_progenitor_2,oligodendrocyte_progenitor_2,0.8136183315095171,0.7102556668173203,0.7335443240455608,0.7775127549300628,0.6046388351786603,0.6713467173549074,0.5977572051315868,0.385035983740986,1.133060109324905,__MISSING__,__MISSING__,__MISSING__,0503_M4_T,True,16,21.0,glial_non_neuronal,astrocyte,True,True,True,True,False,3,0.22807508980855407,0.06985171433393042,0.04468597364154688,0.049338477348987164,True,False,False,False,False,False
2796212800489100033,DH_in_Klhl14,0,DH_in_Cdh3,DH_in_Cdh3,astrocyte_1,0.9860619588764762,0.9721239235529526,0.0733996758666137,0.9887597040517474,0.9775194081034948,0.06162614526072537,0.18380502482190875,0.056414238685406626,3.001022189249171,1,inhibitory,10,0613_F3_L,False,6,6.0,neuron,neuronal_or_other,True,False,False,False,False,1,-1.9780245406127195,0.8989958360628166,0.9000523740542123,0.00010578525463397328,True,False,False,False,False,False
2787445900090100042,DH_ex_Prkcg/Nts,0,DH_ex_Tac2,DH_ex_Tac2,DH_ex_Reln/Nmur2,0.7292021774026614,0.5559229918743521,0.8070165955322913,0.762488581321523,0.6436384746665331,0.7890841725791867,0.2254277206050094,0.04805073563957399,2.525263454197414,1,excitatory,8,0503_F5_T,False,9,12.0,neuron,neuronal_or_other,True,False,False,False,False,1,-0.5955707403942422,0.6631674267621387,0.6755959689818885,0.019774102634003147,True,False,False,False,False,False
2707604700063100171,DH_ex_Reln,1,DH_ex_Reln,DH_ex_Reln,DH_ex_Reln/Nmur2,0.9939882885847209,0.9902325065469417,0.04072022427368307,0.9999855361876102,0.999972701431366,0.00018073736915809725,0.6239969112820125,0.2889725078679123,0.9048637430103685,1,excitatory,6,0415_M2_L,False,21,42.0,neuron,neuronal_or_other,True,False,False,False,False,1,-1.349334277876545,0.45334038952440553,0.45739927976304234,0.0029480669695635094,False,True,True,True,True,False
2707604700084100070,ependymal,3,ependymal,astrocyte_2,MV_ex_Syt2,0.9467867043352232,0.9198161185144395,0.2952762446677894,0.5442267013663268,0.2522864315831699,1.2229952506156658,0.22400952471572583,0.042760480087855546,2.443132476728685,__MISSING__,__MISSING__,__MISSING__,0415_M2_L,True,13,14.0,glial_non_neuronal,remaining_glial_non_neuronal,False,False,False,False,True,1,-0.48636913910121393,0.7925628338223271,0.7124022539224681,0.4243528815517214,False,False,True,True,False,False
2796212800355100022,DH_ex_Reln/Npff,0,DH_ex_Reln/Npff,DH_ex_Reln/Npff,DM_ex_Zfhx3,0.9999999940999997,0.9999999939999997,1.4175252073536737e-07,1.0,1.0,-0.0,0.4666860315425755,0.3679495429555467,2.241479540367877,1,excitatory,1,0613_F3_S,False,10,10.0,neuron,neuronal_or_other,True,False,False,False,False,1,-1.127227352885558,0.9591096154040826,0.9591096882643536,2.950000006277527e-09,False,True,True,True,True,False
2796212800421100022,DH_ex_Prkcg/Rxfp1,1,DH_ex_Prkcg/Rxfp1,DH_ex_Prkcg/Rxfp1,DH_ex_Grpr,0.541798576446342,0.08879039707093611,0.7180781422869723,0.7740407608502194,0.5495310349201823,0.5431111862073571,0.24383971234515042,0.06071777421965885,2.427520954282881,1,excitatory,6,0613_F3_S,False,8,15.0,neuron,neuronal_or_other,True,False,False,False,False,1,0.4659834601017475,0.7090727112933466,0.7121327611907458,0.044016319557853234,False,True,True,True,True,False
2707604000073100035,astrocyte_2,2,oligodendrocyte_precursor_cell,oligodendrocyte_precursor_cell,oligodendrocyte_precursor_cell,0.2743075757206473,0.0614091723608057,1.8922918169265193,0.4940136603490433,0.204886092854548,1.3761256706856497,0.274946606881018,0.0662751169828395,1.9546017696013394,__MISSING__,__MISSING__,__MISSING__,0415_M3_L,True,10,12.0,glial_non_neuronal,astrocyte,True,True,True,True,False,3,1.2159174737388239,0.14800495354849147,0.29169010627383535,0.10206833451431521,True,False,False,False,False,False
2787445900360100076,oligodendrocyte_precursor_cell,4,astrocyte_1,oligodendrocyte_1,oligodendrocyte_1,0.3910882193283637,0.1669127379975983,1.5933151483530585,0.5274859024060787,0.24679123810483095,1.1689059003456497,0.3800315333260036,0.16794544590039018,1.9207732306037695,__MISSING__,__MISSING__,__MISSING__,0503_F4_C,True,12,23.0,glial_non_neuronal,oligodendrocyte_opc,False,False,True,False,False,2,1.2523645944627326,0.14574508959581609,0.11930662599961442,0.09085885209071459,True,False,False,False,False,False
2726544200048100036,oligodendrocyte_precursor_cell,1,oligodendrocyte_1,oligodendrocyte_1,oligodendrocyte_1,0.9410874872018243,0.9186470323254776,0.32601821830381683,0.9859636366914482,0.9754891168680447,0.08538835825047955,0.4710572919757318,0.3327040269936916,1.806684148046325,__MISSING__,__MISSING__,__MISSING__,0422_M1_C,True,5,8.0,glial_non_neuronal,oligodendrocyte_opc,True,True,True,True,False,3,-1.0398767981425538,0.23386464925325134,0.2994538448603316,0.015177953792445197,True,False,False,False,False,False
2787889600229100114,DH_in_Klhl14,2,DH_in_Cdh3,DH_in_Cdh3,MV_in_Gabra1,0.7241306903079122,0.4482613864158247,0.589009724600925,0.7944323295292444,0.5888646590584887,0.5080246461683562,0.4548868578520738,0.1811598413034703,1.7034042727570966,1,inhibitory,10,0503_M5_T,False,10,15.0,neuron,neuronal_or_other,True,False,False,False,False,1,0.10980354767245681,0.47098417427518124,0.4656963448211284,0.004890137352262792,True,False,False,False,False,False
2656144300163100024,DH_ex_Sox5,3,DH_ex_Sox5,DH_ex_Sox5,DH_ex_Reln/Nmur2,0.9499755273628046,0.8999510605256095,0.19858741720693787,0.9999970202715621,0.9999940405431242,4.0892830331570144e-05,0.39572877074130874,0.1493776284718871,1.9789428493596242,1,excitatory,5,0328_F2_L,False,15,17.0,neuron,neuronal_or_other,True,False,False,False,False,1,-1.611328255200549,0.8436011982406125,0.8450812234182808,0.025453523372051416,False,True,True,True,True,False
2787889600421100062,endothelial,3,endothelial,endothelial,astrocyte_2,0.8152202268201805,0.6758711691627913,0.6528718162235517,0.9744425580288012,0.9535816252642508,0.13425528417670785,0.3213392433923357,0.034888587234568,1.5445948982046358,__MISSING__,__MISSING__,__MISSING__,0503_M4_C,True,7,9.0,glial_non_neuronal,vascular,True,False,False,False,False,1,-1.4654327487107677,0.2882043179850109,0.44615553565684074,0.05544368867938843,False,True,True,True,True,False
2796212800882100128,DH_ex_Maf/Cck,0,DH_ex_Maf/Cck,DH_ex_Maf/Cck,MV_in_Gabra1,0.6186319534141328,0.2531404238439375,0.7402132343620471,0.6000252433119908,0.20363300493697872,0.6953399928825175,0.30305006779717214,0.2089088960681346,2.7237435207468854,1,excitatory,10,0613_F3_C,False,14,20.0,neuron,neuronal_or_other,True,False,False,False,False,1,1.3079462273780176,0.7492536099541081,0.7542146166438388,0.004682858093448411,False,True,True,True,True,False
2656144900505100045,MV_in_Esrrb,0,MV_in_Esrrb,MV_in_Esrrb,MV_in_Gabra1,0.9999817542572706,0.9999656639281236,0.00022421212545499692,1.0,1.0,-0.0,0.6926383379065284,0.5694326910429242,1.078403401592598,4,inhibitory,14,0328_M2_L,False,37,118.0,neuron,neuronal_or_other,True,False,False,False,False,1,-0.5157842282030926,0.7196807539691332,0.7197694712144425,9.122931400625203e-06,False,True,True,True,True,False
2726562800280100097,DH_ex_Gpr83,0,DH_ex_Gpr83,DH_ex_Gpr83,astrocyte_1,0.7768468740070109,0.5536937538140223,0.5308700270765498,0.9993182215715576,0.9986364431431151,0.005652260110929471,0.2474947181680565,0.09530093834820672,2.4342112477053806,1,excitatory,2,0422_M2_L,False,10,10.0,neuron,neuronal_or_other,True,False,False,False,False,1,-1.1528005690989835,0.9827453581730586,0.9830406965631643,0.11865369209355878,False,True,True,True,True,False
2656144900369100140,DH_ex_Maf/Cck,2,DH_ex_Maf/Cck,DH_ex_Maf/Cck,MV_ex_Syt2,0.8862932148306376,0.7871332406376519,0.4076308349141593,0.9669547902032573,0.9476426038094427,0.17631040165781903,0.35455084453641295,0.005564203829389769,1.669869607556306,1,excitatory,10,0328_M2_T,False,22,52.0,neuron,neuronal_or_other,True,False,False,False,False,1,-1.7418257992070272,0.33718263763328726,0.38809980802318444,0.023221812324063344,False,True,True,True,True,False
2795584800375100070,astrocyte_1,4,astrocyte_1,astrocyte_1,MV_in_Gabra1,0.4832336480872473,0.06552152956411766,1.1309809483959388,0.46531574017626437,0.012997477504362698,0.9621610973121508,0.4005334188057911,0.11358525405431857,1.6968143838209298,__MISSING__,__MISSING__,__MISSING__,0610_F4_T,True,7,9.0,glial_non_neuronal,astrocyte,True,False,False,False,False,1,1.732972109004586,0.6714378909076963,0.6789347194913503,0.026697303656534686,False,True,True,True,True,False
2787445900321100057,oligodendrocyte_progenitor_2,2,oligodendrocyte_2,oligodendrocyte_progenitor_2,oligodendrocyte_2,0.4977101937342544,0.049611637706467926,0.9428606718579088,0.806438074126103,0.6149456093779503,0.5045403474151575,0.5746254476127566,0.18146377616161763,0.833048926497489,__MISSING__,__MISSING__,__MISSING__,0503_F4_C,True,9,15.0,glial_non_neuronal,oligodendrocyte_opc,False,True,False,False,False,2,0.7726854164096544,0.02615745619001663,0.13639459411552637,0.11262070978005252,False,False,True,False,True,False
2707737900095100022,meninges_2,0,meninges_2,meninges_2,meninges_1,0.7351992647407535,0.6631953503471499,1.1238439747239808,0.9921682061538872,0.9867711227043887,0.0512908565822774,0.6603758875797725,0.48690826279572214,0.9987992179771383,__MISSING__,__MISSING__,__MISSING__,0415_F1_L,True,9,14.0,glial_non_neuronal,meningeal,True,False,False,False,False,1,-0.13700159499572312,0.4481470379581215,0.6146277532644712,0.13068715715433027,False,True,True,True,True,False
2796212800333100154,DH_ex_Rreb1,0,DH_ex_Maf/Cck,DH_ex_Maf/Cck,DH_ex_Prkcg/Nts,0.8264992923236066,0.7222392674972721,0.6259426930232085,0.5681503477060509,0.19464586040880788,0.8661643554865657,0.49901380255930544,0.3077039770925033,1.9416844308106715,1,excitatory,10,0613_F4_L,False,5,5.0,neuron,neuronal_or_other,True,False,False,False,False,1,0.7857144025493784,0.9134309099111754,0.9105141460297651,0.08728118239338739,True,False,False,False,False,False
2795584800385100112,MV_in_Gm26673,4,MV_in_Gm26673,MV_in_Gm26673,MV_in_Sema5b,0.9982689104825526,0.9965378267651053,0.012737698451880912,0.9999004599661897,0.9998009199323794,0.0010167915782867691,0.2937567982336244,0.110834980273328,2.2134942672375697,4,inhibitory,19,0610_F4_L,False,7,15.0,neuron,neuronal_or_other,True,False,False,False,False,1,-1.90082366581685,0.6744646415296488,0.6746766826424108,0.0006369012331474265,False,True,True,True,True,False
2795584800415100082,oligodendrocyte_progenitor_2,3,oligodendrocyte_progenitor_2,oligodendrocyte_progenitor_2,oligodendrocyte_1,0.6851452929200476,0.448747484008172,0.9222305263095437,0.7968611770349112,0.6189277748645662,0.602814685663771,0.5132755621730367,0.044333866831547386,0.8075011276782715,__MISSING__,__MISSING__,__MISSING__,0610_F4_T,True,3,15.0,glial_non_neuronal,oligodendrocyte_opc,True,False,False,False,False,1,-0.36592133223637446,0.07368895346903719,0.09735999289546506,0.02118342630694137,False,True,True,True,True,False
2656143800468100115,DH_ex_Grp,3,DH_ex_Grp,DH_ex_Grp,DH_ex_Tac2,0.5415773119719104,0.10409990217189202,0.7747798623037032,0.9499821154223376,0.9018477061305349,0.20659186845479824,0.35238315474346155,0.2190956234481406,2.1199165320000595,1,excitatory,6,0328_M3_L,False,9,13.0,neuron,neuronal_or_other,True,False,False,False,False,1,0.21988125054414492,0.612238020359126,0.7309900463009837,0.1771849206928081,False,True,True,True,True,False
2707604000042100187,oligodendrocyte_progenitor_2,2,oligodendrocyte_progenitor_2,astrocyte_1,astrocyte_1,0.42902421366618054,0.07849649614854376,1.3198079094826576,0.4639373138056866,0.10334479677365627,1.162587874181597,0.3138387496531921,0.09611573994256337,2.1300859570899346,__MISSING__,__MISSING__,__MISSING__,0415_M3_L,True,15,16.0,glial_non_neuronal,oligodendrocyte_opc,False,False,True,False,False,2,1.4774120367504948,0.14932206238618825,0.1677687543881028,0.028995703625749325,False,False,True,True,False,False
2726543700227100037,astrocyte_1,0,oligodendrocyte_1,astrocyte_1,DH_ex_Maf/Cck,0.5868517257929354,0.2692529324634643,1.0299863260212023,0.4734242703740242,0.03311972321427642,0.9938961071887289,0.2734357445369628,0.134977272367892,2.677737497307973,__MISSING__,__MISSING__,__MISSING__,0422_M3_C,True,9,10.0,glial_non_neuronal,astrocyte,False,False,False,False,True,1,1.3931940043262494,0.5613531447555661,0.5639478845564374,0.025530809448136522,False,False,True,False,True,False
2796212800333100190,DH_in_Cdh3,4,DH_in_Cdh3,DH_in_Cdh3,astrocyte_1,0.8801929510001884,0.760385907800377,0.36654050056220683,0.9992376779580497,0.9984753559160995,0.006234849181175544,0.3298869726761897,0.17779523961833082,2.37503139703024,1,inhibitory,10,0613_F4_L,False,5,7.0,neuron,neuronal_or_other,True,False,False,False,False,1,-1.2722121369947725,0.6248148801260436,0.6730822688358534,0.05967349671537223,False,True,True,True,True,False
2656144900480100101,oligodendrocyte_2,4,oligodendrocyte_2,oligodendrocyte_2,oligodendrocyte_progenitor_2,0.8023778356975995,0.6990132624409484,0.7860353201176397,0.786159387639767,0.5733821403671161,0.5269365753880523,0.6691008292389402,0.4296829439672351,1.0046595845567674,__MISSING__,__MISSING__,__MISSING__,0328_M2_L,True,12,18.0,glial_non_neuronal,oligodendrocyte_opc,True,False,False,False,False,1,0.4457180436206146,0.3141385993357169,0.24272316211193218,0.05774774009856207,False,True,True,True,True,False
2656144900236100115,astrocyte_1,3,endothelial,endothelial,endothelial,0.8126583837852099,0.6753887049212799,0.6840495189923588,0.5804425323116197,0.17531753328150462,0.7605357022624809,0.5595766386318314,0.2873287713986246,1.2900898003373165,__MISSING__,__MISSING__,__MISSING__,0328_M2_C,True,12,12.0,glial_non_neuronal,astrocyte,True,True,True,True,False,3,0.8461296482801818,0.09546674984951489,0.06836950823981404,0.0791895114557078,True,False,False,False,False,False
2795584800352100059,astrocyte_1,3,oligodendrocyte_progenitor_2,oligodendrocyte_progenitor_2,oligodendrocyte_progenitor_2,0.8753247491258039,0.8393183752194183,0.602050715845558,0.988501059557729,0.9814730586908671,0.07480915016480658,0.8400597403257881,0.7854972747609906,0.7523658526660505,__MISSING__,__MISSING__,__MISSING__,0610_F4_S,True,6,11.0,glial_non_neuronal,astrocyte,True,True,True,True,False,3,0.4642313600822906,0.017069033570787578,0.06763843562576657,0.04821390489914173,True,False,False,False,False,False
2795903600588100114,MV_in_Sema5b,2,MV_in_Sema5b,MV_in_Sema5b,MV_in_Gm26673,0.9996527978265649,0.9993566945178858,0.003258335890055172,1.0,1.0,-0.0,0.6361842889405851,0.4600326317089721,1.1605535037739978,4,inhibitory,15,0613_M4_C,False,23,37.0,neuron,neuronal_or_other,True,False,False,False,False,1,-0.846658146333795,0.7735340954469512,0.7751201381560733,0.0001736228299857058,False,True,True,True,True,False
2795103300120100086,astrocyte_1,2,astrocyte_1,endothelial,MV_ex_Shox2,0.5294956361674239,0.2509924653933786,1.2247787497667353,0.5832104736198731,0.2808970880282846,1.0144422862260978,0.3211751960381591,0.09180378232994574,1.8412632883746645,__MISSING__,__MISSING__,__MISSING__,0610_M4_T,True,6,6.0,glial_non_neuronal,astrocyte,False,False,False,False,True,1,0.8030942228820885,0.3350647264366366,0.359428252726061,0.0749990747927081,False,False,True,True,False,False
2787445900438100092,astrocyte_2,2,meninges_1,meninges_1,meninges_1,0.5408070341469668,0.29272667781202794,1.3539867901238856,0.8305206762212064,0.6773355626438576,0.5305317765273244,0.7799628708924168,0.6672356228489318,0.862707814013426,__MISSING__,__MISSING__,__MISSING__,0503_F4_C,True,11,12.0,glial_non_neuronal,astrocyte,True,True,True,True,False,3,1.6876208770752161,0.1617184067286987,0.09179040252958806,0.10982519014087465,True,False,False,False,False,False
2787889600413100068,DH_in_Rorb,0,DH_in_Rorb,DH_in_Rorb,DH_ex_Sox5,0.9999999940999997,0.9999999939999997,1.4175252073536737e-07,1.0,1.0,-0.0,0.5538110573528501,0.4584414358764969,1.7770677078643988,1,inhibitory,7,0503_M4_T,False,16,26.0,neuron,neuronal_or_other,True,False,False,False,False,1,-0.852638215361339,0.7663573452111374,0.766357408148523,2.950000006277528e-09,False,True,True,True,True,False
2707604700250100104,DH_ex_Maf/Slc17a8,4,DH_ex_Maf/Cck,DH_ex_Maf/Cck,MV_ex_Syt2,0.7017785194748866,0.43660654839699486,0.7204150077038146,0.9470234106245151,0.9179975856298235,0.2597968328891646,0.870914292696993,0.8462621586295183,0.6982483130672636,1,excitatory,10,0415_M2_T,False,34,58.0,neuron,neuronal_or_other,True,False,False,False,False,1,1.4955997611424325,0.9426545869984431,0.9535269742227817,0.10020092374524414,True,False,False,False,False,False
2787445900861100026,DM_ex_Zfhx3,3,DM_ex_Zfhx3,DM_ex_Zfhx3,MV_in_Chrna2,0.9999999940999997,0.9999999939999997,1.4175252073536737e-07,1.0,1.0,-0.0,0.40081660045896617,0.14520170311116393,1.9155887703275614,2,excitatory,11,0503_F3_S,False,14,28.0,neuron,neuronal_or_other,True,False,False,False,False,1,-1.8031347215343971,0.542312240990685,0.5423123107514974,2.950000006277528e-09,False,True,True,True,True,False
2656144900479100024,oligodendrocyte_2,0,oligodendrocyte_progenitor_2,oligodendrocyte_progenitor_2,oligodendrocyte_progenitor_2,0.7130067729248016,0.4780811740687003,0.8079829030534557,0.9539207000847755,0.908171043823288,0.1892565401546667,0.8685750711696144,0.7631889811770174,0.5091217622025064,__MISSING__,__MISSING__,__MISSING__,0328_M2_L,True,7,14.0,glial_non_neuronal,oligodendrocyte_opc,True,True,True,True,False,3,1.1887713275852185,0.03696106342011895,0.022151714885467175,0.08794943388827707,True,False,False,False,False,False
2787445900247100107,oligodendrocyte_precursor_cell,4,microglia,astrocyte_2,microglia,0.5138533810889514,0.333830159045156,1.5980443760889151,0.48671100813544,0.1183809181030917,1.1803306036420547,0.9145504472923994,0.8892733014998524,0.49560940873805465,__MISSING__,__MISSING__,__MISSING__,0503_F4_C,True,12,17.0,glial_non_neuronal,oligodendrocyte_opc,False,True,False,False,False,2,3.397192378683867,0.1763055454124369,0.30690267689136386,0.14306686267829888,True,False,False,False,False,False
2795584800224100042,DH_in_Kcnip2,3,DH_in_Kcnip2,DH_in_Kcnip2,DH_ex_Maf/Cck,0.6589877964491397,0.423322410824659,0.8636438941724045,0.9598781444443586,0.9197562888887173,0.1683312180939508,0.663027941155228,0.5666934392064634,1.3734353675931397,1,inhibitory,9,0610_F3_C,False,19,22.0,neuron,neuronal_or_other,True,False,False,False,False,1,0.6675674494759525,0.9077431965512658,0.974226720379881,0.1283377858271684,False,True,True,True,True,False
2796212800488100197,MV_in_Esrrb,0,MV_in_Esrrb,MV_in_Esrrb,MV_in_Gm26673,0.9999999940999997,0.9999999939999997,1.4175252073536734e-07,1.0,1.0,-0.0,0.5837978161810649,0.34786660717508944,1.2349879621316706,4,inhibitory,14,0613_F3_L,False,18,26.0,neuron,neuronal_or_other,True,False,False,False,False,1,-1.1881671325377234,0.7942684819555341,0.7942685393069556,2.950000006277528e-09,False,True,True,True,True,False
2796212800747100256,oligodendrocyte_1,2,oligodendrocyte_1,oligodendrocyte_1,oligodendrocyte_progenitor_2,0.6049006481958986,0.27015988243914824,0.919583666365033,0.8530137551262514,0.7067676438312077,0.423258763019702,0.5815267688732186,0.26679040044866786,1.1877592603491347,__MISSING__,__MISSING__,__MISSING__,0613_F3_T,True,10,14.0,glial_non_neuronal,oligodendrocyte_opc,True,False,False,False,False,1,0.45449353761718053,0.09456727051781902,0.24364647853540033,0.07100394160179406,False,True,True,True,True,False
2707604000086100300,DH_in_Npy2r,3,DH_in_Npy2r,DH_in_Npy2r,DH_in_Cdh3,0.9272289588138733,0.8755331877320586,0.3057930241282871,0.9996186564170544,0.9992373128341088,0.003383135014376899,0.689362374195853,0.45183870164132856,0.9333447695502933,1,inhibitory,9,0415_M3_L,False,38,77.0,neuron,neuronal_or_other,True,False,False,False,False,1,-0.6483199509276654,0.42745885597407324,0.5624332267443857,0.03617887130158448,False,True,True,True,True,False
2656144900634100045,DH_ex_Gpr83,4,DH_ex_Gpr83,DH_ex_Gpr83,DH_ex_Reln/Npff,0.8002017289678118,0.6004034637356241,0.5001227706143431,0.9959449197033453,0.9918898394066906,0.0263813569015767,0.6509788842918159,0.4816991762302264,1.1638724118705013,1,excitatory,2,0328_M2_L,False,17,39.0,neuron,neuronal_or_other,True,False,False,False,False,1,-0.05054785149403068,0.8578479695362671,0.8850520328875487,0.09528107391985798,False,True,True,True,True,False
2787889600413100187,DH_ex_Maf/Slc17a8,0,DH_ex_Maf/Slc17a8,DH_ex_Maf/Cck,DH_ex_Maf/Cck,0.5389145619741684,0.11306418179997935,0.8339199625109905,0.5335721099292949,0.06931697462662695,0.7048592053354747,0.46031604090996214,0.08802676608988946,1.2199206594572856,1,excitatory,10,0503_M4_T,False,40,83.0,neuron,neuronal_or_other,False,False,True,False,False,2,1.458516512215983,0.07510234476953226,0.08426478726803344,0.019431425447801312,False,False,True,True,False,False
2795584800189100073,DH_in_Npy,0,DH_in_Npy,DH_in_Npy,DM_ex_Zfhx3,0.9995937833952734,0.999187572590547,0.0035782208891026587,0.9999060957954518,0.9998121915909035,0.0009646955888491225,0.24455072798538172,0.08200904327038272,2.502626352344858,1,inhibitory,4,0610_F3_C,False,12,21.0,neuron,neuronal_or_other,True,False,False,False,False,1,-1.9930596199530168,0.9772754510021621,0.9778864837832629,7.584468293710188e-05,False,True,True,True,True,False
2796212800537100149,oligodendrocyte_progenitor_1,2,oligodendrocyte_precursor_cell,oligodendrocyte_precursor_cell,oligodendrocyte_precursor_cell,0.8351860807257715,0.7647095410647249,0.6927854167911814,0.9579994297658703,0.9197755775181671,0.18978166267575428,0.7848916270725894,0.6066041150833515,0.7013864952620009,__MISSING__,__MISSING__,__MISSING__,0613_F5_C,True,19,34.0,glial_non_neuronal,oligodendrocyte_opc,True,True,True,True,False,3,0.17742993914104607,0.040970594619658504,0.054000981065609285,0.04494417586286961,True,False,False,False,False,False
2795103300177200029,DH_ex_Prkcg/Rxfp1,2,DH_ex_Grp,DH_ex_Grp,astrocyte_1,0.7845788070648687,0.5904699054536402,0.5905748499940898,0.8899903263297261,0.780043178444845,0.3470653088157377,0.20699041582726435,0.04766101396684333,2.7047053257093094,1,excitatory,6,0610_M4_C,False,2,3.0,neuron,neuronal_or_other,True,False,False,False,False,1,-0.9293395934155937,0.8849826377403075,0.8904019847438648,0.021286925690493556,True,False,False,False,False,False
2787889600023100290,DM_ex_Zfhx3,2,DM_ex_Zfhx3,DM_ex_Zfhx3,DH_ex_Reln/Nmur2,0.9999999940999997,0.9999999939999997,1.4175252073536737e-07,1.0,1.0,-0.0,0.623054024571457,0.5518390114269075,1.6797514437160845,2,excitatory,11,0503_M5_C,False,7,8.0,neuron,neuronal_or_other,True,False,False,False,False,1,-0.5692320572025795,0.9096731190300231,0.9096731871672659,2.950000006277528e-09,False,True,True,True,True,False
2796212800951100086,oligodendrocyte_progenitor_2,2,oligodendrocyte_progenitor_2,oligodendrocyte_progenitor_2,MV_in_Sema5b,0.8288212035855992,0.7494615354673195,0.6768218494011086,0.9969062577575172,0.9949799107339102,0.02456919560417842,0.39744968064036085,0.16016893553834827,2.042483893876909,__MISSING__,__MISSING__,__MISSING__,0613_F4_C,True,6,9.0,glial_non_neuronal,oligodendrocyte_opc,True,False,False,False,False,1,-1.2992012529058095,0.4863367124732067,0.5543643699800993,0.08305709687841409,False,True,True,True,True,False
2787889600396100089,astrocyte_1,3,astrocyte_1,astrocyte_2,astrocyte_2,0.5343577926749988,0.08313421868655713,0.7832584331533561,0.655205866930113,0.3182931390306788,0.694558124782125,0.8197061982211715,0.6600666950097283,0.5735850427615763,__MISSING__,__MISSING__,__MISSING__,0503_M5_S,True,5,10.0,glial_non_neuronal,astrocyte,False,False,True,False,False,2,2.75373716577415,0.12239566921224836,0.03497332624195294,0.033210281677156804,False,False,True,True,False,False
2656143800393100018,oligodendrocyte_progenitor_2,2,oligodendrocyte_progenitor_2,oligodendrocyte_progenitor_2,oligodendrocyte_1,0.49531378624438105,0.075017602305187,1.0547782203289768,0.5401670280743163,0.08140293493824075,0.699034851637507,0.5060106323221154,0.16976130719047855,1.3663675824253205,__MISSING__,__MISSING__,__MISSING__,0328_M3_L,True,11,18.0,glial_non_neuronal,oligodendrocyte_opc,True,False,False,False,False,1,1.7506610808462173,0.05398426103653109,0.09325221547837986,0.040154129035713415,False,True,True,True,True,False
2796212800554100212,DH_in_Npy2r,2,DH_in_Npy2r,DH_in_Npy2r,DH_in_Cdh3,0.9497803979387978,0.8995608016775958,0.19916146328514034,0.998304519747944,0.996609039495888,0.012510848787436557,0.5612493263305594,0.4107299501797216,1.4306569012952401,1,inhibitory,9,0613_F3_L,False,24,41.0,neuron,neuronal_or_other,True,False,False,False,False,1,-0.810861991042691,0.639046542293651,0.6731088149457887,0.02100590949137251,False,True,True,True,True,False
2787889600056100038,astrocyte_1,1,oligodendrocyte_progenitor_2,oligodendrocyte_progenitor_2,oligodendrocyte_progenitor_2,0.7481812921701169,0.5581776599746879,0.7829889715985023,0.9705512867729263,0.9413001067713312,0.13436139874790937,0.7589909989623171,0.622684049333513,0.9433869660842127,__MISSING__,__MISSING__,__MISSING__,0503_M5_C,True,16,28.0,glial_non_neuronal,astrocyte,True,True,True,True,False,3,0.5532668110568062,0.0492362526488469,0.08801874017512518,0.08812609178867795,True,False,False,False,False,False
2707604700412100030,DH_ex_Prkcg/Cck,4,DH_ex_Prkcg/Nts,DH_ex_Prkcg/Nts,DM_ex_Zfhx3,0.9702087114286202,0.9537109238898902,0.1618450933879983,0.998790436374455,0.9981680100695884,0.010220530023863396,0.2477796967976266,0.028138851476744664,2.2111153929173515,1,excitatory,8,0415_M2_C,False,11,16.0,neuron,neuronal_or_other,True,False,False,False,False,1,-2.0718409106809785,0.5763819102475146,0.5827916416997284,0.01205464288861109,True,False,False,False,False,False
2707604800082100233,DH_in_Npy,0,DH_in_Npy,DH_in_Npy,MV_in_Gabra1,0.9792664344561371,0.9585328747122744,0.1008805693691073,0.9999283814413218,0.9998567628826436,0.0007551547133150969,0.46738241312019724,0.21993403243027254,1.6649283566002588,1,inhibitory,4,0415_M1_L,False,36,63.0,neuron,neuronal_or_other,True,False,False,False,False,1,-1.5018413052210375,0.7230586210850641,0.7739257699697267,0.010135813013153852,False,True,True,True,True,False
2795903600212200113,oligodendrocyte_progenitor_2,4,oligodendrocyte_2,oligodendrocyte_2,oligodendrocyte_2,0.5224896760692952,0.3405037728865642,1.3748702124940517,0.5712179622123856,0.15997927028144454,0.780376928463056,0.5595405730638227,0.30415804092568566,1.4407073786929094,__MISSING__,__MISSING__,__MISSING__,0613_M4_S,True,10,14.0,glial_non_neuronal,oligodendrocyte_opc,True,True,True,True,False,3,1.527202921199171,0.14822446211492402,0.0903185432410759,0.14441984457491436,True,False,False,False,False,False
2945606900000029407,MV_in_Sema5b,0,MV_in_Sema5b,MV_in_Sema5b,oligodendrocyte_progenitor_2,0.9999999940999997,0.9999999939999997,1.4175252073536734e-07,1.0,1.0,-0.0,0.466346301225911,0.23203070881337273,1.4585748081284844,4,inhibitory,15,0328_F1_S,False,9,11.0,neuron,neuronal_or_other,True,False,False,False,False,1,-1.5396602707492575,0.9552958668942976,0.955295932794834,2.950000006277528e-09,False,True,True,True,True,False
2795903600352100050,endothelial,4,astrocyte_1,astrocyte_1,oligodendrocyte_1,0.7019416806558415,0.5387311592169068,1.0060147606532548,0.6433158609756673,0.44805302360111915,1.0213696370610668,0.2960944005452135,0.017901052475713386,2.163251614826162,__MISSING__,__MISSING__,__MISSING__,0613_M5_T,True,7,9.0,glial_non_neuronal,vascular,True,False,False,False,False,1,-0.2680811133616524,0.2065845879534594,0.19762769499246075,0.018313961670001436,True,False,False,False,False,False
2795103300381100107,oligodendrocyte_progenitor_2,1,oligodendrocyte_progenitor_2,oligodendrocyte_progenitor_2,oligodendrocyte_1,0.36025449342318516,0.029303357476701597,1.3674815136663074,0.44235318689656183,0.1510360497915641,1.1534940988660085,0.5064529184358953,0.22193431921756662,1.419637760761755,__MISSING__,__MISSING__,__MISSING__,0610_M5_S,True,5,10.0,glial_non_neuronal,oligodendrocyte_opc,True,False,False,False,False,1,1.8526126665246339,0.05388918108546136,0.08152603091521517,0.022345263403466487,False,True,True,True,True,False
2707737900088200103,oligodendrocyte_progenitor_2,2,oligodendrocyte_precursor_cell,oligodendrocyte_precursor_cell,oligodendrocyte_precursor_cell,0.49664547116880425,0.27598063819761876,1.3951395404934515,0.8116399501425775,0.6476131644663067,0.572549003893812,0.45766300659838405,0.27329981933440917,1.6238561002835439,__MISSING__,__MISSING__,__MISSING__,0415_F1_L,True,24,33.0,glial_non_neuronal,oligodendrocyte_opc,True,True,True,True,False,3,0.5812338916895263,0.07682418735076174,0.19116017740761826,0.12648100213072486,True,False,False,False,False,False
2787445900389100219,DM_ex_Zfhx3,1,DM_ex_Zfhx3,DM_ex_Zfhx3,MV_ex_Syt2,0.9999994547571802,0.9999991187449526,9.057834895812637e-06,1.0,1.0,-0.0,0.6911246438056509,0.5078697547553443,1.0393382277547119,2,excitatory,11,0503_F4_T,False,49,143.0,neuron,neuronal_or_other,True,False,False,False,False,1,-0.7026510638660175,0.6320629098983701,0.6320650139730233,2.726214633945023e-07,False,True,True,True,True,False
2795584800237100067,oligodendrocyte_progenitor_2,4,oligodendrocyte_2,oligodendrocyte_2,oligodendrocyte_2,0.6996145252231635,0.6028238892588955,1.2106578842724685,0.7236071917949374,0.5520271063700151,0.8073426716913246,0.5768366079792273,0.4083978921537429,1.5823851167452294,__MISSING__,__MISSING__,__MISSING__,0610_F3_L,True,6,7.0,glial_non_neuronal,oligodendrocyte_opc,True,True,True,True,False,3,0.5957290634321764,0.07360811526477884,0.07761099578282087,0.05623237122131074,True,False,False,False,False,False
2787445900804100115,DH_ex_Prkcg/Cck,1,DH_ex_Tac2,DH_ex_Tac2,DH_ex_Tac2,0.6590405509983234,0.45751447250341826,0.9171409194585656,0.7041822535375157,0.5715791576105287,0.8965968377794753,0.26034600514460077,0.08703738508966469,2.3138250661640543,1,excitatory,8,0503_M5_C,False,18,34.0,neuron,neuronal_or_other,True,True,True,True,False,3,-0.15806037762426917,0.37612999702916133,0.3667130887474263,0.01035998563147622,True,False,False,False,False,False
2796212800888100161,oligodendrocyte_1,3,astrocyte_1,oligodendrocyte_1,astrocyte_1,0.4609317357683243,0.06128321831594269,1.1842062929609636,0.558212040288923,0.276942675892742,0.9899668606772278,0.2985596110538599,0.020991932617764053,2.0875571869808045,__MISSING__,__MISSING__,__MISSING__,0613_F4_C,True,15,28.0,glial_non_neuronal,oligodendrocyte_opc,False,True,False,False,False,2,0.9357180574903645,0.1319917360152749,0.18080468771204972,0.06820133791133048,False,False,True,False,True,False
2656144900421100091,DM_ex_Zfhx3,2,DM_ex_Zfhx3,DM_ex_Zfhx3,DH_in_Cdh3,0.9999999940999997,0.9999999939999997,1.4175252073536737e-07,1.0,1.0,-0.0,0.19508507512919285,0.027846458352070586,2.766798219752043,2,excitatory,11,0328_M2_T,False,19,31.0,neuron,neuronal_or_other,True,False,False,False,False,1,-2.1592381734811146,0.6540552461723221,0.6540553183418737,2.950000006277528e-09,False,True,True,True,True,False
2656143800266100094,astrocyte_2,0,oligodendrocyte_2,oligodendrocyte_progenitor_2,oligodendrocyte_1,0.888436688969364,0.8259453377185113,0.4966787362228189,0.4156851914505363,0.16992534722173383,1.3066945665874243,0.3919164210088687,0.16315122882380287,1.857321004214493,__MISSING__,__MISSING__,__MISSING__,0328_M3_T,True,6,6.0,glial_non_neuronal,astrocyte,False,False,False,False,True,1,0.210477008739953,0.4334323760662463,0.23318073161559097,0.3901445739282532,True,False,False,False,False,False
2787889600478100002,endothelial,0,oligodendrocyte_progenitor_2,oligodendrocyte_progenitor_2,oligodendrocyte_1,0.6567686552409847,0.36419765030139284,0.8329668795900764,0.5948220150673618,0.19069189666229364,0.6831424852785789,0.49640569765334486,0.049750052497542274,0.9635395410842011,__MISSING__,__MISSING__,__MISSING__,0503_M4_L,True,8,15.0,glial_non_neuronal,vascular,True,False,False,False,False,1,0.6518471534083288,0.04078081458895884,0.03669863669893845,0.03054055379586475,True,False,False,False,False,False
2796212800296100107,DM_ex_Zfhx3,4,DM_ex_Zfhx3,DM_ex_Zfhx3,DH_ex_Prkcg/Nts,0.9999999940999997,0.9999999939999997,1.4175252073536737e-07,1.0,1.0,-0.0,0.1722440289762014,0.06677010359972327,2.780132231084087,2,excitatory,11,0613_F4_S,False,13,18.0,neuron,neuronal_or_other,True,False,False,False,False,1,-2.041128033082259,0.8557344818032672,0.8557345540055141,2.950000006277528e-09,False,True,True,True,True,False
2787445900585100131,astrocyte_1,3,astrocyte_1,astrocyte_1,endothelial,0.7003921972097028,0.4425367351509331,0.7993378901196962,0.8341530610064939,0.6693116360817821,0.4566988414415116,0.6280533821592881,0.3071118539130069,0.9355754742564766,__MISSING__,__MISSING__,__MISSING__,0503_F3_C,True,26,50.0,glial_non_neuronal,astrocyte,True,False,False,False,False,1,0.34257170053144254,0.13502258660196537,0.21233661013617067,0.030650706383950233,False,True,True,True,True,False
2787889600361100054,DH_in_Klhl14,1,DH_in_Cdh3,DH_in_Cdh3,DH_ex_Tac2,0.9873958239284242,0.9747916536568486,0.06765174785683517,0.9916658224079553,0.9833316448159106,0.048198313553296804,0.32770765694345966,0.24802364538399463,2.539177238772423,1,inhibitory,10,0503_M5_S,False,8,33.0,neuron,neuronal_or_other,True,False,False,False,False,1,-1.4129160874806928,0.8947721482920374,0.8955739771794221,0.0003196096837305197,True,False,False,False,False,False
2787889600617100084,MV_in_Gm26673,4,MV_in_Gm26673,MV_in_Gm26673,MV_in_Gabra1,0.986407177154053,0.9728143601081062,0.07192498612423066,0.9999987036289397,0.9999974072578794,1.8869900720695507e-05,0.6570570739785397,0.4863459938183252,1.076545273001347,4,inhibitory,19,0503_M4_S,False,18,25.0,neuron,neuronal_or_other,True,False,False,False,False,1,-0.7192873563985469,0.6488187931862341,0.6492039284240534,0.006821009017127457,False,True,True,True,True,False
2796212800142100201,DH_in_Cdh3,1,DH_in_Cdh3,DH_in_Cdh3,MV_in_Gabra1,0.9856469745557892,0.9712939549115788,0.07516092995448109,0.9941874190838116,0.9883748381676232,0.03571725561380164,0.30202504712505035,0.07311774660068199,2.1792497210366797,1,inhibitory,10,0613_F5_S,False,24,42.0,neuron,neuronal_or_other,True,False,False,False,False,1,-1.9473991524051029,0.5509294219240588,0.5610576915691344,0.0013599494439610622,False,True,True,True,True,False
2795903600321100032,astrocyte_1,1,oligodendrocyte_progenitor_2,oligodendrocyte_progenitor_2,MV_in_Gabra1,0.5817575808296603,0.21277980538223096,0.9143622446716905,0.8197140032334518,0.6605035461492589,0.5555978377196789,0.41775783021168494,0.26827992989199,2.068747266116142,__MISSING__,__MISSING__,__MISSING__,0613_M4_L,True,10,13.0,glial_non_neuronal,astrocyte,True,False,False,False,False,1,0.6535687540245521,0.6363047889902044,0.7072213314585721,0.057955241825369305,True,False,False,False,False,False
2707737900088100010,oligodendrocyte_1,3,astrocyte_1,astrocyte_1,astrocyte_1,0.5119466626912895,0.10538914111627745,0.9776100338646804,0.6757013802465837,0.36848891682313567,0.698359557390043,0.6009529844293924,0.3186639448870748,1.0445773763682793,__MISSING__,__MISSING__,__MISSING__,0415_F1_L,True,17,36.0,glial_non_neuronal,oligodendrocyte_opc,True,True,True,True,False,3,1.57831020762384,0.024690019407362606,0.034393606049283335,0.0321300496469034,True,False,False,False,False,False
2707604800364100083,DM_ex_Zfhx3,0,DM_ex_Zfhx3,DM_ex_Zfhx3,DH_ex_Sox5,0.9999999940999997,0.9999999939999997,1.4175252073536737e-07,1.0,1.0,-0.0,0.502703876311985,0.3539535364832258,1.7332468446530234,2,excitatory,11,0415_M1_C,False,9,16.0,neuron,neuronal_or_other,True,False,False,False,False,1,-1.1696969180804777,0.9258074852107006,0.925807545755581,2.950000006277528e-09,False,True,True,True,True,False
2726544600029100053,MV_in_Sema5b,1,MV_in_Sema5b,MV_in_Sema5b,endothelial,0.9999999940999997,0.9999999939999997,1.4175252073536734e-07,1.0,1.0,-0.0,0.5804484822018523,0.4618404891929084,1.6103042130749334,4,inhibitory,15,0422_F1_C,False,6,11.0,neuron,neuronal_or_other,True,False,False,False,False,1,-0.8423241077830215,0.7271550421664161,0.7271551072971075,2.950000006277528e-09,False,True,True,True,True,False
2945606900000005336,MV_in_Gabra1,0,MV_in_Gabra1,MV_in_Gabra1,MV_ex_Syt2,0.9999212108767932,0.9998488379402797,0.0008532987323788473,1.0,1.0,-0.0,0.5817591109678674,0.43008434204647794,1.4084743984174648,4,inhibitory,16,0328_F1_C,False,33,89.0,neuron,neuronal_or_other,True,False,False,False,False,1,-0.9384145262351595,0.8350367222888327,0.8355217493750824,3.939568112943371e-05,False,True,True,True,True,False
2787889600280100317,DM_ex_Zfhx3,1,DM_ex_Zfhx3,DM_ex_Zfhx3,oligodendrocyte_progenitor_2,0.9999977242800494,0.9999957796943189,3.2859195979228687e-05,1.0,1.0,-0.0,0.32062843914247485,0.06919567274839067,1.8357828069041109,2,excitatory,11,0503_M4_C,False,25,88.0,neuron,neuronal_or_other,True,False,False,False,False,1,-2.0337603265398716,0.5742889884294671,0.5742994148322983,1.1378609089797463e-06,False,True,True,True,True,False
2787445900724100069,DH_ex_Tac2,4,DH_ex_Tac2,DH_ex_Tac2,astrocyte_1,0.664402126815597,0.44203299485291514,0.9010272576709439,0.9623575135484077,0.9281934427423991,0.1722234409543119,0.336880452991627,0.18340487805663266,2.1680021632180484,1,excitatory,8,0503_F3_T,False,14,25.0,neuron,neuronal_or_other,True,False,False,False,False,1,-0.5457302382706318,0.4730856486381064,0.620384532231342,0.13932989991100198,False,True,True,True,True,False
2796212800420100197,oligodendrocyte_2,0,oligodendrocyte_progenitor_2,oligodendrocyte_progenitor_2,oligodendrocyte_1,0.5646944832627621,0.37641582234178816,1.3075781533969493,0.7688981300860179,0.6819788626999774,0.8723781568671598,0.3156658484132579,0.082658869884632,1.9127006594249085,__MISSING__,__MISSING__,__MISSING__,0613_F3_S,True,11,14.0,glial_non_neuronal,oligodendrocyte_opc,True,False,False,False,False,1,-0.24527162454410295,0.13106193586492013,0.23917981052613477,0.06828834171028918,True,False,False,False,False,False
2707604700092200167,DH_ex_Maf/Cck,3,DH_ex_Maf/Cck,DH_ex_Maf/Cck,astrocyte_1,0.7547382943359077,0.5559257512415785,0.7071666208704392,0.6933218252785518,0.45457888934696444,0.7858435832600901,0.22020424221903923,0.06309004665867862,2.5060563112359793,1,excitatory,10,0415_M3_S,False,19,32.0,neuron,neuronal_or_other,True,False,False,False,False,1,-0.17469628641226242,0.579195184864323,0.6204930675195207,0.11766274930706395,False,True,True,True,True,False
2787445900584100022,astrocyte_2,4,endothelial,oligodendrocyte_progenitor_2,endothelial,0.36275101310294117,0.0789090086783582,1.6912129255535722,0.3986955280762228,0.14867611604385617,1.5730670135969913,0.35209620186566004,0.14555831310146905,1.789437223932785,__MISSING__,__MISSING__,__MISSING__,0503_F3_C,True,7,13.0,glial_non_neuronal,astrocyte,False,True,False,False,False,2,1.5367290743971416,0.14157006842291542,0.16818042650361179,0.07570891388343122,True,False,False,False,False,False
2707604800082100263,DM_ex_Zfhx3,0,DM_ex_Zfhx3,DM_ex_Zfhx3,DH_ex_Maf/Cpne4,0.9999999940999997,0.9999999939999997,1.4175252073536737e-07,1.0,1.0,-0.0,0.523904562666917,0.23940574689127236,1.320905834729967,2,excitatory,11,0415_M1_L,False,22,38.0,neuron,neuronal_or_other,True,False,False,False,False,1,-1.5172814113879247,0.942499203965913,0.9424992638732559,2.950000006277528e-09,False,True,True,True,True,False
2707604800055100047,alpha_motoneuron,4,beta_motoneuron,beta_motoneuron,endothelial,0.5514957908362358,0.2829847145900962,0.9899210117967927,0.6684290012089177,0.380940299564175,0.7652468349939194,0.4453565199613409,0.20414310166207297,1.6622088248108158,__MISSING__,__MISSING__,22,0415_M1_S,False,9,15.0,glial_non_neuronal,neuronal_or_other,True,False,False,False,False,1,0.8881348115747124,0.7644963014483243,0.760976277276759,0.036175207996346936,True,False,False,False,False,False
2656144900396100193,MV_in_Sema5b,0,MV_in_Sema5b,MV_in_Sema5b,ependymal,0.9999999940999997,0.9999999939999997,1.4175252073536734e-07,1.0,1.0,-0.0,0.29281269590626935,0.05266113889937679,2.082955506485914,4,inhibitory,15,0328_M2_T,False,7,13.0,neuron,neuronal_or_other,True,False,False,False,False,1,-2.083940359395425,0.6166826487532935,0.616682719715931,2.950000006277528e-09,False,True,True,True,True,False
2787889600353100141,oligodendrocyte_progenitor_2,0,oligodendrocyte_2,oligodendrocyte_progenitor_2,oligodendrocyte_2,0.983120447227994,0.9720463324982861,0.10300503305612432,0.9492026399951596,0.898719990938092,0.2034869180628209,0.7724507301312085,0.5694177424900285,0.6665145342687218,__MISSING__,__MISSING__,__MISSING__,0503_M4_C,True,13,23.0,glial_non_neuronal,oligodendrocyte_opc,False,True,False,False,False,2,-0.26482426439430373,0.09631717844717229,0.4750516644227724,0.8103574675470517,False,False,True,False,True,False
2787445900285100291,DM_ex_Zfhx3,4,DM_ex_Zfhx3,DM_ex_Zfhx3,DH_ex_Sox5/Tac1,0.999997068841705,0.9999955305362059,4.370097679790863e-05,1.0,1.0,-0.0,0.9706218437611319,0.9551221683973001,0.17842051813521084,2,excitatory,11,0503_F4_C,False,60,274.0,neuron,neuronal_or_other,True,False,False,False,False,1,0.6545007415468429,0.9421308199753382,0.9421440784189046,1.4655806966630382e-06,False,True,True,True,True,False
2795903600300100098,DH_ex_Prkcg/Rxfp1,3,DH_ex_Prkcg/Rxfp1,DH_ex_Prkcg/Rxfp1,DH_ex_Prkcg/Cck,0.8886720547613598,0.7794354399003357,0.3596667854999473,0.9985846921335277,0.9972203379808755,0.010918708021887847,0.2812320266251716,0.05569092031995773,2.276017138365162,1,excitatory,6,0613_M5_T,False,13,16.0,neuron,neuronal_or_other,True,False,False,False,False,1,-1.674340698646812,0.5487720088780406,0.5741593160171469,0.05320419716418028,False,True,True,True,True,False
2787889600315100224,astrocyte_1,1,astrocyte_1,astrocyte_1,M_in_Tfap2b,0.8773856670431414,0.8468626631894721,0.6124204098174335,0.999898198561481,0.9998685757420542,0.0012488886276888378,0.7086116741460979,0.46600994409344315,0.8380907937343894,__MISSING__,__MISSING__,__MISSING__,0503_M4_C,True,19,37.0,glial_non_neuronal,astrocyte,True,False,False,False,False,1,-0.5552411353854212,0.5610296027284486,0.5570996941325181,0.06368021065751715,False,True,True,True,True,False
2795103300185100075,meninges_2,3,meninges_1,meninges_1,meninges_1,0.7126812945946651,0.5062638466478306,0.8165024877910882,0.9344076702808766,0.8689531643280116,0.24330629919274477,0.5794271878506462,0.18287804604694563,0.781027463333369,__MISSING__,__MISSING__,__MISSING__,0610_M4_C,True,6,80.0,glial_non_neuronal,meningeal,True,True,True,True,False,3,-0.544745284885539,0.041889114743826776,0.13706049017803015,0.07844210279005033,True,False,False,False,False,False
2707604000097200040,meninges_2,0,meninges_2,meninges_2,meninges_1,0.5342228146886476,0.2777858913411227,1.3807193763182202,0.7104988499785854,0.4409194744866172,0.697494066122849,0.6444266907800957,0.3253852677723825,0.787789896407042,__MISSING__,__MISSING__,__MISSING__,0415_M3_L,True,9,29.0,glial_non_neuronal,meningeal,True,False,False,False,False,1,1.1462942961380578,0.1712619219973389,0.11764647350215786,0.0884857621476547,False,True,True,True,True,False
2787445900859100030,oligodendrocyte_progenitor_2,4,oligodendrocyte_progenitor_2,oligodendrocyte_progenitor_2,oligodendrocyte_2,0.8407693246509109,0.7583321795587317,0.6867899861843323,0.9411316552446318,0.8888759292599729,0.25133551940122356,0.5057014318833268,0.032060946452642236,0.8099709189474809,__MISSING__,__MISSING__,__MISSING__,0503_F3_S,True,10,14.0,glial_non_neuronal,oligodendrocyte_opc,True,False,False,False,False,1,-1.4932201337251751,0.18725884218062797,0.21895818358179048,0.03448984513597429,False,True,True,True,True,False
2656144900352100066,pericyte,3,endothelial,endothelial,endothelial,0.9206852318578104,0.8977466023804285,0.4267723861443441,0.9965748983082889,0.9942066690892781,0.025722642500165527,0.917904337225697,0.8641947517772273,0.40500257232046843,__MISSING__,__MISSING__,__MISSING__,0328_M1_T,True,7,9.0,glial_non_neuronal,vascular,True,True,True,True,False,3,0.5731505657179692,0.019585882506652098,0.034396945065495885,0.034135208809595544,True,False,False,False,False,False
2656144900264100101,oligodendrocyte_progenitor_2,3,oligodendrocyte_progenitor_2,oligodendrocyte_progenitor_2,oligodendrocyte_1,0.5561903295679685,0.28009213987720116,1.3295000739226361,0.5836763385523871,0.1899686080374245,0.7930968223303771,0.46004645126392774,0.3004653477684643,1.7545126958985324,__MISSING__,__MISSING__,__MISSING__,0328_M2_C,True,8,16.0,glial_non_neuronal,oligodendrocyte_opc,True,False,False,False,False,1,1.5646334985743615,0.26021257139647663,0.28054053083433544,0.059167382298131885,False,True,True,True,True,False
2726544200050100115,oligodendrocyte_1,2,oligodendrocyte_progenitor_2,oligodendrocyte_progenitor_2,oligodendrocyte_progenitor_2,0.5911621556052397,0.21043976140307635,0.8177245343966104,0.5805305051795485,0.1614783629891307,0.6842574155643643,0.5491079456477616,0.11112527673189287,0.783995115986444,__MISSING__,__MISSING__,__MISSING__,0422_M1_C,True,5,14.0,glial_non_neuronal,oligodendrocyte_opc,True,True,True,True,False,3,1.1713486203307848,0.013028220332414462,0.005968760578419504,0.013753979952405685,True,False,False,False,False,False
2707604700248200139,oligodendrocyte_progenitor_2,1,astrocyte_1,astrocyte_1,astrocyte_1,0.5131780488605985,0.08255464289970599,0.948368206761753,0.5660894992635859,0.1556278569808588,0.7771481099368499,0.9516832705301463,0.9220718530993176,0.2614956773497599,__MISSING__,__MISSING__,__MISSING__,0415_M2_T,True,29,116.0,glial_non_neuronal,oligodendrocyte_opc,True,True,True,True,False,3,3.8726616291860747,0.21557109768843508,0.183168322457593,0.012038504340214386,True,False,False,False,False,False
2787445900597100077,MV_in_Sema5b,2,MV_in_Sema5b,MV_in_Sema5b,oligodendrocyte_progenitor_2,0.9999999940999997,0.9999999939999997,1.4175252073536734e-07,1.0,1.0,-0.0,0.405795524616445,0.07835809039171077,1.7284077381006937,4,inhibitory,15,0503_F4_S,False,8,10.0,neuron,neuronal_or_other,True,False,False,False,False,1,-2.005965377112254,0.4650721647975485,0.4650722356032607,2.950000006277528e-09,False,True,True,True,True,False
2707604700085100132,oligodendrocyte_progenitor_2,2,oligodendrocyte_2,oligodendrocyte_2,oligodendrocyte_2,0.7471390241253099,0.5278783269409044,0.7275040206574199,0.6263590097795808,0.25413045563970404,0.6719691115625334,0.8503912088764959,0.7163297041583994,0.5054444867913005,__MISSING__,__MISSING__,__MISSING__,0415_M2_L,True,10,13.0,glial_non_neuronal,oligodendrocyte_opc,True,True,True,True,False,3,2.2555613980950424,0.01645923929094274,0.059735343476876625,0.0322268262940607,True,False,False,False,False,False
2656144900191100250,DH_in_Cdh3,3,DH_in_Cdh3,DH_in_Cdh3,DH_in_Npy2r,0.9763599934522842,0.9527199927045688,0.11188591756831796,0.9999926973696732,0.9999853947393464,9.367282774138564e-05,0.629912634586133,0.3200203318697711,0.9790965588051289,1,inhibitory,10,0328_M1_C,False,14,22.0,neuron,neuronal_or_other,True,False,False,False,False,1,-1.1879870242362778,0.47637216846362257,0.4830088125711268,0.011877736323558428,False,True,True,True,True,False
2796212800430100188,MV_in_Sema5b,0,MV_in_Sema5b,MV_in_Sema5b,astrocyte_1,0.9074418923501762,0.8389386396845973,0.361519351731785,1.0,1.0,-0.0,0.419008320595771,0.2391088967823384,2.20054725403928,4,inhibitory,15,0613_F4_L,False,23,41.0,neuron,neuronal_or_other,True,False,False,False,False,1,-1.229825050106125,0.9497777110505149,0.9846586627317063,0.04789960491467392,False,True,True,True,True,False
2795584800447100149,DH_in_Cdh3,3,DH_in_Cdh3,DH_in_Cdh3,astrocyte_1,0.9426350817138868,0.8852701692277739,0.219654704905176,0.9991977905447745,0.9983955810895491,0.006520149561585491,0.6230139533144349,0.4182914730946041,1.3725963646420696,1,inhibitory,10,0610_F4_T,False,15,19.0,neuron,neuronal_or_other,True,False,False,False,False,1,-0.7658778588175483,0.9768655344258235,0.9793639624144064,0.02662436686837358,False,True,True,True,True,False
2707604000085100206,DH_ex_Maf/Cck,4,DH_ex_Maf/Cck,DH_ex_Maf/Cck,DH_in_Cdh3,0.8763859541592418,0.8078260651399332,0.4967106410948563,0.9991658630724677,0.9986831180123553,0.007546098142119892,0.2864162332003304,0.04192940147389884,2.389984822772865,1,excitatory,10,0415_M3_L,False,20,31.0,neuron,neuronal_or_other,True,False,False,False,False,1,-1.7698313675289479,0.4689884414120199,0.5518974855887258,0.06176045998803612,False,True,True,True,True,False
2787445900663100025,meninges_2,2,meninges_2,meninges_2,meninges_1,0.5996179329410257,0.20692308996328873,0.713536063618716,0.7556610062614881,0.511772802994557,0.5600083142399337,0.5801629552340228,0.1660217111029227,0.7142022833951858,__MISSING__,__MISSING__,__MISSING__,0503_F3_C,True,6,118.0,glial_non_neuronal,meningeal,True,False,False,False,False,1,0.64896105354034,0.025825861182773593,0.0895932762805172,0.022267253198209366,False,True,True,True,True,False
2707737900007100164,oligodendrocyte_progenitor_2,1,oligodendrocyte_2,oligodendrocyte_progenitor_2,oligodendrocyte_2,0.8229323494737376,0.6877860747526063,0.6285768233103483,0.5210548123558434,0.0440225082584792,0.7070201843880463,0.8941954881587355,0.8029100655172946,0.40799079841453145,__MISSING__,__MISSING__,__MISSING__,0415_F1_S,True,7,10.0,glial_non_neuronal,oligodendrocyte_opc,False,True,False,False,False,2,2.649010249670803,0.01396915276120501,0.1712932178290476,0.13872294411258992,False,False,True,False,True,False
2787889600583100024,M_ex_Vsx2/Shox2,4,M_ex_Vsx2/Shox2,M_ex_Vsx2/Shox2,MV_ex_Shox2,0.8139092699014088,0.6278185456028177,0.4805046991743988,0.9999975579426632,0.9999951158853264,3.399995471412024e-05,0.6215887486953657,0.40185123629501374,1.092606042196159,3,excitatory,20,0503_M4_S,False,18,25.0,neuron,neuronal_or_other,True,False,False,False,False,1,-0.3580089556309509,0.5976242684409274,0.5850254007481758,0.09992268593483128,False,True,True,True,True,False
2795903600301100217,DH_ex_Maf/Cck,2,DH_ex_Maf/Cck,DH_ex_Maf/Cck,endothelial,0.5351026314916938,0.23354531518270605,1.0646896713012037,0.8130725209372225,0.6626650525538145,0.5986136392744529,0.8375533219004249,0.8018384914772174,0.8263517470598956,1,excitatory,10,0613_M5_T,False,15,16.0,neuron,neuronal_or_other,True,False,False,False,False,1,2.231134231688339,0.9895651071762268,0.9905784859633078,0.07400672444611645,False,True,True,True,True,False
2656144300125100181,DH_ex_Maf/Cck,1,DH_ex_Maf/Cck,DH_ex_Maf/Cck,astrocyte_1,0.9324648911290098,0.8686373804176952,0.2641501143918409,0.9909063703397444,0.9851910620597949,0.05919335595886316,0.902427991158628,0.8824541917722434,0.5922988711625319,1,excitatory,10,0328_F2_T,False,11,14.0,neuron,neuronal_or_other,True,False,False,False,False,1,0.6985670903296439,0.9710296273725986,0.9726043992842889,0.026459018812612343,False,True,True,True,True,False
2946331700000017314,DH_ex_Reln/Nmur2,1,DH_ex_Reln/Nmur2,DH_ex_Reln/Nmur2,oligodendrocyte_progenitor_2,0.9585022781257851,0.9170045620515705,0.17267524436053316,0.9904817598029636,0.9809635196059271,0.053775877518719664,0.9599498196435334,0.9542966191671114,0.2911228779889395,1,excitatory,3,0415_F2_L,False,10,18.0,neuron,neuronal_or_other,True,False,False,False,False,1,0.8383625100849664,0.9881614379226225,0.9884555699157999,0.007988361770748888,False,True,True,True,True,False
2656144900561100195,DH_ex_Gpr83,2,DH_ex_Gpr83,DH_ex_Gpr83,DH_ex_Sox5,0.8186180160315375,0.6372360378630755,0.4734827272679537,0.9674416450785257,0.9348832901570514,0.14352577435316646,0.5535848568603432,0.4062378436282005,1.6268256538010473,1,excitatory,2,0328_M1_L,False,10,26.0,neuron,neuronal_or_other,True,False,False,False,False,1,-0.23232541597887418,0.7944046920563335,0.8085644688926245,0.04563142487402273,False,True,True,True,True,False
2945606900000016575,DH_in_Cdh3,4,DH_in_Cdh3,DH_in_Cdh3,M_in_Tfap2b,0.9632770292956656,0.9265540643913316,0.1573860452866605,0.9997894236872674,0.9995788473745348,0.0019932221213846,0.8510904553731146,0.7839204662541037,0.7261831095253052,1,inhibitory,10,0328_F1_T,False,23,37.0,neuron,neuronal_or_other,True,False,False,False,False,1,0.26732753257055286,0.8038670643243169,0.8183835213761874,0.017775398310427227,False,True,True,True,True,False
2795103300156100192,DM_ex_Zfhx3,1,DM_ex_Zfhx3,DM_ex_Zfhx3,DH_ex_Sox5,0.9999999940999997,0.9999999939999997,1.4175252073536737e-07,1.0,1.0,-0.0,0.23450833447003702,0.10731080335580181,2.5833402536576355,2,excitatory,11,0610_M4_T,False,9,11.0,neuron,neuronal_or_other,True,False,False,False,False,1,-1.9181110928755338,0.71344641724955,0.7134464880850458,2.950000006277528e-09,False,True,True,True,True,False
2796212800585100050,oligodendrocyte_progenitor_2,3,oligodendrocyte_1,oligodendrocyte_1,meninges_3,0.6306645948657846,0.43117005024386135,1.1245318873974395,0.9202300469955208,0.8406736887521125,0.28022893663960086,0.3354242739556619,0.08784104739446663,1.5934758112854193,__MISSING__,__MISSING__,__MISSING__,0613_F3_L,True,4,23.0,glial_non_neuronal,oligodendrocyte_opc,True,False,False,False,False,1,-0.6425526196483007,0.21627598787653576,0.47057713178887156,0.12293653314566393,True,False,False,False,False,False
2946331700000015027,MV_in_Gm26673,4,MV_in_Gm26673,MV_in_Gm26673,M_in_Tfap2b,0.9945293987334086,0.9890588032668174,0.03394861703463182,0.999997122970983,0.9999942459419658,3.958432571915834e-05,0.4822177511201472,0.04219209706244004,1.0258167668528044,4,inhibitory,19,0415_F2_S,False,38,90.0,neuron,neuronal_or_other,True,False,False,False,False,1,-2.0961076375759964,0.361282545739341,0.36062432243220244,0.0027243998211660654,False,True,True,True,True,False
2796212800429100245,endothelial,0,oligodendrocyte_1,oligodendrocyte_1,oligodendrocyte_1,0.6105326228513135,0.3177770785588769,1.038784589924305,0.7937190716300678,0.6308997597702304,0.6393480363379824,0.5054592826459701,0.25576007121067934,1.7016124906959453,__MISSING__,__MISSING__,__MISSING__,0613_F4_L,True,7,11.0,glial_non_neuronal,vascular,True,True,True,True,False,3,0.4863533154697839,0.0830442622141932,0.11669964658883174,0.04424021492916837,True,False,False,False,False,False
2787889600162100053,astrocyte_2,4,oligodendrocyte_2,oligodendrocyte_2,oligodendrocyte_2,0.6192284010834411,0.44016402484582073,1.2177755110729087,0.969923913080213,0.9504754436713176,0.15902535776804977,0.33326895748122165,0.01935192750072179,1.3693771086463753,__MISSING__,__MISSING__,__MISSING__,0503_M5_C,True,17,21.0,glial_non_neuronal,astrocyte,True,True,True,True,False,3,-1.0844125099896218,0.09446196481389339,0.37889065037428526,0.16066557474488574,True,False,False,False,False,False
2787445900586100104,MV_ex_Syt2,3,MV_ex_Syt2,MV_ex_Syt2,M_in_Tfap2b,0.9999999940999997,0.9999999939999997,1.4175252073536734e-07,1.0,1.0,-0.0,0.8378808901350255,0.7939010248081108,0.813726538658657,4,excitatory,14,0503_F3_C,False,26,40.0,neuron,neuronal_or_other,True,False,False,False,False,1,0.16528235437884042,0.8779508405998371,0.877950905028395,2.950000006277528e-09,False,True,True,True,True,False
2707737900099100232,astrocyte_1,3,astrocyte_1,oligodendrocyte_progenitor_2,astrocyte_2,0.4546023901828534,0.17325612560934922,1.360941698824229,0.5764793565988511,0.19488925313151734,0.8585115919905295,0.4316625727063382,0.10725331201352728,1.3672091855098796,__MISSING__,__MISSING__,__MISSING__,0415_F1_L,True,6,6.0,glial_non_neuronal,astrocyte,False,False,False,False,True,1,1.1598577651584434,0.1977696917334448,0.347303294649827,0.10676775378183197,False,False,True,True,False,False
2726562700214100153,DH_ex_Rreb1,2,DH_ex_Maf/Cck,DH_ex_Maf/Cck,astrocyte_1,0.8832490601347092,0.8189422723841459,0.46900991342411485,0.79318161977678,0.6200161602223555,0.6044548106847052,0.6170164562645766,0.523605762503887,1.6237066463217067,1,excitatory,10,0422_F2_L,False,7,10.0,neuron,neuronal_or_other,True,False,False,False,False,1,0.42344356120363547,0.9359098799223693,0.9351874784214965,0.04241364753561285,True,False,False,False,False,False
2707737900114100047,peripheral_glia,2,Schwann_cell,Schwann_cell,Schwann_cell,0.8900560913831465,0.851542060058804,0.5509111187765728,0.9969672175148849,0.9940987624501186,0.021448884274551966,0.7926731918764425,0.5866097845542364,0.5202775082063689,__MISSING__,__MISSING__,__MISSING__,0415_F1_L,True,10,46.0,glial_non_neuronal,remaining_glial_non_neuronal,True,True,True,True,False,3,-0.18621816683934564,0.11004948838270803,0.10241858554710231,0.051681575205355046,True,False,False,False,False,False
2656144900314100047,DH_ex_Reln/Npff,1,DH_ex_Reln/Npff,DH_ex_Reln/Npff,DH_ex_Reln/Nmur2,0.9999999940999997,0.9999999939999997,1.4175252073536737e-07,1.0,1.0,-0.0,0.42853149712724165,0.0975127407614575,1.5791304103856003,1,excitatory,1,0328_M2_C,False,13,34.0,neuron,neuronal_or_other,True,False,False,False,False,1,-1.9478423922256265,0.4614667968549541,0.4614668541264431,2.950000006277527e-09,False,True,True,True,True,False
2707604700343100054,MV_in_Sema5b,3,MV_in_Sema5b,MV_in_Sema5b,DH_ex_Prkcg/Rxfp1,0.9999999940999997,0.9999999939999997,1.4175252073536734e-07,1.0,1.0,-0.0,0.20298387195456036,0.008007873830756546,2.403041691589315,4,inhibitory,15,0415_M2_C,False,10,22.0,neuron,neuronal_or_other,True,False,False,False,False,1,-2.219436492220757,0.6627789799797168,0.662779048447454,2.950000006277528e-09,False,True,True,True,True,False
2795584800585100121,MV_in_Sema5b,0,MV_in_Sema5b,MV_in_Sema5b,MV_in_Gm26673,0.9999999940999997,0.9999999939999997,1.4175252073536734e-07,1.0,1.0,-0.0,0.7299883221953944,0.5985313924972984,0.9563295611357457,4,inhibitory,15,0610_F5_C,False,19,44.0,neuron,neuronal_or_other,True,False,False,False,False,1,-0.4275484186663532,0.8535735343966917,0.8535735884458682,2.950000006277528e-09,False,True,True,True,True,False
2726562700199100135,oligodendrocyte_progenitor_2,3,oligodendrocyte_1,oligodendrocyte_1,DH_in_Rorb,0.7240050396138693,0.512496154663147,0.8223280608066815,0.8978004005371794,0.8557931968640495,0.46833875788708146,0.903326797107604,0.8879004014563757,0.5920408532314342,__MISSING__,__MISSING__,__MISSING__,0422_F2_T,True,6,8.0,glial_non_neuronal,oligodendrocyte_opc,True,False,False,False,False,1,1.6095404933551465,0.9270111600605648,0.931206076935211,0.07681733246389438,True,False,False,False,False,False
2795903600411100106,DH_ex_Reln/Nmur2,2,DH_ex_Reln/Nmur2,DH_ex_Reln/Nmur2,DH_in_Cdh3,0.9753657679176704,0.9507315416353411,0.11556419622325442,0.9997608524509869,0.9995217049019738,0.0022332340090068133,0.4645281264202884,0.3354356411652655,1.9650626926105499,1,excitatory,3,0613_M5_C,False,11,12.0,neuron,neuronal_or_other,True,False,False,False,False,1,-1.1367303552329,0.8090807913703214,0.8083893552755683,0.011572478770913964,False,True,True,True,True,False
2795584800138100282,DH_in_Npy,1,DH_in_Npy,DH_in_Npy,DH_ex_Reln/Nmur2,0.9960676962965304,0.992135398393061,0.02570385067409709,0.999988345510157,0.9999766910203141,0.00014404731775794017,0.40550243583708717,0.33775934405183816,2.4082400175588727,1,inhibitory,4,0610_F3_S,False,8,13.0,neuron,neuronal_or_other,True,False,False,False,False,1,-1.2047099842018476,0.8080836681938731,0.8178870634999802,0.001917398037666838,False,True,True,True,True,False
2726544600455100090,DH_in_Rorb,4,DH_in_Rorb,DH_in_Rorb,DH_in_Cdh3,0.9999999940999997,0.9999999939999997,1.4175252073536737e-07,1.0,1.0,-0.0,0.18252602432380596,0.02000347303441824,2.4872322853436284,1,inhibitory,7,0422_F1_L,False,12,23.0,neuron,neuronal_or_other,True,False,False,False,False,1,-2.1830369747269955,0.7111895499237114,0.7111896197142278,2.950000006277528e-09,False,True,True,True,True,False
2795584800450100164,oligodendrocyte_progenitor_1,3,oligodendrocyte_precursor_cell,oligodendrocyte_precursor_cell,oligodendrocyte_precursor_cell,0.7482546349545306,0.635461851271708,0.9408124566302682,0.8889171188644263,0.8160281139483255,0.45133106081784036,0.6004960518911395,0.34924677173788543,1.2935146389136138,__MISSING__,__MISSING__,__MISSING__,0610_F4_T,True,16,26.0,glial_non_neuronal,oligodendrocyte_opc,True,True,True,True,False,3,-0.16618019287359725,0.22520594426536322,0.2082428875109303,0.03596443694347647,True,False,False,False,False,False
2795584800122100072,DH_ex_Prkcg/Nts,0,DH_ex_Prkcg/Nts,DH_ex_Prkcg/Nts,DH_in_Cdh3,0.5339864159856933,0.18327520979182005,1.0143670668060478,0.6706318303413832,0.38317932392184123,0.7695527933212527,0.33619505197043326,0.19322434721210055,2.2285423812458163,1,excitatory,8,0610_F3_T,False,11,12.0,neuron,neuronal_or_other,True,False,False,False,False,1,1.0290743670078164,0.9648403361824776,0.9654659415248843,0.02310576446138419,False,True,True,True,True,False
2795903600670100217,DH_ex_Reln/Nmur2,0,DH_ex_Reln/Nmur2,DH_ex_Reln/Nmur2,DH_ex_Nmu/Tac2,0.8994430034004911,0.7988860126009826,0.32630522528855793,0.9712766768854294,0.9425533537708588,0.1302759147188233,0.7330804204869236,0.5507452681877378,0.928431293530602,1,excitatory,3,0613_M4_C,False,14,31.0,neuron,neuronal_or_other,True,False,False,False,False,1,-0.09846567693118273,0.9025495611583368,0.9074587928344393,0.0162420584888635,False,True,True,True,True,False
2707737900096100070,meninges_2,4,meninges_2,meninges_2,endothelial,0.684233573514759,0.548639209648212,1.128145385860686,0.9834565127899474,0.9718383729882928,0.09456259562258273,0.6587328910862487,0.4156516690022184,1.003625505119688,__MISSING__,__MISSING__,__MISSING__,0415_F1_L,True,7,9.0,glial_non_neuronal,meningeal,True,False,False,False,False,1,-0.11848837160836007,0.47001840058696664,0.8576504481295457,0.14360322230211647,False,True,True,True,True,False
2787445900208100084,oligodendrocyte_1,3,oligodendrocyte_progenitor_2,oligodendrocyte_progenitor_2,oligodendrocyte_progenitor_2,0.7714184370643284,0.5571412086334537,0.6158625236962689,0.7212893544738601,0.4427844378688726,0.5940118260102414,0.7327089360636261,0.46892969956007235,0.6092041727471899,__MISSING__,__MISSING__,__MISSING__,0503_F5_C,True,10,69.0,glial_non_neuronal,oligodendrocyte_opc,True,True,True,True,False,3,1.0780194035577364,0.008213545777500893,0.0015597801618246953,0.01039748701790275,True,False,False,False,False,False
2656144900235100278,DH_ex_Grpr,4,DH_ex_Gpr83,DH_ex_Gpr83,DM_ex_Zfhx3,0.7956649521792868,0.5913299101585741,0.5063537935691675,0.9970073508776269,0.9940147017552539,0.020380235210355084,0.29001183828384924,0.13410315088303354,2.452445866767919,1,excitatory,2,0328_M2_C,False,11,15.0,neuron,neuronal_or_other,True,False,False,False,False,1,-1.0932678175440402,0.5326946875461375,0.660166419445655,0.10054508229694668,True,False,False,False,False,False
2795903600381100038,oligodendrocyte_1,2,oligodendrocyte_2,oligodendrocyte_2,astrocyte_2,0.3566970709877997,0.07123060045527063,1.623942832031286,0.4434475754737107,0.009067503368858698,1.1089990743023248,0.36350060605988943,0.19505709831119325,1.9186516661000073,__MISSING__,__MISSING__,__MISSING__,0613_M5_T,True,14,17.0,glial_non_neuronal,oligodendrocyte_opc,True,False,False,False,False,1,1.9777696718783246,0.24124920062344032,0.4042177255925116,0.09797698433202386,True,False,False,False,False,False
2707604700366100244,oligodendrocyte_2,4,oligodendrocyte_2,oligodendrocyte_2,oligodendrocyte_progenitor_2,0.6237249219644964,0.40736214524502534,1.0431256065930885,0.8176379019774398,0.7100005435063292,0.6181001540099318,0.3430535208298093,0.041013074220364654,1.6185043394045289,__MISSING__,__MISSING__,__MISSING__,0415_M2_C,True,9,12.0,glial_non_neuronal,oligodendrocyte_opc,True,False,False,False,False,1,-0.4826640199388904,0.15529469156438416,0.2865351889952596,0.05040623176979884,False,True,True,True,True,False
2726544600431100029,astrocyte_1,1,oligodendrocyte_1,oligodendrocyte_1,DH_in_Rorb,0.5716040609680123,0.3577991328789064,1.4391555562998632,0.9127244463498262,0.8514870765877104,0.3711641042427278,0.18320586611007644,0.057989650535846066,2.7516074652039086,__MISSING__,__MISSING__,__MISSING__,0422_F1_L,True,9,9.0,glial_non_neuronal,astrocyte,True,False,False,False,False,1,-0.6232361598866831,0.5954826700190191,0.6698079118747292,0.13995524113727914,True,False,False,False,False,False
2787889600092100123,MV_ex_Syt2,0,MV_ex_Syt2,MV_ex_Syt2,astrocyte_1,0.9999999922813542,0.9999999913037504,1.8112055802405085e-07,1.0,1.0,-0.0,0.41394057995162614,0.13053084623601652,1.7467637935648088,4,excitatory,14,0503_M5_C,False,37,81.0,neuron,neuronal_or_other,True,False,False,False,False,1,-1.8476520519739372,0.5112311724831377,0.5112312585761886,3.859322898681737e-09,False,True,True,True,True,False
2795103300154100196,MV_in_Gabra1,0,MV_in_Gabra1,MV_in_Gabra1,astrocyte_1,0.9999999940999997,0.9999999939999997,1.4175252073536734e-07,1.0,1.0,-0.0,0.3830742663594697,0.26986291556336084,2.3447737268153164,4,inhibitory,16,0610_M4_T,False,8,12.0,neuron,neuronal_or_other,True,False,False,False,False,1,-1.4248619978123442,0.8154183064949224,0.8154183804188488,2.950000006277528e-09,False,True,True,True,True,False
2795903600243100183,oligodendrocyte_progenitor_2,4,astrocyte_1,astrocyte_1,oligodendrocyte_1,0.47460945349795985,0.3502143981263177,1.746360432982638,0.6377408367086301,0.46652186206154844,1.1616359674118477,0.29150442548857364,0.12247762976574858,2.2855596782671848,__MISSING__,__MISSING__,__MISSING__,0613_M4_L,True,6,9.0,glial_non_neuronal,oligodendrocyte_opc,True,False,False,False,False,1,0.35010193567084735,0.23231426919486403,0.32884309989079097,0.10830215530116011,True,False,False,False,False,False
2707604700225200059,oligodendrocyte_progenitor_2,4,oligodendrocyte_1,oligodendrocyte_1,oligodendrocyte_1,0.6233477335600162,0.4071920840741939,1.0125658973316942,0.7242861506959558,0.45232039341860963,0.6127849730211128,0.558119025333993,0.3294699983967928,1.2469891009511003,__MISSING__,__MISSING__,__MISSING__,0415_M2_T,True,11,20.0,glial_non_neuronal,oligodendrocyte_opc,True,True,True,True,False,3,0.9043774464529903,0.018522192883519462,0.10656147397456282,0.07891197220405596,True,False,False,False,False,False
2795103300119100071,MV_in_Gm26673,2,MV_in_Gm26673,MV_in_Gm26673,MV_ex_Syt2,0.9530607147402875,0.9061214352805753,0.18940269993534375,0.9986533077968693,0.9973066155937387,0.010247560407559914,0.25021266079766336,0.04515425050013497,2.614451810162074,4,inhibitory,19,0610_M4_T,False,16,21.0,neuron,neuronal_or_other,True,False,False,False,False,1,-1.9332974780986691,0.9674473993493867,0.9762747739031327,0.020092167915127735,False,True,True,True,True,False
2787889600481100017,oligodendrocyte_progenitor_2,4,oligodendrocyte_1,oligodendrocyte_progenitor_2,oligodendrocyte_1,0.5386483679522631,0.15972345027059215,1.0120302095650828,0.5931025271350328,0.19538327428798163,0.7244467849248949,0.5806017193189567,0.29713869342451865,1.1796246581278074,__MISSING__,__MISSING__,__MISSING__,0503_M4_L,True,10,14.0,glial_non_neuronal,oligodendrocyte_opc,False,True,False,False,False,2,1.7592948686506436,0.020671457086473905,0.1060387276203828,0.051562507519093026,False,False,True,False,True,False
2795903600490100127,DH_in_Cdh3,2,DH_in_Cdh3,DH_in_Cdh3,MV_in_Gabra1,0.9615053202444301,0.9230106462888605,0.16313041281696192,0.9897069025686517,0.9794138051373034,0.05734405484362662,0.38299895245178556,0.28872835016542453,2.3231668789490514,1,inhibitory,10,0613_M5_C,False,15,20.0,neuron,neuronal_or_other,True,False,False,False,False,1,-1.1889189658940953,0.7437219486439136,0.7549558749869604,0.006407807692301816,False,True,True,True,True,False
2795584800086100203,oligodendrocyte_1,1,oligodendrocyte_progenitor_2,oligodendrocyte_progenitor_2,oligodendrocyte_progenitor_2,0.7908402459737545,0.6097618328596208,0.6318436409641064,0.831433288700661,0.6629353501477661,0.454361878750587,0.7105211314001969,0.4284223359532194,0.6506089312580365,__MISSING__,__MISSING__,__MISSING__,0610_F3_T,True,11,38.0,glial_non_neuronal,oligodendrocyte_opc,True,True,True,True,False,3,0.4239401329917859,0.01624892331133067,0.017335634642911223,0.01433228620493299,True,False,False,False,False,False
2656144900195200088,meninges_2,4,meninges_1,meninges_1,meninges_1,0.7992327622703514,0.6690056055612126,0.7213974975392553,0.9972558770977052,0.994737078302493,0.01988134792645268,0.5802108227931186,0.18716800241323772,0.7857128034920587,__MISSING__,__MISSING__,__MISSING__,0328_M1_C,True,8,72.0,glial_non_neuronal,meningeal,True,True,True,True,False,3,-1.0727484136812913,0.09460904183575602,0.2396170942482948,0.09976579635653413,True,False,False,False,False,False
2796212800716100115,DH_in_Klhl14,3,DH_in_Cdh3,DH_in_Cdh3,astrocyte_1,0.9734616793503704,0.9469233645007411,0.12249509911556229,0.9975897083780372,0.9951794167560744,0.016936640588461806,0.23839057439678746,0.08808593777099702,2.6598514093285566,1,inhibitory,10,0613_F3_T,False,6,7.0,neuron,neuronal_or_other,True,False,False,False,False,1,-1.8718532325862889,0.6676342306603492,0.6820201548149335,0.008594745080778713,True,False,False,False,False,False
2707604800221100102,pericyte,0,astrocyte_2,pericyte,astrocyte_2,0.2497582522486444,0.04754108233150983,1.9227000997080617,0.2691503645334384,0.010085259024752935,1.6804350067309113,0.961095005270257,0.9452295824416135,0.232089824544832,__MISSING__,__MISSING__,__MISSING__,0415_M1_T,True,12,15.0,glial_non_neuronal,vascular,False,True,False,False,False,2,4.294490146583937,0.451286084367195,0.6749895396341031,0.09877149807641904,False,False,True,False,True,False
2946331700000018412,oligodendrocyte_2,0,oligodendrocyte_progenitor_2,oligodendrocyte_progenitor_2,DH_ex_Gpr83,0.48995295189469673,0.20712600627414807,1.4993429113259629,0.44060127823223044,0.07143742850552165,1.2946887457992133,0.1700264616044566,0.06963501245440812,2.8136853773660726,__MISSING__,__MISSING__,__MISSING__,0415_F2_L,True,24,44.0,glial_non_neuronal,oligodendrocyte_opc,True,False,False,False,False,1,1.2300956748849505,0.5616605758900627,0.5706723628293698,0.03623824713925223,True,False,False,False,False,False
2787445900127100087,oligodendrocyte_progenitor_2,2,oligodendrocyte_progenitor_2,oligodendrocyte_progenitor_2,oligodendrocyte_2,0.696282923295979,0.4379555969874626,0.8035970663747442,0.8574437127742787,0.7158956052684113,0.4167745685817344,0.7859673622188047,0.606907846187368,0.6496245356159325,__MISSING__,__MISSING__,__MISSING__,0503_F5_T,True,21,47.0,glial_non_neuronal,oligodendrocyte_opc,True,False,False,False,False,1,1.1680168019364163,0.2263265294371353,0.3670478025252382,0.038974660349953436,False,True,True,True,True,False
2795584800458100128,DH_ex_Maf/Cck,3,DH_ex_Maf/Cck,DH_ex_Maf/Cck,MV_in_Sema5b,0.7736387304939296,0.6302554422828617,0.7175755058118403,0.9411167369086554,0.9079024827535693,0.2812644669579648,0.2044112978406173,0.0599352489278652,2.6651873099818144,1,excitatory,10,0610_F4_L,False,20,22.0,neuron,neuronal_or_other,True,False,False,False,False,1,-1.217099017013627,0.6423113478466024,0.68081245192027,0.06159507530469153,False,True,True,True,True,False
2795903600032100231,M_ex_Vsx2,4,M_ex_Vsx2,M_ex_Vsx2,DM_ex_Zfhx3,0.9807617248436374,0.9615234554872749,0.09505974418793242,0.9997857484986534,0.9995714969973069,0.0020243023602837472,0.3490130753811118,0.19306660703471265,2.2226967366306094,3,excitatory,20,0613_M5_S,False,14,35.0,neuron,neuronal_or_other,True,False,False,False,False,1,-1.5881559904681481,0.7749978650888628,0.7743321143801561,0.008941675883726557,False,True,True,True,True,False
2707737900099100117,oligodendrocyte_precursor_cell,2,astrocyte_1,astrocyte_1,astrocyte_2,0.3111226512847702,0.013691443851688634,1.7401097237712932,0.5568235437323651,0.2762554121310381,1.1099487928545697,0.3753371409790534,0.16527829304402014,1.8392956681242676,__MISSING__,__MISSING__,__MISSING__,0415_F1_L,True,10,10.0,glial_non_neuronal,oligodendrocyte_opc,True,False,False,False,False,1,1.4601117306995222,0.23106771072114712,0.31748243700562345,0.09501038395909721,True,False,False,False,False,False
2707604700082100018,MV_in_Esrrb,2,MV_in_Esrrb,MV_in_Esrrb,MV_in_Gm26673,0.9999999940999997,0.9999999939999997,1.4175252073536734e-07,1.0,1.0,-0.0,0.5700575235853197,0.40365546833703836,1.2235631640363265,4,inhibitory,14,0415_M2_L,False,24,75.0,neuron,neuronal_or_other,True,False,False,False,False,1,-1.018881080766213,0.6552290529907103,0.655229104867684,2.950000006277528e-09,False,True,True,True,True,False
2787445900625100013,oligodendrocyte_progenitor_1,2,oligodendrocyte_progenitor_2,oligodendrocyte_progenitor_2,oligodendrocyte_progenitor_2,0.6884433637417686,0.42074626920849434,0.8258918073073164,0.9581882277263906,0.9365998034538566,0.20381054312971583,0.8209133211903941,0.7332634775608031,0.6405003450911612,__MISSING__,__MISSING__,__MISSING__,0503_F3_C,True,14,22.0,glial_non_neuronal,oligodendrocyte_opc,True,True,True,True,False,3,1.1441898945828308,0.06857440585199812,0.03795278902941272,0.1207747357432077,True,False,False,False,False,False
2787889600131100082,MV_in_Esrrb,3,MV_in_Esrrb,MV_in_Esrrb,oligodendrocyte_progenitor_2,0.9999999940999997,0.9999999939999997,1.4175252073536734e-07,1.0,1.0,-0.0,0.5178728913399379,0.3555264846155788,1.758120592164459,4,inhibitory,14,0503_M5_C,False,24,46.0,neuron,neuronal_or_other,True,False,False,False,False,1,-1.1649239549222152,0.8544163866527018,0.8544164525556894,2.950000006277528e-09,False,True,True,True,True,False
2795584800492100073,DH_ex_Cpne4,0,DH_ex_Cpne4,DH_ex_Cpne4,oligodendrocyte_progenitor_2,0.7521744437279804,0.5043488932559611,0.559933772234366,0.7787882671788645,0.557576534357729,0.528437338285626,0.254700615041715,0.09317819061276886,2.6237392779014788,1,excitatory,3,0610_F4_L,False,20,34.0,neuron,neuronal_or_other,True,False,False,False,False,1,-0.19548465670966508,0.853539225925869,0.8574876801356384,0.0007118236961653063,False,True,True,True,True,False
2796212800537100108,DH_in_Npy,4,DH_in_Npy,DH_in_Npy,DH_in_Pdyn,0.9954231614591486,0.9908463287182975,0.029220727243794795,0.999952024893093,0.999904049786186,0.0005250781563570539,0.22280517072296166,0.055363019520431406,2.242725494363114,1,inhibitory,4,0613_F5_C,False,17,26.0,neuron,neuronal_or_other,True,False,False,False,False,1,-2.0591629980818724,0.6407438259726025,0.6534766110488496,0.002123586521527255,False,True,True,True,True,False
2656143800216100204,MV_in_Gabra1,2,MV_in_Gabra1,MV_in_Gabra1,MV_in_Gm26673,0.9999999940999997,0.9999999939999997,1.4175252073536734e-07,1.0,1.0,-0.0,0.3603227501820199,0.18524154451221045,1.8613115030338891,4,inhibitory,16,0328_M3_T,False,27,51.0,neuron,neuronal_or_other,True,False,False,False,False,1,-1.6816375888959607,0.8024510979040649,0.8024511590956473,2.950000006277528e-09,False,True,True,True,True,False
2795584800476100196,DH_in_Npy2r,3,DH_in_Npy2r,DH_in_Npy2r,DH_ex_Nmu/Tac2,0.8763979943968702,0.7527959945937406,0.3740409539350173,0.9903519060372739,0.9807038120745476,0.05437815556990261,0.7810909883333084,0.7394397374801691,1.1917569584476968,1,inhibitory,9,0610_F4_C,False,8,11.0,neuron,neuronal_or_other,True,False,False,False,False,1,0.4809067334996989,0.9436109762273891,0.9463364305504303,0.044161894426306685,False,True,True,True,True,False
2795903600032100130,DH_in_Npy,1,DH_in_Npy,DH_in_Npy,MV_in_Chrna2,0.9912838982717562,0.9825678023435127,0.05001495505536516,0.9998638432646791,0.9997276865293583,0.0013481744033333432,0.6822699648478079,0.5654009485467608,1.4355243036400114,1,inhibitory,4,0613_M5_S,False,8,10.0,neuron,neuronal_or_other,True,False,False,False,False,1,-0.49632932401991614,0.9653385860670244,0.9769703824428262,0.00393199090592164,False,True,True,True,True,False
2795903600616100081,MV_in_Gabra1,3,MV_in_Gabra1,MV_in_Gabra1,MV_in_Gm26673,0.9999999940999997,0.9999999939999997,1.4175252073536734e-07,1.0,1.0,-0.0,0.6614866397713209,0.511750235946882,1.145598828363955,4,inhibitory,16,0613_M4_C,False,21,51.0,neuron,neuronal_or_other,True,False,False,False,False,1,-0.6908776757010049,0.8201657954878043,0.8201658499567996,2.950000006277528e-09,False,True,True,True,True,False
2787445900322100195,oligodendrocyte_progenitor_2,2,astrocyte_1,astrocyte_1,endothelial,0.7725292041471433,0.6985109767654992,0.96568615795244,0.9452406158493954,0.9001036088668316,0.24485376356053545,0.36893852718838616,0.09225323065846053,1.578999430927057,__MISSING__,__MISSING__,__MISSING__,0503_F4_C,True,17,23.0,glial_non_neuronal,oligodendrocyte_opc,True,False,False,False,False,1,-1.2257556859647132,0.23376437770120026,0.39467228682180683,0.06801568145835782,True,False,False,False,False,False
2796212800980100325,DH_ex_Reln/Nmur2,4,DH_ex_Reln/Nmur2,DH_ex_Reln/Nmur2,DH_ex_Reln,0.9833995395375313,0.9667990848750629,0.08449609911678586,0.9999781382734262,0.9999562765468525,0.00025645471493403107,0.5461312851239803,0.3705852830611154,1.534311950939424,1,excitatory,3,0613_F3_C,False,14,23.0,neuron,neuronal_or_other,True,False,False,False,False,1,-1.0597012262540877,0.6797440811684607,0.6820051314222177,0.008240769319715234,False,True,True,True,True,False
2787445900201100040,oligodendrocyte_2,2,oligodendrocyte_progenitor_2,oligodendrocyte_progenitor_2,oligodendrocyte_progenitor_2,0.34244836293766373,0.10659226174551809,1.6063183765388827,0.48623287416850336,0.24033574830038548,1.2927210341217512,0.262664857084841,0.019927678131215015,2.037577189646537,__MISSING__,__MISSING__,__MISSING__,0503_F5_T,True,11,11.0,glial_non_neuronal,oligodendrocyte_opc,True,True,True,True,False,3,0.9240265200313083,0.225841882474654,0.26603824212599736,0.06395964278933687,True,False,False,False,False,False
2946331700000003172,MV_in_Gabra1,1,MV_in_Gabra1,MV_in_Gabra1,MV_ex_Syt2,0.999546525454312,0.9993049754750707,0.004261517388107735,1.0,1.0,-0.0,0.4095092043358727,0.11643210788453756,1.4990264099533865,4,inhibitory,16,0415_F2_C,False,28,77.0,neuron,neuronal_or_other,True,False,False,False,False,1,-1.889189021794251,0.49925047139177914,0.5007899755937046,0.00022677436557979664,False,True,True,True,True,False
2795903600115100200,astrocyte_1,1,oligodendrocyte_progenitor_2,oligodendrocyte_progenitor_2,DH_in_Cdh3,0.7517921057553265,0.5918084288904987,0.8744386625146895,0.8421303218629126,0.7326297222204512,0.5788647324482834,0.261912674053592,0.08239616365466476,2.7340815318838234,__MISSING__,__MISSING__,__MISSING__,0613_M5_L,True,8,8.0,glial_non_neuronal,astrocyte,True,False,False,False,False,1,-0.7322296165642639,0.499900012923157,0.5222710319183547,0.018228190866110924,True,False,False,False,False,False
2707737900059100053,endothelial,0,oligodendrocyte_1,oligodendrocyte_1,oligodendrocyte_1,0.7354853945417125,0.5499872660927306,0.9511612407607992,0.907104078759391,0.8417580754795553,0.3870610801777668,0.40648311734462106,0.27010425444557984,2.237521259481245,__MISSING__,__MISSING__,__MISSING__,0415_F1_L,True,7,9.0,glial_non_neuronal,vascular,True,True,True,True,False,3,-0.3043694317327915,0.18574206125179332,0.26532416278878646,0.05340772409644093,True,False,False,False,False,False
2707604700070100021,oligodendrocyte_progenitor_2,4,oligodendrocyte_2,oligodendrocyte_progenitor_2,oligodendrocyte_2,0.5749522404677143,0.1768644763025649,0.8108214195043506,0.5121047789720408,0.024332665931513064,0.6942764301757697,0.6861458539227528,0.38387464644230457,0.6917216249485185,__MISSING__,__MISSING__,__MISSING__,0415_M3_S,True,6,12.0,glial_non_neuronal,oligodendrocyte_opc,False,True,False,False,False,2,2.331298364686717,0.015669724862852785,0.037297675201537414,0.020803780992983294,False,False,True,False,True,False
2795103300196100077,oligodendrocyte_1,4,astrocyte_1,astrocyte_1,astrocyte_1,0.7997683918149422,0.701920039412987,0.829177337005835,0.9810581059542389,0.9671118378615667,0.10984721623688512,0.2597150860350932,0.019427454579040604,2.3431638423262893,__MISSING__,__MISSING__,__MISSING__,0610_M4_L,True,6,7.0,glial_non_neuronal,oligodendrocyte_opc,True,True,True,True,False,3,-1.5858395091745172,0.38865132357914006,0.4931850091206501,0.08978481822940415,True,False,False,False,False,False
2707604800101100085,MV_ex_Syt2,0,MV_ex_Syt2,MV_ex_Syt2,DM_ex_Zfhx3,0.9999992443009148,0.9999987167565318,1.2222350936761963e-05,1.0,1.0,-0.0,0.6398333896327522,0.5622335725737613,1.461229079195935,4,excitatory,14,0415_M1_L,False,26,42.0,neuron,neuronal_or_other,True,False,False,False,False,1,-0.537688452380527,0.8596814154504914,0.8596888749162134,3.778496454828954e-07,False,True,True,True,True,False
2656144900540100204,oligodendrocyte_progenitor_2,2,oligodendrocyte_progenitor_2,oligodendrocyte_progenitor_2,oligodendrocyte_1,0.8219935066652657,0.7359800378014066,0.6740638743195441,0.8640006857483192,0.739486671004722,0.4427765195928348,0.4656286254443072,0.1329559496627563,1.2445925360849979,__MISSING__,__MISSING__,__MISSING__,0328_M1_S,True,4,5.0,glial_non_neuronal,oligodendrocyte_opc,True,False,False,False,False,1,-0.8505387929088289,0.21367736784440122,0.23883351699451694,0.04039057100814631,False,True,True,True,True,False
2795903600570100094,meninges_2,0,meninges_1,meninges_1,meninges_1,0.9361843405681459,0.8896377516615664,0.29462658480818277,0.9698963889875084,0.9399343246106807,0.1362744408882398,0.7305815048492948,0.4627543660414021,0.5947835001038037,__MISSING__,__MISSING__,__MISSING__,0613_M5_C,True,9,84.0,glial_non_neuronal,meningeal,True,True,True,True,False,3,-0.5227454637967867,0.07893447442555437,0.09155445907395694,0.009747041717691092,True,False,False,False,False,False
2656144900140100117,oligodendrocyte_progenitor_2,3,oligodendrocyte_1,oligodendrocyte_1,oligodendrocyte_1,0.5028120768201845,0.07384720886184537,0.9982205436733546,0.869377906386163,0.7390681596644193,0.3901251808769285,0.4832317768296257,0.028928678647002826,1.0062915203831324,__MISSING__,__MISSING__,__MISSING__,0328_M1_C,True,8,27.0,glial_non_neuronal,oligodendrocyte_opc,True,True,True,True,False,3,0.020084226737535932,0.016735367121474963,0.13907107645880742,0.12975239193643714,True,False,False,False,False,False
2795903600347100196,DM_ex_Zfhx3,1,DM_ex_Zfhx3,DM_ex_Zfhx3,MV_ex_Shox2,0.9999766924338026,0.9999540904754506,0.0002762453257858759,1.0,1.0,-0.0,0.3788974338694483,0.07097568975567742,1.6064280711982357,2,excitatory,11,0613_M4_L,False,21,43.0,neuron,neuronal_or_other,True,False,False,False,False,1,-2.0282843938236934,0.9788072050948309,0.9789878918723799,1.165388106662604e-05,False,True,True,True,True,False
2795103300178100117,DH_in_Npy,4,DH_in_Npy,DH_in_Npy,MV_in_Sema5b,0.9538503721545422,0.9077007501090847,0.18701817382789532,0.9998357721781542,0.9996715443563085,0.0015953376071819905,0.33957863900559543,0.19197671821473916,2.3991627252722565,1,inhibitory,4,0610_M4_C,False,11,16.0,neuron,neuronal_or_other,True,False,False,False,False,1,-1.4952999376834866,0.9783543189717644,0.9940666111923009,0.022760725248431164,False,True,True,True,True,False
2795103300183100208,DH_in_Cdh3,4,DH_in_Cdh3,DH_in_Cdh3,astrocyte_1,0.934985014059587,0.8699700339191743,0.24054917810803886,0.9999320701959381,0.9998641403918762,0.0007198522500419712,0.21314017237389743,0.030577531151460974,2.323772069155661,1,inhibitory,10,0610_M4_C,False,5,6.0,neuron,neuronal_or_other,True,False,False,False,False,1,-1.9178814475425594,0.9796171325790538,0.9829271548577964,0.03294251011173772,False,True,True,True,True,False
2656144300193100082,meninges_1,3,meninges_3,meninges_3,meninges_3,0.5031464300885319,0.1629522659147838,1.1758181067689557,0.6516771648798647,0.3136939647332372,0.6956500090002148,0.41768138619328576,0.07593034542147498,1.130311995323945,__MISSING__,__MISSING__,__MISSING__,0328_F2_T,True,5,38.0,glial_non_neuronal,meningeal,True,True,True,True,False,3,0.847456060600823,0.029274790655612372,0.11302739775028534,0.06392068526969308,True,False,False,False,False,False
2787445900583100016,DH_ex_Maf/Cck,3,DH_ex_Maf/Cck,DH_ex_Maf/Cck,MV_ex_Syt2,0.9086193166112727,0.8526942268335023,0.39058584588542306,0.9419167029137595,0.9018161489032233,0.26952324379249026,0.8723060615155324,0.835244766643338,0.6697797498845351,1,excitatory,10,0503_F3_C,False,36,70.0,neuron,neuronal_or_other,True,False,False,False,False,1,0.7493403374461476,0.9368570527019302,0.93934912183055,0.019613622561252937,False,True,True,True,True,False
2726543700226100102,DH_ex_Maf/Slc17a8,1,DH_ex_Maf/Cck,DH_ex_Maf/Cck,DH_ex_Maf/Cck,0.61771499157444,0.3219197126361714,0.9014862431505865,0.6756466747965163,0.37145509250857034,0.7127915978606711,0.2693338029685122,0.1670264304135712,2.7418677804931963,1,excitatory,10,0422_M3_C,False,6,10.0,neuron,neuronal_or_other,True,True,True,True,False,3,0.7246264318561105,0.39762960250750157,0.43084776678044256,0.017007593939204042,True,False,False,False,False,False
2796212801107200032,peripheral_glia,0,Schwann_cell,Schwann_cell,Schwann_cell,0.7015476677466441,0.5947950621200075,1.1636009246941927,0.9098701945673989,0.8348373861513734,0.3695637385434686,0.7302010652559962,0.5602169438159708,0.9445933022673243,__MISSING__,__MISSING__,__MISSING__,0613_F3_C,True,8,49.0,glial_non_neuronal,remaining_glial_non_neuronal,True,True,True,True,False,3,0.5094644716676453,0.0662670134904502,0.049583535966679845,0.0996027844948249,True,False,False,False,False,False
2656144900193100079,oligodendrocyte_precursor_cell,0,astrocyte_2,astrocyte_2,astrocyte_1,0.3026300386802003,0.034143809851095386,1.755331984010414,0.5437460757946324,0.28592318116434956,1.2473652902291692,0.29064739307731263,0.08256794278394727,1.9737962943490848,__MISSING__,__MISSING__,__MISSING__,0328_M1_C,True,11,12.0,glial_non_neuronal,oligodendrocyte_opc,True,False,False,False,False,1,1.1533294269179564,0.07191552062160089,0.14800794950307344,0.08953794692621324,True,False,False,False,False,False
2787445900290100144,endothelial,3,oligodendrocyte_progenitor_2,oligodendrocyte_progenitor_2,oligodendrocyte_progenitor_2,0.7104799646939011,0.5732952395755577,1.060629494210186,0.765390281855882,0.5392544405032019,0.5949934290750666,0.7037594687202192,0.6253622658550205,1.3440419240638644,__MISSING__,__MISSING__,__MISSING__,0503_F4_C,True,26,59.0,glial_non_neuronal,vascular,True,True,True,True,False,3,1.3323049259556903,0.14015844439337125,0.12976415565714153,0.07073026438442546,True,False,False,False,False,False
2707604700271100168,oligodendrocyte_progenitor_2,4,oligodendrocyte_progenitor_2,oligodendrocyte_progenitor_2,oligodendrocyte_1,0.8518121434855385,0.7530482942114158,0.5943147713349675,0.7475437473319073,0.5240953097550025,0.6770010688135639,0.5488059767884678,0.27501146470045873,1.3896972984367604,__MISSING__,__MISSING__,__MISSING__,0415_M2_T,True,7,10.0,glial_non_neuronal,oligodendrocyte_opc,True,False,False,False,False,1,-0.022535818350395753,0.2855847328494108,0.18687063190811362,0.030547161133925044,False,True,True,True,True,False
2787889600480100184,alpha_motoneuron,4,alpha_motoneuron,alpha_motoneuron,endothelial,0.7788506155672762,0.5626445296532052,0.5520351115272328,0.9997410232186792,0.9995926794378857,0.002574527093519391,0.34803533218700367,0.12550303781211497,2.2123197494502373,__MISSING__,__MISSING__,22,0503_M4_L,False,2,2.0,glial_non_neuronal,neuronal_or_other,True,False,False,False,False,1,-1.079078142700582,0.5599742501901437,0.5806532991547547,0.11945587223233214,False,True,True,True,True,False
2796212800427100092,astrocyte_2,2,oligodendrocyte_progenitor_2,oligodendrocyte_progenitor_2,oligodendrocyte_progenitor_2,0.7656745237418413,0.6626576839289186,0.8451530888654748,0.9262153246063235,0.8557428563515974,0.2805437598187612,0.5252426788580951,0.14434517098229888,1.0521411751533005,__MISSING__,__MISSING__,__MISSING__,0613_F4_L,True,4,9.0,glial_non_neuronal,astrocyte,True,True,True,True,False,3,-0.915450560607133,0.11777026830671715,0.16350730632309368,0.07535541241920983,True,False,False,False,False,False
2795584800476100231,DH_in_Rorb,4,DH_in_Rorb,DH_in_Rorb,DH_ex_Prkcg/Nts,0.9999999940999997,0.9999999939999997,1.4175252073536737e-07,1.0,1.0,-0.0,0.15594778428231781,0.010240307654949515,2.78993944000998,1,inhibitory,7,0610_F4_C,False,13,21.0,neuron,neuronal_or_other,True,False,False,False,False,1,-2.212662381760933,0.8626513643874572,0.8626514341081086,2.950000006277528e-09,False,True,True,True,True,False
2795103300156100227,DH_ex_Maf/Cck,3,DH_ex_Maf/Cck,DH_ex_Maf/Cck,oligodendrocyte_precursor_cell,0.9342918042280988,0.8872668741649677,0.28819968772142507,0.9246289918546987,0.873392135252337,0.31530528932020446,0.7408107779579782,0.6375827605645432,1.1298356091352686,1,excitatory,10,0610_M4_T,False,10,14.0,neuron,neuronal_or_other,True,False,False,False,False,1,0.14407199817042737,0.797664761538351,0.7962062332354873,0.010238712694908414,False,True,True,True,True,False
2795584800160100211,DH_ex_Gpr83,3,DH_ex_Gpr83,DH_ex_Gpr83,DH_ex_Reln/Nmur2,0.826489128311943,0.6529782624238865,0.46140983359895094,0.8707330784039674,0.7414661568079348,0.38499077487336325,0.4851222490888038,0.3333767876461813,1.887289017858454,1,excitatory,2,0610_F3_T,False,8,18.0,neuron,neuronal_or_other,True,False,False,False,False,1,-0.09770677218402823,0.8540163629582354,0.854835791806221,0.002756248185327664,False,True,True,True,True,False
2707604800143100076,oligodendrocyte_progenitor_2,1,oligodendrocyte_progenitor_2,oligodendrocyte_progenitor_2,DH_ex_Prkcg/Cck,0.5988754599208287,0.46125553698089816,1.381608880093742,0.8524386880846712,0.7211011357501231,0.49441878066834744,0.23152961161032765,0.04594464935447548,2.4999395420669925,__MISSING__,__MISSING__,__MISSING__,0415_M1_L,True,17,25.0,glial_non_neuronal,oligodendrocyte_opc,True,False,False,False,False,1,-0.5862203345265492,0.47647290754277816,0.5378593408790351,0.11662511819660215,False,True,True,True,True,False
2707604700083100295,MV_in_Esrrb,1,MV_in_Esrrb,MV_in_Esrrb,MV_in_Gabra1,0.9999999940999997,0.9999999939999997,1.4175252073536734e-07,1.0,1.0,-0.0,0.5431168961150061,0.4104489965064816,1.8284760740053427,4,inhibitory,14,0415_M2_L,False,14,24.0,neuron,neuronal_or_other,True,False,False,False,False,1,-0.9982667585260596,0.7049112641158658,0.7049113309001828,2.950000006277528e-09,False,True,True,True,True,False
2656143800152100050,DH_in_Pdyn,3,DH_in_Pdyn,DH_in_Pdyn,DH_ex_Grpr,0.9999928812343558,0.9999866895874571,9.55974438653595e-05,1.0,1.0,-0.0,0.5468601765437193,0.4743727194481047,1.9011613680708253,1,inhibitory,2,0328_M3_C,False,21,35.0,neuron,neuronal_or_other,True,False,False,False,False,1,-0.8042724142064039,0.843899348913004,0.8439444166887842,3.5593919608790913e-06,False,True,True,True,True,False
2787445900653100023,meninges_2,4,meninges_1,meninges_1,meninges_1,0.8373409436299031,0.6921200519024782,0.5219430981680605,0.938906398317542,0.8779923431406798,0.2314743869297255,0.6149228185530486,0.23636372980625003,0.7053682295027693,__MISSING__,__MISSING__,__MISSING__,0503_F3_C,True,9,208.0,glial_non_neuronal,meningeal,True,True,True,True,False,3,-0.7331376307689613,0.0555353213661929,0.11956084142684976,0.02303928491306201,True,False,False,False,False,False
2656144300188100131,MV_in_Esrrb,3,MV_in_Esrrb,MV_in_Esrrb,MV_in_Gm26673,0.9999999940999997,0.9999999939999997,1.4175252073536734e-07,1.0,1.0,-0.0,0.6298787338874168,0.4718015514662309,1.114314311419323,4,inhibitory,14,0328_F2_L,False,30,50.0,neuron,neuronal_or_other,True,False,False,False,False,1,-0.8120982012385976,0.7079070995438261,0.707907150583386,2.950000006277528e-09,False,True,True,True,True,False
2795584800655100123,oligodendrocyte_progenitor_1,4,oligodendrocyte_precursor_cell,oligodendrocyte_precursor_cell,oligodendrocyte_precursor_cell,0.9112177984446602,0.8473765360619228,0.39360396089807037,0.9971915278947348,0.9947013428891132,0.020910050720916562,0.7817726815829674,0.5714611250847705,0.5812136973462512,__MISSING__,__MISSING__,__MISSING__,0610_F5_C,True,10,19.0,glial_non_neuronal,oligodendrocyte_opc,True,True,True,True,False,3,-0.2259235762628021,0.041442669128232065,0.10939276636349342,0.03837524239064129,True,False,False,False,False,False
2946331700000011070,oligodendrocyte_precursor_cell,2,astrocyte_1,astrocyte_1,astrocyte_1,0.9596638535062277,0.9402568786871662,0.22691946004682992,0.9987375538265224,0.9976384713823049,0.010222331773132401,0.9383672970914995,0.8972994632494896,0.31085351818827833,__MISSING__,__MISSING__,__MISSING__,0415_F2_T,True,30,55.0,glial_non_neuronal,oligodendrocyte_opc,True,True,True,True,False,3,0.5906837654741062,0.01510362317609899,0.02781647364109236,0.017542940103466208,True,False,False,False,False,False
2795584800476100135,DH_ex_Nmu/Tac2,3,DH_ex_Nmu/Tac2,DH_ex_Nmu/Tac2,DH_in_Cdh3,0.9859097450887038,0.9734157866408689,0.079339116043831,0.999701296421348,0.9995066434230082,0.002975654660668346,0.488361001181928,0.1813630601665246,1.5389605261413457,1,excitatory,8,0610_F4_C,False,16,26.0,neuron,neuronal_or_other,True,False,False,False,False,1,-1.6448320854406226,0.4769573445155355,0.4851237204959011,0.006409835755933908,False,True,True,True,True,False
2787889600388100023,oligodendrocyte_progenitor_2,4,astrocyte_1,astrocyte_1,astrocyte_1,0.47448399058402724,0.1926735666498996,1.38671841987205,0.8479808849714429,0.7889998575446477,0.6047653655746923,0.44319055901350785,0.25725978329355526,1.7936867773631413,__MISSING__,__MISSING__,__MISSING__,0503_M4_C,True,9,12.0,glial_non_neuronal,oligodendrocyte_opc,True,True,True,True,False,3,0.4010879797764506,0.050265594304501594,0.15906876515023236,0.12943932869946465,True,False,False,False,False,False
2787889600451100054,endothelial,3,oligodendrocyte_progenitor_2,oligodendrocyte_progenitor_2,oligodendrocyte_progenitor_2,0.935519817753348,0.9055009803212256,0.3270122229438438,0.9781476134212287,0.9571846893865498,0.10958979772576542,0.8298926048108618,0.7434351111067424,0.6508881627905233,__MISSING__,__MISSING__,__MISSING__,0503_M4_T,True,18,46.0,glial_non_neuronal,vascular,True,True,True,True,False,3,0.2663146415712163,0.028145107616098588,0.06192468821757372,0.020318505352156103,True,False,False,False,False,False
2796212800790100101,endothelial,4,astrocyte_1,astrocyte_1,oligodendrocyte_1,0.4497059011794134,0.2125294298172594,1.30421545437356,0.41270200846796445,0.04492105426884768,1.2129837755585269,0.435329987938704,0.13259670197225903,1.402512616028339,__MISSING__,__MISSING__,__MISSING__,0613_F4_C,True,11,19.0,glial_non_neuronal,vascular,True,False,False,False,False,1,1.4641024459767253,0.11723552653684496,0.14110236856119013,0.026104191252004017,True,False,False,False,False,False
2787889600450100242,oligodendrocyte_progenitor_2,0,astrocyte_1,astrocyte_1,astrocyte_1,0.6641759776720063,0.4003037167785046,0.9458589688789096,0.8157157686209993,0.6340560377866176,0.4934203941812898,0.4654349039182695,0.20389147718161493,1.7436303151253052,__MISSING__,__MISSING__,__MISSING__,0503_M4_T,True,11,12.0,glial_non_neuronal,oligodendrocyte_opc,True,True,True,True,False,3,0.1749463461899997,0.11897702101338085,0.17050883500796657,0.04185134723396529,True,False,False,False,False,False
2787889600130100224,oligodendrocyte_1,1,oligodendrocyte_2,oligodendrocyte_2,oligodendrocyte_2,0.8798515850498382,0.8122751992947121,0.5392289204410992,0.986976764633565,0.9766756019686712,0.07912224223500057,0.8988911928515997,0.8554579045333632,0.48699747676511645,__MISSING__,__MISSING__,__MISSING__,0503_M5_C,True,16,28.0,glial_non_neuronal,oligodendrocyte_opc,True,True,True,True,False,3,0.7344591722037768,0.008160212908424912,0.0328090376872943,0.039780068633485044,True,False,False,False,False,False
2795103300157100127,DH_ex_Gpr83,1,DH_ex_Gpr83,DH_ex_Gpr83,DH_in_Cdh3,0.7034731750190752,0.406946355838151,0.607892835471457,0.7414883484852578,0.48297669697051554,0.5714943875592521,0.1730199429534786,0.04238213591564924,2.812741947456553,1,excitatory,2,0610_M4_T,False,13,15.0,neuron,neuronal_or_other,True,False,False,False,False,1,-0.027170125099294284,0.7089254970712501,0.7069865829347336,0.0013005875937653183,False,True,True,True,True,False
2795103300119100107,MV_in_Gabra1,1,MV_in_Gabra1,MV_in_Gabra1,oligodendrocyte_precursor_cell,0.9999999940999997,0.9999999939999997,1.4175252073536734e-07,1.0,1.0,-0.0,0.7013122936826386,0.5687287092938801,1.1616034448320791,4,inhibitory,16,0610_M4_T,False,19,35.0,neuron,neuronal_or_other,True,False,False,False,False,1,-0.5179818576472672,0.9928699636899517,0.9928700316513055,2.950000006277528e-09,False,True,True,True,True,False
2796212800109100154,endothelial,0,oligodendrocyte_progenitor_2,oligodendrocyte_progenitor_2,oligodendrocyte_progenitor_2,0.7070342239906001,0.5932102482765003,1.0832140913731036,0.769812155991494,0.6042250979060562,0.6942412980102054,0.3188398569303153,0.14061757409790587,2.3889335687987114,__MISSING__,__MISSING__,__MISSING__,0613_F5_S,True,13,14.0,glial_non_neuronal,vascular,True,True,True,True,False,3,-0.30321546158273305,0.22496603768264678,0.2749674671520694,0.06645682607472439,True,False,False,False,False,False
2787889600444100034,MV_in_Sema5b,2,MV_in_Sema5b,MV_in_Sema5b,astrocyte_1,0.9999999940999997,0.9999999939999997,1.4175252073536734e-07,1.0,1.0,-0.0,0.39536319684469606,0.17015808992682946,1.9958346015878092,4,inhibitory,15,0503_M4_L,False,9,12.0,neuron,neuronal_or_other,True,False,False,False,False,1,-1.7274069131060703,0.8180620608378713,0.8180621328689621,2.950000006277528e-09,False,True,True,True,True,False
2656144900325100251,oligodendrocyte_progenitor_2,2,endothelial,endothelial,endothelial,0.8362571776685878,0.7604792490829334,0.6423438431703927,0.9552025370537933,0.9301853836721639,0.2167322111162745,0.8002402218498699,0.7021217705702172,0.8579165037557503,__MISSING__,__MISSING__,__MISSING__,0328_M1_T,True,5,7.0,glial_non_neuronal,oligodendrocyte_opc,True,True,True,True,False,3,0.4541817044452327,0.028432950495784443,0.052856275871061474,0.03286746898504915,True,False,False,False,False,False
2656143800468100032,DH_ex_Maf/Cck,0,DH_ex_Maf/Cck,DH_ex_Maf/Cck,astrocyte_1,0.9755545241001706,0.9586995005138838,0.13209756411885173,0.9908751115025439,0.9855618032915597,0.05950346581810308,0.27458255285923544,0.13733536068140792,2.546652177370867,1,excitatory,10,0328_M3_L,False,9,10.0,neuron,neuronal_or_other,True,False,False,False,False,1,-1.7244049984827488,0.7153684182816908,0.7200996825744922,0.0036730775471765504,False,True,True,True,True,False
2796212800849100145,DH_ex_Sox5,3,DH_ex_Sox5,DH_ex_Sox5,DH_ex_Grpr,0.9260117597806612,0.8527032462410515,0.2677473907059252,0.9999925546264642,0.9999851092529284,9.535970392701038e-05,0.5807614750773886,0.39086893082272756,1.2304647604411716,1,excitatory,5,0613_F3_C,False,27,42.0,neuron,neuronal_or_other,True,False,False,False,False,1,-0.7939374888816388,0.6621529885042431,0.6585752737693996,0.03796827380272497,False,True,True,True,True,False
2795903600301100098,DH_ex_Reln/Nmur2,3,DH_ex_Reln/Nmur2,DH_ex_Reln/Nmur2,DH_ex_Prkcg/Nts,0.9515310753811238,0.903062156562248,0.19398228905900908,0.9984560768612404,0.9969121537224808,0.01153720689245694,0.29548946539464604,0.09888705582966728,2.096093794700767,1,excitatory,3,0613_M5_T,False,7,12.0,neuron,neuronal_or_other,True,False,False,False,False,1,-1.7639902121492554,0.8264610805565616,0.8365754267632379,0.02044399223853119,False,True,True,True,True,False
2787889600386200022,pericyte,2,endothelial,endothelial,endothelial,0.9768581005630566,0.9711759111609892,0.15445289162393705,0.9996380891568551,0.9994976293699777,0.0037407670853937163,0.9494721514025806,0.9227993749670407,0.2928971310237911,__MISSING__,__MISSING__,__MISSING__,0503_M4_C,True,5,6.0,glial_non_neuronal,vascular,True,True,True,True,False,3,0.6090147383428537,0.01908209657591685,0.02445027980788621,0.010910742313107435,True,False,False,False,False,False
2707604700067100018,MV_in_Esrrb,0,MV_in_Esrrb,MV_in_Esrrb,MV_ex_Syt2,0.9999999940999997,0.9999999939999997,1.4175252073536734e-07,1.0,1.0,-0.0,0.3122955104203666,0.05833307033749674,1.90811545257415,4,inhibitory,14,0415_M3_S,False,12,13.0,neuron,neuronal_or_other,True,False,False,False,False,1,-2.0667294169406087,0.8897931525689958,0.8897932202144679,2.950000006277528e-09,False,True,True,True,True,False
2707737900048100136,pericyte,3,oligodendrocyte_1,oligodendrocyte_1,astrocyte_1,0.3631151182025088,0.02413927722137371,1.3628812890342987,0.4388607127386765,0.09031686077143641,1.0759661053886713,0.41924835116042414,0.17253045036414222,1.8844840607450353,__MISSING__,__MISSING__,__MISSING__,0415_F1_L,True,12,14.0,glial_non_neuronal,vascular,True,False,False,False,False,1,1.8324617963806442,0.08672223392591633,0.1217838798929925,0.034500896691429014,True,False,False,False,False,False
2707604800103100030,DH_ex_Prkcg/Cck,0,DH_ex_Prkcg/Nts,DH_ex_Prkcg/Nts,DH_ex_Prkcg/Nts,0.810228016279986,0.6792721841225218,0.6335224438329521,0.9308549450950171,0.8630712969510309,0.2585017159898468,0.3993040990091683,0.08044612336878382,1.6229629115075364,1,excitatory,8,0415_M1_L,False,17,27.0,neuron,neuronal_or_other,True,True,True,True,False,3,-1.1536375094928788,0.22321677121665134,0.28104390513015726,0.03584167929825168,True,False,False,False,False,False
2787889600316100144,endothelial,4,oligodendrocyte_progenitor_2,oligodendrocyte_progenitor_2,oligodendrocyte_progenitor_2,0.7331870698551671,0.48820035647032634,0.6977068027223474,0.9581535814737632,0.9172248807474175,0.17890044313102696,0.6242948508822426,0.27155950673203233,0.7889036513146641,__MISSING__,__MISSING__,__MISSING__,0503_M4_C,True,9,37.0,glial_non_neuronal,vascular,True,True,True,True,False,3,-0.3391189935257286,0.01880338640824663,0.13702924863824661,0.0785723973116968,True,False,False,False,False,False
2787445900726100200,DH_ex_Tac2,2,DH_ex_Tac2,DH_ex_Tac2,DH_ex_Prkcg/Rxfp1,0.8190915973188736,0.6764010824088491,0.5903746044013898,0.9936316259793254,0.9902804007972648,0.04495051525866917,0.4409759703025585,0.2079971712898229,1.5568243689505907,1,excitatory,8,0503_F3_T,False,27,67.0,neuron,neuronal_or_other,True,False,False,False,False,1,-1.0139392150947248,0.3850994605982332,0.5487703139267422,0.08076451672545742,False,True,True,True,True,False
2656143800156100034,oligodendrocyte_2,4,oligodendrocyte_2,oligodendrocyte_2,microglia,0.7655317935742658,0.6419115002039821,0.9252985844874109,0.887203757395108,0.7956730011611994,0.43677024225215316,0.45440912220876933,0.06578410800733803,1.3800455265822607,__MISSING__,__MISSING__,__MISSING__,0328_M3_C,True,14,20.0,glial_non_neuronal,oligodendrocyte_opc,True,False,False,False,False,1,-0.9974674777928562,0.16352366100691987,0.21792544499884148,0.036845659504832914,False,True,True,True,True,False
2787889600480100084,oligodendrocyte_progenitor_2,4,oligodendrocyte_2,oligodendrocyte_progenitor_2,oligodendrocyte_2,0.5340746440522305,0.0759380864478994,0.7427690411764398,0.5428311414465994,0.0857984260841852,0.6910619353699474,0.6892057462173182,0.39788820007042985,0.7064387904761764,__MISSING__,__MISSING__,__MISSING__,0503_M4_L,True,10,22.0,glial_non_neuronal,oligodendrocyte_opc,False,True,False,False,False,2,2.4325185486674923,0.02791515591190199,0.054228474010730346,0.008303845153936439,False,False,True,False,True,False
2726543700173100052,oligodendrocyte_progenitor_2,2,oligodendrocyte_1,oligodendrocyte_progenitor_2,oligodendrocyte_1,0.4256863284996784,0.05006486909689528,1.3026643484777565,0.5616669664995851,0.31982320108105633,1.1072419056697314,0.310790764936088,0.03441663318312793,1.7557580463602245,__MISSING__,__MISSING__,__MISSING__,0422_M3_T,True,9,14.0,glial_non_neuronal,oligodendrocyte_opc,False,True,False,False,False,2,0.9114299463423183,0.05237486192206711,0.11089419233025231,0.051536034096943635,False,False,True,False,True,False
2796212800593100256,MV_ex_Shox2,3,MV_ex_Shox2,MV_ex_Shox2,MV_in_Gabra1,0.9999999940999997,0.9999999939999997,1.4175252073536737e-07,1.0,1.0,-0.0,0.46835035644233836,0.17775362577410853,1.650270167922374,4,excitatory,18,0613_F4_T,False,21,31.0,neuron,neuronal_or_other,True,False,False,False,False,1,-1.7043589740032759,0.5034515830742156,0.5034516484125848,2.950000006277528e-09,False,True,True,True,True,False
2795584800160100192,DM_ex_Zfhx3,3,DM_ex_Zfhx3,DM_ex_Zfhx3,DH_ex_Sox5,0.9999999940999997,0.9999999939999997,1.4175252073536737e-07,1.0,1.0,-0.0,0.8036777016815302,0.7404910572580022,0.938712347208966,2,excitatory,11,0610_F3_T,False,9,17.0,neuron,neuronal_or_other,True,False,False,False,False,1,0.003214831516961114,0.9449448874474632,0.9449449485542,2.950000006277528e-09,False,True,True,True,True,False
2787445900285100078,DH_ex_Gpr83,0,DH_ex_Gpr83,DH_ex_Gpr83,DH_in_Cdh3,0.8405314923065974,0.6810629904131953,0.4387876207860647,0.9999534574068605,0.999906914813721,0.0005108105174262478,0.2972075404505879,0.12655440738633864,2.2867460674987776,1,excitatory,2,0503_F4_C,False,19,31.0,neuron,neuronal_or_other,True,False,False,False,False,1,-1.2885227270808688,0.5849741832369297,0.6490278504909416,0.08443749693766951,False,True,True,True,True,False
2787889600413100206,oligodendrocyte_2,4,oligodendrocyte_progenitor_2,oligodendrocyte_progenitor_2,oligodendrocyte_progenitor_2,0.8707955245144605,0.7891121022747016,0.5569743792344031,0.9946883450673272,0.9908989505194901,0.037418733949032335,0.858337406045032,0.778462921172346,0.65646790817508,__MISSING__,__MISSING__,__MISSING__,0503_M4_T,True,27,51.0,glial_non_neuronal,oligodendrocyte_opc,True,True,True,True,False,3,0.5140649281765444,0.0251636210703509,0.06394633300102298,0.058615227033627273,True,False,False,False,False,False
2787445900425100025,astrocyte_1,0,endothelial,endothelial,endothelial,0.8068410043510561,0.6819517418350884,0.7422866588268129,0.8320360900227489,0.7255755266338135,0.6601694921706694,0.6750585076274737,0.5094569614789415,1.1403760055900816,__MISSING__,__MISSING__,__MISSING__,0503_F4_T,True,10,13.0,glial_non_neuronal,astrocyte,True,True,True,True,False,3,0.4162587186907051,0.06837135439706708,0.08255189451510954,0.005396202941073315,True,False,False,False,False,False
2656144900590100199,oligodendrocyte_1,0,oligodendrocyte_1,oligodendrocyte_1,MV_in_Sema5b,0.41317215956518555,0.007064484755174183,1.4322633036119587,0.5802631699247047,0.18704131715566752,0.8095105075862798,0.1746809118469187,0.026696848583476374,2.3000892374193698,__MISSING__,__MISSING__,__MISSING__,0328_M1_L,True,13,20.0,glial_non_neuronal,oligodendrocyte_opc,True,False,False,False,False,1,1.2285354403585096,0.49546560057550704,0.5451769685775455,0.0697991825603351,False,True,True,True,True,False
2796212801137100119,meninges_2,3,meninges_3,meninges_3,meninges_3,0.587835877997373,0.2949379814948299,0.9589970116425848,0.7777879672461065,0.5732465461931999,0.5938212500443656,0.5431146768032067,0.32111800272768376,1.0852994007849543,__MISSING__,__MISSING__,__MISSING__,0613_F3_C,True,1,27.0,glial_non_neuronal,meningeal,True,True,True,True,False,3,0.8399955779194926,0.023122657872271274,0.09584527854947789,0.12879564510798838,True,False,False,False,False,False
2795584800386100024,beta_motoneuron,2,alpha_motoneuron,alpha_motoneuron,alpha_motoneuron,0.7379156517273179,0.5980834692083019,0.7562989045553488,0.8095733273543245,0.6201247329534088,0.4929724890795452,0.7749142739590389,0.5859607907771258,0.6788331861793659,__MISSING__,__MISSING__,22,0610_F4_L,False,15,20.0,glial_non_neuronal,neuronal_or_other,True,True,True,True,False,3,1.0078543677552645,0.04319903103750441,0.015829099728686333,0.07265908480407254,True,False,False,False,False,False
2707604800283200132,astrocyte_2,1,endothelial,oligodendrocyte_progenitor_2,endothelial,0.6348548865658196,0.45815758890644565,1.1726469364415393,0.7254355557434238,0.5421740310440493,0.8457322475926994,0.3462020151527528,0.08369598738482376,1.7679393458951866,__MISSING__,__MISSING__,__MISSING__,0415_M1_T,True,7,7.0,glial_non_neuronal,astrocyte,False,True,False,False,False,2,-0.11098787143774147,0.08129322860321367,0.18312233708777303,0.24665729191596575,True,False,False,False,False,False
2787445900584100046,oligodendrocyte_progenitor_2,1,oligodendrocyte_2,oligodendrocyte_2,oligodendrocyte_2,0.8537241623073448,0.7673218748063623,0.6262108793860053,0.9990779631794121,0.9981602915768087,0.007404529172551604,0.8950228923031067,0.8054129926919593,0.4000256110861708,__MISSING__,__MISSING__,__MISSING__,0503_F3_C,True,15,20.0,glial_non_neuronal,oligodendrocyte_opc,True,True,True,True,False,3,0.6204423905771275,0.023491924448840722,0.05128791325027345,0.07401501851573283,True,False,False,False,False,False
2945606900000006469,MV_in_Gm26673,4,MV_in_Gm26673,MV_in_Gm26673,MV_in_Gabra1,0.982014587013346,0.9640291798266922,0.09009169589085225,0.9999802045709568,0.9999604091419136,0.00023418090754353288,0.3508447080454806,0.11343636122941694,1.7670922797415822,4,inhibitory,19,0328_F1_C,False,23,29.0,neuron,neuronal_or_other,True,False,False,False,False,1,-1.8350445293319328,0.5638322244717868,0.5635346765305852,0.008949783454598851,False,True,True,True,True,False
2787445900805100063,astrocyte_1,0,astrocyte_1,astrocyte_1,endothelial,0.8700429257919494,0.7888144772384463,0.5737370695272785,0.9358321128412267,0.892419188929741,0.2948672012682598,0.46758478065426196,0.338564491328452,2.0501953473462713,__MISSING__,__MISSING__,__MISSING__,0503_M5_C,True,17,21.0,glial_non_neuronal,astrocyte,True,False,False,False,False,1,-0.6247707483418874,0.47647982876744305,0.6061022274712295,0.03176260026267977,False,True,True,True,True,False
2795584800462100126,DH_ex_Reln/Nmur2,1,DH_ex_Reln/Nmur2,DH_ex_Reln/Nmur2,astrocyte_1,0.8433684055258629,0.6867368168517263,0.43404197052014787,0.9930106199638017,0.9860212399276034,0.04165573041054049,0.3916642164812463,0.12065460860915206,2.070425649143908,1,excitatory,3,0610_F4_S,False,11,13.0,neuron,neuronal_or_other,True,False,False,False,False,1,-1.2890230980916653,0.799105935407296,0.835930834133679,0.06538338282456915,False,True,True,True,True,False
2707604700388100111,M_ex_Vsx2,1,M_ex_Vsx2,M_ex_Vsx2,DM_ex_Zfhx3,0.9813044034456198,0.9626088126912395,0.09291836518166183,0.9999048641808502,0.9998097283617006,0.0009761084829159384,0.3501445298564464,0.17730442756641598,2.160211099726499,3,excitatory,20,0415_M2_C,False,17,34.0,neuron,neuronal_or_other,True,False,False,False,False,1,-1.6384008568188042,0.7513640434882118,0.7504799199572051,0.009027155189773354,False,True,True,True,True,False
2656143800104100265,MV_in_Esrrb,0,MV_in_Esrrb,MV_in_Esrrb,MV_in_Gabra1,0.9999999940999997,0.9999999939999997,1.4175252073536734e-07,1.0,1.0,-0.0,0.5080251686659448,0.22622211830011496,1.1671556942949803,4,inhibitory,14,0328_M3_C,False,36,100.0,neuron,neuronal_or_other,True,False,False,False,False,1,-1.5572858923136126,0.5129842716464682,0.5129843223058879,2.950000006277528e-09,False,True,True,True,True,False
2707604800425100279,DH_in_Cdh3,2,DH_in_Cdh3,DH_in_Cdh3,DH_in_Rorb,0.9708811400482804,0.9417622858965611,0.13166588844896163,0.9988982894776959,0.9977965789553918,0.008604734013093477,0.5556530141831483,0.30788769264588883,1.416132347573498,1,inhibitory,10,0415_M1_C,False,13,17.0,neuron,neuronal_or_other,True,False,False,False,False,1,-1.2008398383385714,0.8379435265527007,0.84301705849718,0.011842139713147778,False,True,True,True,True,False
2796212800407100045,oligodendrocyte_1,0,endothelial,endothelial,endothelial,0.492894697256608,0.2606579263363362,1.3920196002275416,0.6591578558679175,0.48914423733504625,1.0004259082394387,0.3709401717633111,0.16988018586083942,1.9467509561838376,__MISSING__,__MISSING__,__MISSING__,0613_F5_T,True,9,10.0,glial_non_neuronal,oligodendrocyte_opc,True,True,True,True,False,3,0.6093777620403475,0.06179349824509514,0.11468395898718038,0.03279897487912885,True,False,False,False,False,False
2795103300162100262,oligodendrocyte_2,4,oligodendrocyte_progenitor_2,oligodendrocyte_progenitor_2,oligodendrocyte_progenitor_2,0.7468253498935816,0.6560834809560641,0.9841631689557845,0.9969101266228507,0.9951612156947383,0.025095573554558936,0.7829580231344004,0.6346395843248182,0.8494581511415482,__MISSING__,__MISSING__,__MISSING__,0610_M4_L,True,8,13.0,glial_non_neuronal,oligodendrocyte_opc,True,True,True,True,False,3,0.307355388754342,0.09305234580853283,0.10895559536858118,0.12986306196080272,True,False,False,False,False,False
2656144900314200143,DH_ex_Tac2,1,DH_ex_Tac2,DH_ex_Tac2,DH_ex_Prkcg/Rxfp1,0.4855788874835244,0.1748924734856077,1.1208502008682606,0.7379047686958154,0.5569882431721433,0.7884937956205123,0.3959872434598873,0.22350070361903976,1.8552049085377247,1,excitatory,8,0328_M2_C,False,28,65.0,neuron,neuronal_or_other,True,False,False,False,False,1,0.7909785889829575,0.38682339802641563,0.4329565361235167,0.0901959417186434,False,True,True,True,True,False
2795103300074100151,M_ex_Vsx2,1,M_ex_Vsx2/Shox2,M_ex_Vsx2/Shox2,oligodendrocyte_progenitor_2,0.6418622323921175,0.2837244705842351,0.652339334892162,0.5789834671983668,0.1579669343967336,0.6806179894284377,0.30557745148966814,0.04194638663683786,2.0082074527912526,3,excitatory,20,0610_M4_C,False,15,26.0,neuron,neuronal_or_other,True,False,False,False,False,1,0.8371955399015848,0.8852800894779693,0.8832948777904108,0.0030007651766279747,True,False,False,False,False,False
2726562800140100045,astrocyte_2,4,oligodendrocyte_1,astrocyte_1,oligodendrocyte_1,0.6422069521205053,0.46376279842161106,1.0825274191447354,0.45169896398071974,0.1425623917728014,1.1634072197141052,0.3451819065663571,0.14742500994321328,2.102677123990316,__MISSING__,__MISSING__,__MISSING__,0422_M2_T,True,6,6.0,glial_non_neuronal,astrocyte,False,True,False,False,False,2,0.865502660518699,0.18179490106807308,0.2378510489608578,0.15871641826398009,True,False,False,False,False,False
2796212800626100079,MV_in_Gm26673,3,MV_in_Gm26673,MV_in_Gm26673,MV_ex_Syt2,0.9896884733729264,0.979376952545853,0.05742829751728542,0.9995027386390477,0.9990054772780954,0.004279503932694139,0.8196458231246225,0.7435277016579556,0.8057184860986787,4,inhibitory,19,0613_F4_T,False,38,82.0,neuron,neuronal_or_other,True,False,False,False,False,1,0.051325745682506696,0.7927606008127037,0.8002738368925952,0.003967109380851761,False,True,True,True,True,False
2787889600024100105,DH_in_Npy2r,2,DH_in_Npy2r,DH_in_Npy2r,DH_ex_Nmu/Tac2,0.926839699933202,0.8536794056664042,0.2617381206263079,0.9991659359354415,0.9983318718708829,0.006746563388549388,0.773466360807633,0.7261851767862372,1.0892486535666905,1,inhibitory,9,0503_M5_C,False,24,41.0,neuron,neuronal_or_other,True,False,False,False,False,1,0.22508178036124266,0.9526057979674298,0.9526551251819195,0.034680104460191936,False,True,True,True,True,False
2795103300181200062,endothelial,4,astrocyte_1,astrocyte_1,astrocyte_1,0.7024445855247636,0.6040634095412342,1.047030277661695,0.845029782684124,0.7287088966598972,0.5444594658364647,0.42193909357284765,0.1437654629124781,1.5026306269853102,__MISSING__,__MISSING__,__MISSING__,0610_M4_C,True,9,11.0,glial_non_neuronal,vascular,True,True,True,True,False,3,-0.5601690010014466,0.07486961807765449,0.1686503526716926,0.05395656567459704,True,False,False,False,False,False
2796212800343100066,oligodendrocyte_precursor_cell,1,oligodendrocyte_precursor_cell,oligodendrocyte_precursor_cell,M_ex_Vsx2/Shox2,0.5245923004752796,0.3410795870026728,1.4718983114767068,0.7133186030143973,0.5579232588924266,0.986255182238322,0.40930548279251383,0.1602810616649166,1.6301724199602352,__MISSING__,__MISSING__,__MISSING__,0613_F5_T,True,32,127.0,glial_non_neuronal,oligodendrocyte_opc,True,False,False,False,False,1,0.29975466219544966,0.7890023729079779,0.7820175414595126,0.08246884466272861,False,True,True,True,True,False
2787889600314100198,endothelial,2,endothelial,endothelial,DH_in_Cdh3,0.696740069208861,0.487769807751669,0.9769812701817644,0.8427014253766191,0.6989268406754752,0.491758242789098,0.5160217789039978,0.357075961998777,1.7420315175949987,__MISSING__,__MISSING__,__MISSING__,0503_M4_C,True,24,55.0,glial_non_neuronal,vascular,True,False,False,False,False,1,0.3544197627781691,0.5717514684325602,0.5780600813708842,0.03858601786639019,False,True,True,True,True,False
2787445900228100112,DM_ex_Zfhx3,0,DM_ex_Zfhx3,DM_ex_Zfhx3,astrocyte_1,0.9999999940999997,0.9999999939999997,1.4175252073536737e-07,1.0,1.0,-0.0,0.7269724681337764,0.47175411535861367,0.698988511225119,2,excitatory,11,0503_F5_L,False,17,33.0,neuron,neuronal_or_other,True,False,False,False,False,1,-0.8122421416453862,0.9922026371901637,0.9922026958801767,2.950000006277528e-09,False,True,True,True,True,False
2795903600453100084,MV_in_Esrrb,0,MV_in_Esrrb,MV_in_Esrrb,MV_ex_Syt2,0.9999999940999997,0.9999999939999997,1.4175252073536734e-07,1.0,1.0,-0.0,0.2297769110439456,0.042259162762756736,2.264361200685817,4,inhibitory,14,0613_M4_T,False,16,39.0,neuron,neuronal_or_other,True,False,False,False,False,1,-2.1155041775862666,0.7119487771526553,0.7119488449681078,2.950000006277528e-09,False,True,True,True,True,False
2787445900619100144,MV_in_Gm26673,1,MV_in_Gm26673,MV_in_Gm26673,MV_in_Gabra1,0.986377208364563,0.9727544225291263,0.07205335476605068,0.9999954352743848,0.9999908705487696,6.069784061916171e-05,0.3513445779074307,0.02077373705403518,1.8416705370125703,4,inhibitory,19,0503_F3_C,False,9,12.0,neuron,neuronal_or_other,True,False,False,False,False,1,-2.131902294855733,0.8587035314539209,0.8591362205045706,0.006817713374313271,False,True,True,True,True,False
2656144900557200093,astrocyte_1,1,astrocyte_1,astrocyte_1,oligodendrocyte_progenitor_2,0.628475125502059,0.3871401634717341,1.1071961658811178,0.780275268477833,0.5968828753098538,0.6379043037600726,0.38338608285782194,0.03979114945551926,1.724275791436481,__MISSING__,__MISSING__,__MISSING__,0328_M2_L,True,11,15.0,glial_non_neuronal,astrocyte,True,False,False,False,False,1,-0.22565221094215193,0.10252617166701115,0.18891179178097933,0.04438701491052448,False,True,True,True,True,False
2787445900426100101,MV_in_Esrrb,0,MV_in_Esrrb,MV_in_Esrrb,MV_in_Gabra1,0.9999935087721256,0.9999874011815805,8.579670475103709e-05,1.0,1.0,-0.0,0.23332600639407536,0.07617261785132023,2.253973359359855,4,inhibitory,14,0503_F4_T,False,23,50.0,neuron,neuronal_or_other,True,False,False,False,False,1,-2.0125744423483765,0.6683447071617548,0.6683827524974988,3.2456215358396216e-06,False,True,True,True,True,False
2787445900499100028,MV_in_Esrrb,1,MV_in_Esrrb,MV_in_Esrrb,MV_in_Gm26673,0.9999999940999997,0.9999999939999997,1.4175252073536734e-07,1.0,1.0,-0.0,0.7721595312376516,0.68874534580123,0.9562614108485296,4,inhibitory,14,0503_F4_T,False,35,62.0,neuron,neuronal_or_other,True,False,False,False,False,1,-0.15380266276735433,0.8739838764735746,0.8739839369014315,2.950000006277528e-09,False,True,True,True,True,False
2787445900660100214,oligodendrocyte_progenitor_2,2,oligodendrocyte_progenitor_2,oligodendrocyte_progenitor_2,astrocyte_1,0.6737678378396493,0.5295736615118294,1.1621279797279027,0.9221881719885254,0.876717908549741,0.35836430273892295,0.2357899102139605,0.013339623764943576,2.1852159656568313,__MISSING__,__MISSING__,__MISSING__,0503_F3_C,True,22,62.0,glial_non_neuronal,oligodendrocyte_opc,True,False,False,False,False,1,-1.1163379472525539,0.34875984529439275,0.45565686127821814,0.08060734153874259,False,True,True,True,True,False
2656143800154100245,astrocyte_1,0,astrocyte_1,astrocyte_1,oligodendrocyte_1,0.4219831610444221,0.19386152153109648,1.6039745325579182,0.5106083351748941,0.31231375743936074,1.3026683506934482,0.22535573273436382,0.07472757000888053,2.57289380233972,__MISSING__,__MISSING__,__MISSING__,0328_M3_C,True,14,22.0,glial_non_neuronal,astrocyte,True,False,False,False,False,1,0.7912072124896676,0.3378680397412649,0.36814441319867963,0.041213062348258576,False,True,True,True,True,False
2796212800487100095,MV_ex_Shox2,0,MV_ex_Shox2,MV_ex_Shox2,M_ex_Vsx2/Shox2,0.9999999940999997,0.9999999939999997,1.4175252073536737e-07,1.0,1.0,-0.0,0.6175889245481995,0.2525232758646505,0.774916493055728,4,excitatory,18,0613_F3_L,False,7,13.0,neuron,neuronal_or_other,True,False,False,False,False,1,-1.4774775035351477,0.4282018143333057,0.4282018688153853,2.950000006277528e-09,False,True,True,True,True,False
2656144900369100158,DH_ex_Prkcg/Cck,0,DH_ex_Prkcg/Cck,DH_ex_Prkcg/Cck,endothelial,0.5826482377305642,0.25386854975527495,0.9558396276965887,0.7103980903106603,0.4235171292065102,0.6178800321839844,0.2685779293653609,0.07578297146291971,2.5884267650983896,1,excitatory,8,0328_M2_T,False,18,29.0,neuron,neuronal_or_other,True,False,False,False,False,1,0.46626019761531023,0.8887238008435508,0.9061125371706369,0.04347975057862499,False,True,True,True,True,False
2796212800716100201,DH_ex_Rreb1,0,DH_ex_Maf/Cck,DH_ex_Maf/Cck,MV_in_Sema5b,0.6665481708565912,0.369798425551972,0.7732560929161618,0.8045685024747239,0.6988098931325829,0.6347268976271921,0.2860313666189194,0.003666880134800765,2.3075621295485194,1,excitatory,10,0613_F3_T,False,13,14.0,neuron,neuronal_or_other,True,False,False,False,False,1,-0.506523993560031,0.454489530094311,0.42227070555967444,0.053900193995199255,True,False,False,False,False,False
2707604700060100110,astrocyte_1,4,astrocyte_1,microglia,microglia,0.3446653667311846,0.057747566557720065,1.7864772291574038,0.5552276245306936,0.2861151485289251,1.1488121209175166,0.8084849259445059,0.7340663053312396,0.8640251458795808,__MISSING__,__MISSING__,__MISSING__,0415_M2_L,True,7,9.0,glial_non_neuronal,astrocyte,False,False,True,False,False,2,3.0875997916476123,0.24797913322794146,0.1075949979903561,0.11393485161413787,False,False,True,True,False,False
2787445900204100037,astrocyte_2,1,oligodendrocyte_2,oligodendrocyte_2,oligodendrocyte_2,0.7980369894231326,0.6835414388723372,0.7899640855318677,0.836369973720352,0.679304899663339,0.4795702986085997,0.5424216850956687,0.21416733916192754,0.9975101080452544,__MISSING__,__MISSING__,__MISSING__,0503_F5_C,True,17,23.0,glial_non_neuronal,astrocyte,True,True,True,True,False,3,-0.3907784022959261,0.09516039218725131,0.09531501407009807,0.03483971969145351,True,False,False,False,False,False
2796212800463100101,oligodendrocyte_progenitor_2,2,oligodendrocyte_1,oligodendrocyte_1,oligodendrocyte_1,0.37259567926775744,0.1282642306051515,1.7144160152885197,0.5127411042827358,0.3722049590718097,1.4919837486273366,0.23827827676317193,0.0476651587484431,2.4031306567028983,__MISSING__,__MISSING__,__MISSING__,0613_F4_L,True,6,7.0,glial_non_neuronal,oligodendrocyte_opc,True,True,True,True,False,3,0.7076597601639373,0.1307458405078471,0.16401888100991632,0.04388672137930084,True,False,False,False,False,False
2707737900120100135,oligodendrocyte_progenitor_2,4,oligodendrocyte_2,oligodendrocyte_progenitor_2,oligodendrocyte_2,0.5324387602631996,0.1038358608705609,0.894571313970421,0.512078293171644,0.024410408382495197,0.6954905946669284,0.6504086105172876,0.32442103851513965,0.7693023511681184,__MISSING__,__MISSING__,__MISSING__,0415_F1_T,True,13,18.0,glial_non_neuronal,oligodendrocyte_opc,False,True,False,False,False,2,2.2814848839457413,0.02583060589404748,0.03456381303564427,0.021983963506718978,False,False,True,False,True,False
2707604800039100009,oligodendrocyte_2,0,oligodendrocyte_2,oligodendrocyte_2,oligodendrocyte_progenitor_2,0.7282521470681945,0.4967279128973702,0.7650570303422242,0.8547854709829315,0.7107781714363921,0.42226929111375744,0.6313225780307926,0.28649225196070705,0.7789453636327796,__MISSING__,__MISSING__,__MISSING__,0415_M1_L,True,10,16.0,glial_non_neuronal,oligodendrocyte_opc,True,False,False,False,False,1,0.10067950775291279,0.13441734260769125,0.20932905632977256,0.028949017485859988,False,True,True,True,True,False
2726544600055100014,M_ex_Vsx2,2,M_ex_Vsx2,M_ex_Vsx2,oligodendrocyte_1,0.9830037010878961,0.9660074079757924,0.08610698555656723,0.999929944790908,0.999859889581816,0.0007402167826535114,0.3888168880849776,0.08843310700417739,1.7738902807604593,3,excitatory,20,0422_F1_C,False,6,18.0,neuron,neuronal_or_other,True,False,False,False,False,1,-1.9142567742329875,0.493124227810612,0.4928356481339596,0.008257143695405535,False,True,True,True,True,False
2787445900172100091,MV_in_Gm26673,3,MV_in_Gm26673,MV_in_Gm26673,DM_ex_Zfhx3,0.9202281174389302,0.8404562406778605,0.2782120006787368,0.994058863818078,0.9881177276361559,0.036376854512642054,0.7110060064014253,0.6484498001598522,1.3669577436746907,4,inhibitory,19,0503_F5_C,False,20,35.0,neuron,neuronal_or_other,True,False,False,False,False,1,0.03314821679332214,0.9830350281121737,0.9845666305066051,0.028311474043063736,False,True,True,True,True,False
2787889600522100076,oligodendrocyte_progenitor_1,1,oligodendrocyte_precursor_cell,oligodendrocyte_precursor_cell,oligodendrocyte_precursor_cell,0.662263194795224,0.5134280564284732,1.2273656270407225,0.9691757802345912,0.95327760450822,0.17453563868446562,0.7010318575144983,0.5794329483052967,1.1325689860608186,__MISSING__,__MISSING__,__MISSING__,0503_M4_T,True,18,25.0,glial_non_neuronal,oligodendrocyte_opc,True,True,True,True,False,3,0.47837027810245636,0.05689909022496328,0.12922084654536187,0.15840553564825957,True,False,False,False,False,False
2707604000085100151,oligodendrocyte_2,3,astrocyte_1,astrocyte_1,oligodendrocyte_precursor_cell,0.6524915794418169,0.47440437474355435,1.247273067612738,0.7508414947554976,0.6602040968696717,0.911665383505397,0.3076653733408038,0.00036874514782314627,1.8688935283845256,__MISSING__,__MISSING__,__MISSING__,0415_M3_L,True,12,14.0,glial_non_neuronal,oligodendrocyte_opc,True,False,False,False,False,1,-0.627189249398298,0.19430131668327502,0.1935869111379979,0.048674870898604644,True,False,False,False,False,False
2795903600057100037,alpha_motoneuron,3,beta_motoneuron,beta_motoneuron,beta_motoneuron,0.7651740591308807,0.5381156836797026,0.5791586711595746,0.9884893669087352,0.9780637357786187,0.06642778398992646,0.7224935340310831,0.599784848693699,1.1236043036646393,__MISSING__,__MISSING__,22,0613_M5_S,False,1,1.0,glial_non_neuronal,neuronal_or_other,True,True,True,True,False,3,0.4467312458156337,0.08238855466134228,0.1302119002510018,0.10021651968658839,True,False,False,False,False,False
2795103300402100043,DH_in_Npy,3,DH_in_Npy,DH_in_Npy,astrocyte_2,0.9785086063982887,0.9570172185965777,0.10378805732232414,0.9999539931201938,0.9999079862403877,0.0005054636303046834,0.4998333933879988,0.36815320518807526,1.9119061498978196,1,inhibitory,4,0610_M5_T,False,15,25.0,neuron,neuronal_or_other,True,False,False,False,False,1,-1.0494722708381574,0.9889139080855786,0.9959581477392486,0.010615332604421298,False,True,True,True,True,False
2796212800888100079,astrocyte_1,4,astrocyte_1,oligodendrocyte_precursor_cell,MV_in_Gabra1,0.3337925746295079,0.014365361420357103,1.4525355761667333,0.551872529255434,0.30841939108484706,1.125947096764128,0.7334598548036046,0.6559215791406912,1.2621185871442053,__MISSING__,__MISSING__,__MISSING__,0613_F4_C,True,14,23.0,glial_non_neuronal,astrocyte,False,False,False,False,True,1,2.883877261388464,0.8169744004252976,0.8242568931639846,0.08481371092843937,False,False,True,True,False,False
2795584800185100279,DH_ex_Prkcg/Cck,1,DH_ex_Prkcg/Nts,DH_ex_Prkcg/Nts,astrocyte_1,0.8011860297656903,0.6509995280537585,0.6209085531901795,0.630859609945479,0.2744442079796621,0.7167595949207983,0.20340529848672695,0.11421233654571747,2.829263647129077,1,excitatory,8,0610_F3_C,False,6,8.0,neuron,neuronal_or_other,True,False,False,False,False,1,0.1677435472593739,0.7612876162391014,0.7469410411385995,0.046584548383144075,True,False,False,False,False,False
2656144900557100103,astrocyte_1,2,astrocyte_1,astrocyte_1,MV_in_Chrna2,0.8066762296584472,0.7301431168230434,0.8168172526142984,0.8663685980960854,0.7890803893646233,0.5206711957499925,0.38082368819998963,0.12822997107572853,1.810852373051074,__MISSING__,__MISSING__,__MISSING__,0328_M2_L,True,13,17.0,glial_non_neuronal,astrocyte,True,False,False,False,False,1,-0.9528623983003731,0.35126865058421086,0.39663398418580664,0.020190047567964924,False,True,True,True,True,False
2795584800493100096,DH_ex_Tac2,4,DH_ex_Tac2,DH_ex_Tac2,DH_ex_Reln/Nmur2,0.7189699935477742,0.5670050473311543,0.8227581396912762,0.9352741350363682,0.9035014875781224,0.291593171645685,0.38644798578505224,0.2546841896948213,2.095885565751095,1,excitatory,8,0610_F4_L,False,15,27.0,neuron,neuronal_or_other,True,False,False,False,False,1,-0.5041759029456705,0.7511539654467114,0.7696517561943416,0.06312281513127836,False,True,True,True,True,False
2787445900822100028,astrocyte_2,2,oligodendrocyte_2,oligodendrocyte_2,oligodendrocyte_2,0.5809112991557811,0.21516823126549867,0.9439002165247106,0.7091634592863054,0.42520535620590355,0.6440363297017839,0.6168771480059324,0.2555290673135198,0.7862901516968187,__MISSING__,__MISSING__,__MISSING__,0503_F3_S,True,11,21.0,glial_non_neuronal,astrocyte,True,True,True,True,False,3,1.0776193772666645,0.01194540769031457,0.00984174971302674,0.027071752595334127,True,False,False,False,False,False
2787889600316100224,DM_ex_Zfhx3,2,DM_ex_Zfhx3,DM_ex_Zfhx3,DH_ex_Sox5/Tac1,0.9999720425437784,0.9999526348178597,0.00035266535019143406,1.0,1.0,-0.0,0.591461500573033,0.25319225957486824,1.0418682511985375,2,excitatory,11,0503_M4_C,False,41,76.0,neuron,neuronal_or_other,True,False,False,False,False,1,-1.4753627456051852,0.45410592632879504,0.4542316594298578,1.3978869067572412e-05,False,True,True,True,True,False
2796212800978100213,M_ex_Vsx2,3,M_ex_Vsx2,M_ex_Vsx2,MV_in_Gm26673,0.857598182673676,0.7151963711473521,0.4092997651892439,0.9999990778586682,0.9999981557173363,1.3736740018426954e-05,0.9337609363467938,0.8999789757564098,0.33542249489692294,3,excitatory,20,0613_F3_C,False,28,55.0,neuron,neuronal_or_other,True,False,False,False,False,1,0.9970693889813089,0.9796548316072444,0.9791643119118137,0.07513383116890136,False,True,True,True,True,False
2787445900285100072,DH_in_Kcnip2,4,DH_in_Npy2r,DH_in_Npy2r,DM_ex_Zfhx3,0.9773425182165494,0.954685042233099,0.10820884895484542,0.9977721451598222,0.9955442903196443,0.015830248373333286,0.5223124171468627,0.4367882229722432,1.9748286006610007,1,inhibitory,9,0503_F4_C,False,17,26.0,neuron,neuronal_or_other,True,False,False,False,False,1,-0.8283693093780045,0.781843621320124,0.7825300406553907,0.007107797068569141,True,False,False,False,False,False
2787889600023100065,DH_ex_Sox5/Tac1,1,DH_ex_Sox5/Tac1,DH_ex_Sox5/Tac1,DH_in_Rorb,0.9571815060183614,0.9143652877323983,0.1768279076129119,0.9970677489623853,0.9941354979247705,0.020028791493327338,0.3635983635118018,0.030291744907450013,1.6438654319264743,1,excitatory,5,0503_M5_C,False,34,74.0,neuron,neuronal_or_other,True,False,False,False,False,1,-1.9868617720712698,0.44503162029952625,0.45411383719833676,0.015311922148302874,False,True,True,True,True,False
2945606900000003462,oligodendrocyte_1,1,astrocyte_1,astrocyte_1,MV_in_Sema5b,0.5593422372772929,0.39799037969487006,1.358474209621806,0.6695587324258391,0.43606648543432025,0.919702885481738,0.2778027822496497,0.0727578049129804,2.591065313600757,__MISSING__,__MISSING__,__MISSING__,0328_F1_C,True,9,10.0,glial_non_neuronal,oligodendrocyte_opc,True,False,False,False,False,1,0.17414339815604696,0.41986161177273507,0.4255538701527396,0.052123035040200785,True,False,False,False,False,False
2707737900144100133,oligodendrocyte_progenitor_2,3,oligodendrocyte_2,oligodendrocyte_2,oligodendrocyte_2,0.847198329904902,0.7197208497872566,0.5457343372209036,0.8927370385458782,0.7855098808767133,0.3411824775052353,0.7437483097658982,0.4924574446456958,0.6046765051162744,__MISSING__,__MISSING__,__MISSING__,0415_F1_T,True,25,43.0,glial_non_neuronal,oligodendrocyte_opc,True,True,True,True,False,3,0.17809789537946796,0.025168647835974754,0.02875277752398796,0.013607525196112245,True,False,False,False,False,False
2796212800849100289,DH_ex_Maf/Cck,2,DH_ex_Maf/Cck,DH_ex_Maf/Cck,oligodendrocyte_1,0.7272669178879627,0.4960858044507628,0.719353889561701,0.8946851001968444,0.7948529285657033,0.3618978411009153,0.3068352184443558,0.20155842900295495,2.5354481200759844,1,excitatory,10,0613_F3_C,False,4,5.0,neuron,neuronal_or_other,True,False,False,False,False,1,-0.32276552186174556,0.9246577226642835,0.9341594239616565,0.03849055188721245,False,True,True,True,True,False
2796212800365100159,astrocyte_1,1,endothelial,endothelial,endothelial,0.6599379724599874,0.4322376335887488,1.0449538107825986,0.9397878175057747,0.9080689519190203,0.2872460546155556,0.6078754892375132,0.444689572205334,1.4209994903950045,__MISSING__,__MISSING__,__MISSING__,0613_F4_L,True,7,11.0,glial_non_neuronal,astrocyte,True,True,True,True,False,3,0.3045937071266918,0.10500826439534777,0.13555424389673143,0.12424410115300205,True,False,False,False,False,False
2796212800552100092,oligodendrocyte_1,3,astrocyte_1,astrocyte_1,astrocyte_1,0.790316149865327,0.6878100034531058,0.811595981941896,0.9982150404091036,0.9970227434699523,0.0147178458996256,0.8607888516659697,0.8238669658757752,0.7390708451391518,__MISSING__,__MISSING__,__MISSING__,0613_F3_L,True,8,11.0,glial_non_neuronal,oligodendrocyte_opc,True,True,True,True,False,3,0.8210515708909227,0.03956218933269908,0.06807428500249568,0.10722515706751605,True,False,False,False,False,False
2656143800214100131,oligodendrocyte_2,3,oligodendrocyte_progenitor_2,oligodendrocyte_progenitor_2,oligodendrocyte_progenitor_2,0.7072044421055981,0.4538828145487538,0.7805811649361345,0.8323744559051321,0.6655134252111085,0.4584943059974483,0.48932218267826666,0.024464150777583793,0.8839349952117026,__MISSING__,__MISSING__,__MISSING__,0328_M3_T,True,7,9.0,glial_non_neuronal,oligodendrocyte_opc,True,True,True,True,False,3,-0.5278710279931049,0.04769601784938688,0.10617094189895838,0.02767983220991961,True,False,False,False,False,False
2795584800238200179,oligodendrocyte_progenitor_1,0,astrocyte_1,astrocyte_1,astrocyte_1,0.8750217710745596,0.7964153133613872,0.536371153754676,0.9887149754827512,0.982696456554401,0.07219544660609167,0.7191331861618641,0.46110842774833494,0.7131276181708637,__MISSING__,__MISSING__,__MISSING__,0610_F3_L,True,8,14.0,glial_non_neuronal,oligodendrocyte_opc,True,True,True,True,False,3,-0.44571253098356467,0.12810065737684956,0.13426866554272904,0.04554138562747439,True,False,False,False,False,False
2707604800384100097,DH_in_Npy,3,DH_in_Npy,DH_in_Npy,DH_in_Cdh3,0.9721503558121309,0.9444206508898539,0.1280298410209241,0.9999944666018494,0.9999889332036989,7.251355412159358e-05,0.29810694602385945,0.03776070830209877,2.123435051304164,1,inhibitory,4,0415_M1_C,False,25,49.0,neuron,neuronal_or_other,True,False,False,False,False,1,-2.0296255516081363,0.4726823212951128,0.536858321360359,0.01403138513359263,False,True,True,True,True,False
2795903600089100136,MV_in_Sema5b,2,MV_in_Sema5b,MV_in_Sema5b,DM_ex_Zfhx3,0.9999999940999997,0.9999999939999997,1.4175252073536734e-07,1.0,1.0,-0.0,0.39401378688036515,0.2717894474199222,2.3023945423045324,4,inhibitory,15,0613_M5_L,False,19,28.0,neuron,neuronal_or_other,True,False,False,False,False,1,-1.4190161181005756,0.957981496034129,0.9579815665022496,2.950000006277528e-09,False,True,True,True,True,False
2787889600409100142,DH_ex_Maf/Cpne4,1,DH_ex_Maf/Cck,DH_ex_Maf/Cck,astrocyte_1,0.9187312091864802,0.8559644550974332,0.3367200400463175,0.9854728736030933,0.9758959293842526,0.0885636893902297,0.4283558507861306,0.2633051766601256,2.086864335563327,1,excitatory,10,0503_M4_L,False,16,24.0,neuron,neuronal_or_other,True,False,False,False,False,1,-1.1390444064740675,0.711995049491153,0.7287575504915458,0.020133794106052746,True,False,False,False,False,False
2726543700239100036,DH_ex_Sox5,4,DH_ex_Sox5,DH_ex_Sox5,DH_in_Cdh3,0.9885698511976974,0.9771397081953951,0.062474607061923565,0.9999595671584298,0.9999191343168596,0.00044944532014783487,0.17782802087948893,0.04841154508885401,2.9253261984946,1,excitatory,5,0422_M3_T,False,5,6.0,neuron,neuronal_or_other,True,False,False,False,False,1,-2.055746805919595,0.9316163965659083,0.9323969536897212,0.005564978218915889,False,True,True,True,True,False
2656143800242100126,DM_ex_Zfhx3,2,DM_ex_Zfhx3,DM_ex_Zfhx3,DH_ex_Sox5/Tac1,0.9999799019865362,0.9999637172452593,0.0002512772896287025,1.0,1.0,-0.0,0.45110877121977233,0.26393639307386363,1.7462001711939645,2,excitatory,11,0328_M3_T,False,31,91.0,neuron,neuronal_or_other,True,False,False,False,False,1,-1.4427805245689116,0.6267000364581317,0.6268196700905596,1.0049079576097508e-05,False,True,True,True,True,False
2787889600279100217,DH_ex_Maf/Cck,1,DH_ex_Maf/Cck,DH_ex_Maf/Cck,MV_ex_Syt2,0.6665646857880307,0.4169889543932471,0.8513878258326208,0.5782268120270693,0.34650812434251776,0.9771865905819391,0.579046741863358,0.37719278036399995,1.4081945113690246,1,excitatory,10,0503_M4_C,False,31,65.0,neuron,neuronal_or_other,True,False,False,False,False,1,1.2416632389824926,0.4788130709999882,0.5095492291322185,0.03753867163924531,False,True,True,True,True,False
2946331700000015080,MV_in_Esrrb,3,MV_in_Esrrb,MV_in_Esrrb,MV_in_Gabra1,0.9999999940999997,0.9999999939999997,1.4175252073536734e-07,1.0,1.0,-0.0,0.4613846508958972,0.20867302793305587,1.3067604982381937,4,inhibitory,14,0415_F2_S,False,17,42.0,neuron,neuronal_or_other,True,False,False,False,False,1,-1.6105369563888754,0.5456552392727496,0.5456552937041192,2.950000006277528e-09,False,True,True,True,True,False
2787445900324100313,oligodendrocyte_progenitor_2,3,oligodendrocyte_progenitor_2,oligodendrocyte_progenitor_2,microglia,0.36612539819014284,0.11014689003799161,1.7531023697119612,0.4150525252569817,0.1463399983943784,1.3418506073716157,0.47923738249375086,0.3485127235948828,1.6399153337518548,__MISSING__,__MISSING__,__MISSING__,0503_F4_C,True,24,69.0,glial_non_neuronal,oligodendrocyte_opc,True,False,False,False,False,1,2.1012849307403014,0.1417444348619415,0.2683476887042154,0.14691036153935752,False,True,True,True,True,False
2707604700319100153,oligodendrocyte_progenitor_2,3,oligodendrocyte_progenitor_2,oligodendrocyte_progenitor_2,oligodendrocyte_1,0.6606441205621736,0.5454442589937962,1.2534557138064797,0.8100435393203057,0.6838118142619095,0.67640417356579,0.4143280435151105,0.24151539219226792,1.8724076318588094,__MISSING__,__MISSING__,__MISSING__,0415_M2_C,True,6,7.0,glial_non_neuronal,oligodendrocyte_opc,True,False,False,False,False,1,-0.06949551452381031,0.24416734641016827,0.33661270628689105,0.06603233732192294,False,True,True,True,True,False
2945606900000016660,DH_ex_Gpr83,0,DH_ex_Gpr83,DH_ex_Gpr83,DM_ex_Zfhx3,0.7899279841331112,0.5798559740662227,0.5140522009402546,0.999823284282368,0.999646568564736,0.0017036950045809744,0.5314181027965829,0.44864591713560276,2.118683566862402,1,excitatory,2,0328_F1_T,False,9,17.0,neuron,neuronal_or_other,True,False,False,False,False,1,-0.12945303731445537,0.7463012441767757,0.788370597941567,0.11299295499292478,False,True,True,True,True,False
2795584800362100019,oligodendrocyte_precursor_cell,4,astrocyte_2,astrocyte_2,astrocyte_2,0.8255033789825944,0.7813326973360573,0.7989804081299645,0.9992529819089054,0.9988240851588535,0.0070634365572641465,0.7855497544142683,0.7038996397278294,0.9060849956418187,__MISSING__,__MISSING__,__MISSING__,0610_F4_C,True,5,7.0,glial_non_neuronal,oligodendrocyte_opc,True,True,True,True,False,3,0.2860078198307838,0.029970012659289943,0.11345560471865504,0.09042954823118185,True,False,False,False,False,False
2787889600407100199,endothelial,0,oligodendrocyte_progenitor_2,oligodendrocyte_progenitor_2,DH_in_Cdh3,0.5647514843913712,0.36414264350917613,1.2622363020837137,0.7155407722573951,0.4432186618862084,0.6597248047751113,0.3407885956811339,0.21535788834742736,2.378593661779523,__MISSING__,__MISSING__,__MISSING__,0503_M4_L,True,16,29.0,glial_non_neuronal,vascular,True,False,False,False,False,1,0.6532538432070341,0.7794953607201838,0.779745902873415,0.10846510473491688,True,False,False,False,False,False
2787445900687100090,oligodendrocyte_precursor_cell,3,oligodendrocyte_2,oligodendrocyte_2,oligodendrocyte_2,0.8636853606539401,0.8028571101817329,0.6380011627452231,0.9275546159762565,0.8660366791942289,0.30542425118893374,0.5665056650819764,0.4385486243059191,1.4987132910448917,__MISSING__,__MISSING__,__MISSING__,0503_F3_T,True,8,12.0,glial_non_neuronal,oligodendrocyte_opc,True,True,True,True,False,3,-0.2941558064885579,0.0942985057601262,0.1663282587480852,0.022301587487635235,True,False,False,False,False,False
2656144900533100092,oligodendrocyte_2,3,oligodendrocyte_1,endothelial,endothelial,0.39542979979363974,0.23137666856820527,1.7454443554960886,0.360461544464216,0.07281411579260011,1.5093454771928914,0.4032553928519896,0.15146035019746906,1.7641233702226187,__MISSING__,__MISSING__,__MISSING__,0328_M2_L,True,5,6.0,glial_non_neuronal,oligodendrocyte_opc,False,False,True,False,False,2,1.4322372143205864,0.34622562924454925,0.2867475101831227,0.0697688204110684,True,False,False,False,False,False
2795103300125100103,endothelial,3,oligodendrocyte_progenitor_2,oligodendrocyte_progenitor_2,MV_in_Chrna2,0.9147162663872668,0.8864144618623816,0.43597376449853165,0.9890371570666286,0.9814191042979048,0.07203159108283927,0.6565141544111898,0.5204383823868591,1.2940731372867558,__MISSING__,__MISSING__,__MISSING__,0610_M4_L,True,10,14.0,glial_non_neuronal,vascular,True,False,False,False,False,1,-0.4242765799450816,0.6723395590481247,0.6830912233285067,0.03238475690759362,True,False,False,False,False,False
2946331700000010663,oligodendrocyte_progenitor_2,4,astrocyte_1,astrocyte_1,astrocyte_1,0.43344061737291933,0.11525140989905835,1.3764278451479797,0.42250188722967114,0.08399151224669199,1.1498849003305558,0.46981023559235946,0.27087650831360793,1.7974826937789972,__MISSING__,__MISSING__,__MISSING__,0415_F2_T,True,8,10.0,glial_non_neuronal,oligodendrocyte_opc,True,True,True,True,False,3,1.9803150298715995,0.10766034898306628,0.14261150183921203,0.034461070358884134,True,False,False,False,False,False
2707604700389100157,DH_ex_Prkcg/Rxfp1,0,DH_ex_Grp,DH_ex_Grp,astrocyte_1,0.8952880263577462,0.8125657899234482,0.3891323991350526,0.9232793248653669,0.8481155714101568,0.27829519187342866,0.704968470449668,0.6560041679723525,1.5064497355403723,1,excitatory,6,0415_M2_C,False,8,11.0,neuron,neuronal_or_other,True,False,False,False,False,1,0.383880274117378,0.9830103775292409,0.9832598438301504,0.007923585418034526,True,False,False,False,False,False
2796212800697100145,alpha_motoneuron,2,alpha_motoneuron,alpha_motoneuron,oligodendrocyte_2,0.8708603739929319,0.7493203414424652,0.41364758867122187,0.9998887551957584,0.9998186911297637,0.0011973026622362618,0.5079467140835563,0.0819375617192446,0.9984847298904451,__MISSING__,__MISSING__,22,0613_F5_C,False,10,12.0,glial_non_neuronal,neuronal_or_other,True,False,False,False,False,1,-1.5459381852218006,0.8835951891994973,0.8833978148672423,0.06728303500825268,False,True,True,True,True,False
2796212800585100134,MV_in_Sema5b,2,MV_in_Sema5b,MV_in_Sema5b,MV_in_Gm26673,0.9999999940999997,0.9999999939999997,1.4175252073536734e-07,1.0,1.0,-0.0,0.7570235463252823,0.6275667305178978,0.8943386526708212,4,inhibitory,15,0613_F3_L,False,14,24.0,neuron,neuronal_or_other,True,False,False,False,False,1,-0.3394434164672584,0.9581861880899311,0.9581862423252364,2.950000006277528e-09,False,True,True,True,True,False
2787445900255100031,peripheral_glia,1,Schwann_cell,Schwann_cell,Schwann_cell,0.6078163793779774,0.4726763152072322,1.3467722502664772,0.9872463966765848,0.9752625632703078,0.07207031165829766,0.8053220004874451,0.656695535255138,0.6299321928436091,__MISSING__,__MISSING__,__MISSING__,0503_F4_C,True,9,49.0,glial_non_neuronal,remaining_glial_non_neuronal,True,True,True,True,False,3,0.7421408679503334,0.09360048265407987,0.07839588471890788,0.20188992343057824,True,False,False,False,False,False
2795103300197100230,astrocyte_1,1,endothelial,endothelial,endothelial,0.7080295556859145,0.5208827861411982,0.9131894315124907,0.8672045426260638,0.7596625512804616,0.47228588221518847,0.33478623887834463,0.16506293009552994,2.1513265131705968,__MISSING__,__MISSING__,__MISSING__,0610_M4_L,True,4,4.0,glial_non_neuronal,astrocyte,True,True,True,True,False,3,-0.40805750803242224,0.20412488486787866,0.2984590542958575,0.03431958339751903,True,False,False,False,False,False
2656144900542100210,DH_ex_Prkcg/Cck,3,DH_ex_Prkcg/Cck,DH_ex_Prkcg/Cck,astrocyte_1,0.6780133963575615,0.5207662048622088,0.9460101923041093,0.9445483568796128,0.9136858153332504,0.2683750647165019,0.5958320677934478,0.3522733066904159,1.3884525643141152,1,excitatory,8,0328_M1_S,False,18,24.0,neuron,neuronal_or_other,True,False,False,False,False,1,-0.14548070397757584,0.9671618863523384,0.9719027881011706,0.09610895955317722,False,True,True,True,True,False
2707604000086100071,DH_ex_Maf/Cck,3,DH_ex_Maf/Cck,DH_ex_Maf/Cck,MV_ex_Syt2,0.834227021892069,0.7075011687482207,0.554080685428056,0.5827589797068181,0.2564403448992352,0.9567259877169467,0.63930783719145,0.5193242744063733,1.3558872353458162,1,excitatory,10,0415_M3_L,False,28,57.0,neuron,neuronal_or_other,True,False,False,False,False,1,1.3315935097866836,0.704337134077819,0.7068114408979828,0.06896430803700866,False,True,True,True,True,False
2656144900370100020,oligodendrocyte_1,4,astrocyte_1,oligodendrocyte_1,MV_in_Chrna2,0.42521871065517064,0.03594186448406189,1.2247075781567551,0.5654642472576673,0.3558128127093454,1.0837194706036237,0.3060248404310075,0.09091210069297403,2.195525857681863,__MISSING__,__MISSING__,__MISSING__,0328_M2_T,True,2,2.0,glial_non_neuronal,oligodendrocyte_opc,False,False,False,False,True,1,1.0367134254042156,0.31793489860110696,0.3483602409910117,0.061224461744555224,False,False,True,False,True,False
2787445900426100072,DH_in_Klhl14,4,DH_in_Cdh3,DH_in_Cdh3,MV_in_Gabra1,0.596912521407438,0.1951847944388736,0.6834202027942565,0.8001345801652011,0.6002691603304022,0.5002157992050859,0.9248986581746276,0.903728734834933,0.42012329968265166,1,inhibitory,10,0503_F4_T,False,38,113.0,neuron,neuronal_or_other,True,False,False,False,False,1,2.732832461000223,0.9340615395088069,0.9382492294983995,0.036290303581249406,True,False,False,False,False,False
2656144900211100121,oligodendrocyte_1,0,oligodendrocyte_progenitor_2,oligodendrocyte_1,oligodendrocyte_progenitor_2,0.5325798924203395,0.13410946459367246,0.9702428297202262,0.7037730636665028,0.408511172558798,0.6151973066662266,0.6492706913854112,0.41940540739516075,0.9217702143189899,__MISSING__,__MISSING__,__MISSING__,0328_M2_C,True,12,26.0,glial_non_neuronal,oligodendrocyte_opc,False,True,False,False,False,2,1.7531452359457211,0.040671848648144576,0.1971395676897758,0.0873940551854171,False,False,True,False,True,False
2707604000123100275,DM_ex_Zfhx3,4,DM_ex_Zfhx3,DM_ex_Zfhx3,astrocyte_2,0.9999999940999997,0.9999999939999997,1.4175252073536737e-07,1.0,1.0,-0.0,0.2583970220148281,0.053194822158556504,2.351259215743536,2,excitatory,11,0415_M3_T,False,12,27.0,neuron,neuronal_or_other,True,False,False,False,False,1,-2.0823209477429656,0.7117880202009109,0.7117880923006632,2.950000006277528e-09,False,True,True,True,True,False
2707604000087100137,DH_ex_Reln/Nmur2,3,DH_ex_Reln/Nmur2,DH_ex_Reln/Nmur2,DH_ex_Reln,0.9916006820248086,0.9832013698496175,0.0485094764131776,0.9999968081773633,0.9999936163547264,4.3584072702330614e-05,0.5366148624140098,0.08378235553030472,0.7670384976391803,1,excitatory,3,0415_M3_L,False,9,22.0,neuron,neuronal_or_other,True,False,False,False,False,1,-1.9594177708628455,0.3511982825734786,0.34976305364435245,0.004193586331990804,False,True,True,True,True,False
2656144300146100117,DM_ex_Zfhx3,3,DM_ex_Zfhx3,DM_ex_Zfhx3,DH_ex_Grpr,0.9999999940999997,0.9999999939999997,1.4175252073536737e-07,1.0,1.0,-0.0,0.4798758468843057,0.3829510442117182,1.9039084573008083,2,excitatory,11,0328_F2_T,False,16,23.0,neuron,neuronal_or_other,True,False,False,False,False,1,-1.081706708344516,0.8346495342079743,0.8346495967765,2.950000006277528e-09,False,True,True,True,True,False
2707604700250100273,DH_ex_Maf/Cck,3,DH_ex_Maf/Cck,DH_ex_Maf/Cck,DH_ex_Sox5/Tac1,0.9262014475129742,0.8591776826335493,0.2906344504681128,0.9983399824636039,0.9973140382974618,0.01356236109118272,0.8807726057334367,0.8161774414193431,0.5766561765576608,1,excitatory,10,0415_M2_T,False,16,25.0,neuron,neuronal_or_other,True,False,False,False,False,1,0.4903311592422529,0.8159147002563024,0.821895389007816,0.03344175303616535,False,True,True,True,True,False
2787445900170100224,endothelial,4,astrocyte_1,astrocyte_1,astrocyte_2,0.5086769939652974,0.29259631178778045,1.392170754435655,0.5283565075817007,0.07852838216448005,0.7959093882575352,0.34367371620036824,0.10906082627269448,1.6466496483132766,__MISSING__,__MISSING__,__MISSING__,0503_F5_C,True,5,6.0,glial_non_neuronal,vascular,True,False,False,False,False,1,1.1826332733319143,0.1423250499252616,0.2982410109546475,0.12720925999786298,True,False,False,False,False,False
2707604700107100212,oligodendrocyte_progenitor_2,4,oligodendrocyte_progenitor_2,oligodendrocyte_progenitor_2,MV_in_Gabra1,0.7693423680553771,0.5865772708072826,0.741344340300753,0.9161334373839431,0.8330796940415415,0.2934436095444177,0.2389847217239738,0.04177398765195997,2.069615142435928,__MISSING__,__MISSING__,__MISSING__,0415_M2_L,True,15,43.0,glial_non_neuronal,oligodendrocyte_opc,True,False,False,False,False,1,-1.0455004908179983,0.48143836438316306,0.5310490817094475,0.04015859049483564,False,True,True,True,True,False
2787445900201100067,astrocyte_2,1,astrocyte_2,astrocyte_2,astrocyte_1,0.64577062793856,0.3237364277975713,0.82301723233799,0.8470956347489991,0.6942250657067185,0.42812308427556256,0.6740433214864362,0.3533847725981502,0.6700460347769575,__MISSING__,__MISSING__,__MISSING__,0503_F5_T,True,16,28.0,glial_non_neuronal,astrocyte,True,False,False,False,False,1,0.6462293510083704,0.09692972099985987,0.21921101219976735,0.047983509772794086,False,True,True,True,True,False
2707604000139100261,DH_ex_Prkcg/Rxfp1,4,DH_ex_Prkcg/Rxfp1,DH_ex_Prkcg/Rxfp1,astrocyte_1,0.8022681116132111,0.6093456097264732,0.5198658828606101,0.9741091649166429,0.9483561050707462,0.12101318678065423,0.31493260348420654,0.04234164057664147,2.1049901587324684,1,excitatory,6,0415_M3_T,False,10,18.0,neuron,neuronal_or_other,True,False,False,False,False,1,-1.3133411676524471,0.9894148901867926,0.9906823925819364,0.06018845946261895,False,True,True,True,True,False
2795584800090100054,endothelial,2,endothelial,endothelial,gamma_motoneuron,0.8866219439105999,0.8525759105026538,0.5715229894339745,0.943624334928383,0.9003623866617702,0.26476624892787537,0.631162346614925,0.40101786459410016,1.1939897720680284,__MISSING__,__MISSING__,__MISSING__,0610_F3_T,True,8,9.0,glial_non_neuronal,vascular,True,False,False,False,False,1,-0.5651831095223169,0.44445019067674835,0.5158835570283178,0.025672424726715173,False,True,True,True,True,False
2796212800593100201,M_ex_Vsx2,0,M_ex_Vsx2,M_ex_Vsx2,DM_ex_Zfhx3,0.9320057516621236,0.8640115091242473,0.24841963839426903,0.9999871755675606,0.9999743511351212,0.0001572807888767523,0.7230819246593144,0.6432402487978346,1.2259376657870082,3,excitatory,20,0613_F4_T,False,23,27.0,neuron,neuronal_or_other,True,False,False,False,False,1,-0.04836492326036215,0.8483357272171763,0.8462983563037567,0.0347778879506821,False,True,True,True,True,False
2796212800450100113,oligodendrocyte_1,4,astrocyte_1,astrocyte_1,astrocyte_1,0.7284033836412703,0.597180155104923,0.9669371570453077,0.862849878925402,0.790348294302813,0.5392777726204014,0.3734178235096772,0.27943509482932716,2.643166218837364,__MISSING__,__MISSING__,__MISSING__,0613_F3_S,True,6,6.0,glial_non_neuronal,oligodendrocyte_opc,True,True,True,True,False,3,-0.2585101947432809,0.26475184211610236,0.3094966161379346,0.07439178194495037,True,False,False,False,False,False
2656144300102100202,DH_ex_Prkcg/Nts,0,DH_ex_Prkcg/Nts,DH_ex_Prkcg/Nts,DH_ex_Sox5,0.6743982614154481,0.4838330319307702,0.9453866979864656,0.818338499383642,0.6527080505321107,0.5390801314818031,0.5051844135364759,0.3937548513757091,1.89916995715257,1,excitatory,8,0328_F2_T,False,20,27.0,neuron,neuronal_or_other,True,False,False,False,False,1,0.5645013332509616,0.8593488845385622,0.8657823095835304,0.0444932231667637,False,True,True,True,True,False
2946331700000012429,oligodendrocyte_1,4,oligodendrocyte_progenitor_2,oligodendrocyte_progenitor_2,oligodendrocyte_progenitor_2,0.9442289217014171,0.9009498262091697,0.26010822188186994,0.9355205223788661,0.8711564181644098,0.24022080890746833,0.6940925168201234,0.4122547716125597,0.7585759373298486,__MISSING__,__MISSING__,__MISSING__,0415_F2_T,True,17,48.0,glial_non_neuronal,oligodendrocyte_opc,True,True,True,True,False,3,-0.5597245082191843,0.093169003494873,0.07782360441258086,0.007470777483642488,True,False,False,False,False,False
2795103300367100270,DH_ex_Reln/Nmur2,1,DH_ex_Reln/Nmur2,DH_ex_Reln/Nmur2,DH_ex_Tac2,0.9228160942479737,0.8456321942959477,0.2718371542653078,0.9987956762331226,0.9975913524662451,0.009298866404795174,0.6423679058609032,0.44399538018775,1.216210548643937,1,excitatory,3,0610_M5_T,False,9,26.0,neuron,neuronal_or_other,True,False,False,False,False,1,-0.6153194664663044,0.8711415205374228,0.8710843079162,0.035788274607111266,False,True,True,True,True,False
2707604700388100039,oligodendrocyte_progenitor_2,4,oligodendrocyte_progenitor_2,oligodendrocyte_progenitor_2,oligodendrocyte_1,0.4850913769604232,0.12588382278194404,1.1700132793298634,0.6158884508943506,0.2795378618524241,0.8368708814865307,0.370549678375095,0.13542798371223091,1.7493179282674762,__MISSING__,__MISSING__,__MISSING__,0415_M2_C,True,11,13.0,glial_non_neuronal,oligodendrocyte_opc,True,False,False,False,False,1,1.1621545206368522,0.09743818135671622,0.22726728001597188,0.06821601769072907,False,True,True,True,True,False
2787445900303100103,oligodendrocyte_progenitor_1,2,oligodendrocyte_precursor_cell,oligodendrocyte_precursor_cell,oligodendrocyte_precursor_cell,0.6728476108098406,0.43158112978518337,0.9766004279585674,0.9642089828549796,0.9522823895045028,0.20932788987799733,0.7076114674485057,0.5361838670858923,1.0462713296643027,__MISSING__,__MISSING__,__MISSING__,0503_F5_L,True,5,7.0,glial_non_neuronal,oligodendrocyte_opc,True,True,True,True,False,3,0.49564542159183467,0.10503382769681352,0.11164647151607365,0.12939309830134801,True,False,False,False,False,False
2707737900147100238,oligodendrocyte_progenitor_2,1,oligodendrocyte_progenitor_2,oligodendrocyte_progenitor_2,oligodendrocyte_1,0.5664687158975873,0.4236847523847932,1.4799254270962272,0.4310546011888932,0.04121708505271232,1.2461819817330368,0.2206307875600481,0.006595135962807586,2.34529031114737,__MISSING__,__MISSING__,__MISSING__,0415_F1_T,True,9,13.0,glial_non_neuronal,oligodendrocyte_opc,True,False,False,False,False,1,0.7110710051227568,0.2004848690055856,0.1920512818702572,0.09777746554442324,False,True,True,True,True,False
2787889600444200032,astrocyte_1,3,astrocyte_1,astrocyte_1,astrocyte_2,0.5969084277856415,0.31303677521714446,1.1169835181980998,0.6616062454814726,0.414297368370271,0.9481699589202263,0.9732010256721603,0.9598637116970546,0.17021414316856373,__MISSING__,__MISSING__,__MISSING__,0503_M4_L,True,8,15.0,glial_non_neuronal,astrocyte,True,False,False,False,False,1,3.0612871853892774,0.4407580094987623,0.48417322268795215,0.011872055903102639,False,True,True,True,True,False
2726544600431100024,MV_in_Gm26673,4,MV_in_Chrna2,MV_in_Chrna2,MV_in_Chrna2,0.6875626313226365,0.3751252684452733,0.621037115900937,0.9965804410704698,0.9931608821409397,0.022830794524847056,0.36831087769593035,0.1386116302974208,1.6258714528605471,4,inhibitory,19,0422_F1_L,False,14,30.0,neuron,neuronal_or_other,True,True,True,True,False,3,-0.6908093783963674,0.2409330823021301,0.41303371318454873,0.16487824458025155,True,False,False,False,False,False
2945606900000008091,MV_in_Esrrb,1,MV_in_Esrrb,MV_in_Esrrb,DM_ex_Zfhx3,0.9999999940999997,0.9999999939999997,1.4175252073536734e-07,1.0,1.0,-0.0,0.3217443643560788,0.1108597108341374,2.3942625563571984,4,inhibitory,14,0328_F1_C,False,9,11.0,neuron,neuronal_or_other,True,False,False,False,False,1,-1.9073422669379363,0.9078402670376956,0.9078403402635291,2.950000006277528e-09,False,True,True,True,True,False
2796212800296100103,oligodendrocyte_1,0,oligodendrocyte_progenitor_2,oligodendrocyte_progenitor_2,oligodendrocyte_progenitor_2,0.9095335554168084,0.8254504166957367,0.3388726850717023,0.8164684595176959,0.633130974545389,0.47863633978968734,0.5817852111474022,0.2810036641950334,1.1599719550882288,__MISSING__,__MISSING__,__MISSING__,0613_F4_S,True,16,47.0,glial_non_neuronal,oligodendrocyte_opc,True,True,True,True,False,3,-0.3503917642124356,0.12906217104374187,0.08275032801619293,0.01823908585345266,True,False,False,False,False,False
2946331700000011498,meninges_2,2,meninges_3,meninges_1,meninges_1,0.609286912098364,0.43219002402736983,1.0950886761722247,0.43580805140111156,0.05489557623755198,1.1742822411184657,0.45133842349071224,0.1771137121028712,1.2089000180214549,__MISSING__,__MISSING__,__MISSING__,0415_F2_L,True,3,42.0,glial_non_neuronal,meningeal,False,False,True,False,False,2,1.1861171587868207,0.11906993598725082,0.03142619805789617,0.06209129033409864,True,False,False,False,False,False
2946331700000009388,DH_ex_Reln,2,DH_ex_Prkcg/Rxfp1,DH_ex_Prkcg/Rxfp1,peripheral_glia,0.6827503169603287,0.42063697138609163,0.8145822303973392,0.8983071202012028,0.8027617750029109,0.3519940311351356,0.9971502937398025,0.996197462005854,0.02659993095347849,1,excitatory,6,0415_F2_T,False,19,40.0,neuron,neuronal_or_other,True,False,False,False,False,1,2.207874716789743,0.9401241186796407,0.9984267048103702,0.057547145280883547,True,False,False,False,False,False
2796212800296100080,M_ex_Vsx2,3,M_ex_Vsx2,M_ex_Vsx2,M_in_Tfap2b,0.9718406754848393,0.9437194160172101,0.1286101955688437,0.999998062550574,0.999996125101148,2.7422925013517304e-05,0.9826789087949137,0.9796098949741083,0.1303371278685536,3,excitatory,20,0613_F4_S,False,21,41.0,neuron,neuronal_or_other,True,False,False,False,False,1,0.8295684017714939,0.9979521838135654,0.9980966134085039,0.014210865446123468,False,True,True,True,True,False
2795584800449100102,oligodendrocyte_progenitor_2,2,endothelial,oligodendrocyte_1,oligodendrocyte_1,0.3277887631368726,0.025119577903494616,1.5657968949893033,0.5295529408995361,0.2382476225420792,1.1554541930639648,0.13992495491419193,0.016150044292055438,3.005220118653143,__MISSING__,__MISSING__,__MISSING__,0610_F4_T,True,6,8.0,glial_non_neuronal,oligodendrocyte_opc,False,False,True,False,False,2,1.062573231116809,0.4406636140944064,0.5068236114160195,0.09068600553065406,True,False,False,False,False,False
2787445900720100012,oligodendrocyte_progenitor_2,4,oligodendrocyte_2,oligodendrocyte_2,oligodendrocyte_2,0.8709604935565598,0.811941556129269,0.5246996579471414,0.9962251671191,0.9925228316070857,0.02526460874922512,0.802085760309931,0.6420843475595805,0.6587583447021547,__MISSING__,__MISSING__,__MISSING__,0503_F3_L,True,8,11.0,glial_non_neuronal,oligodendrocyte_opc,True,True,True,True,False,3,0.05614106293069582,0.054095787682554866,0.09531531577246809,0.059009222830743835,True,False,False,False,False,False
2707737900090100167,DH_ex_Grpr,2,DH_ex_Grpr,DH_ex_Grpr,DH_in_Pdyn,0.9061542877135611,0.8123085812271227,0.3113463674316896,0.9676950010627232,0.9353900021254464,0.14266546535743224,0.6962491093977503,0.6087039380955731,1.2001059305017692,1,excitatory,2,0415_F1_L,False,22,33.0,neuron,neuronal_or_other,True,False,False,False,False,1,0.06759104778265229,0.8067505712505515,0.8107488408693729,0.012033636327615074,False,True,True,True,True,False
2726562700238100128,MV_in_Esrrb,3,MV_in_Esrrb,MV_in_Esrrb,MV_in_Sema5b,0.9999999940999997,0.9999999939999997,1.4175252073536734e-07,1.0,1.0,-0.0,0.18413885509190264,0.06372704491279305,2.571375764096254,4,inhibitory,14,0422_F2_L,False,4,5.0,neuron,neuronal_or_other,True,False,False,False,False,1,-2.0503619084417863,0.7708664637426168,0.7708665346515304,2.950000006277528e-09,False,True,True,True,True,False
2656143800055100014,astrocyte_1,0,oligodendrocyte_1,oligodendrocyte_1,MV_ex_Shox2,0.6614923361121978,0.5519692550722622,1.2122909554352532,0.9080162500030898,0.8472550160406639,0.38774265813524617,0.2528373094369481,0.002493031265858092,1.9097327267338868,__MISSING__,__MISSING__,__MISSING__,0328_M3_C,True,5,6.0,glial_non_neuronal,astrocyte,True,False,False,False,False,1,-1.1308692683291846,0.34046426468659857,0.4289920496935476,0.1150611622454676,True,False,False,False,False,False
2795584800081100241,oligodendrocyte_progenitor_2,2,oligodendrocyte_1,oligodendrocyte_1,oligodendrocyte_1,0.6889538363799435,0.5253911936061983,1.0649353027960669,0.9913389185338438,0.9828616235433433,0.051074057013572184,0.6107512489413174,0.34542454321195126,1.1445846341628436,__MISSING__,__MISSING__,__MISSING__,0610_F3_C,True,3,13.0,glial_non_neuronal,oligodendrocyte_opc,True,True,True,True,False,3,-0.3118426231153908,0.03924465222011731,0.20374165650460185,0.15439255629257856,True,False,False,False,False,False
2787445900232100026,DM_ex_Zfhx3,3,DM_ex_Zfhx3,DM_ex_Zfhx3,DH_ex_Sox5,0.9999999940999997,0.9999999939999997,1.4175252073536737e-07,1.0,1.0,-0.0,0.7488172781606871,0.6230326811364924,1.0308941358728383,2,excitatory,11,0503_F5_L,False,16,25.0,neuron,neuronal_or_other,True,False,False,False,False,1,-0.3532015628486135,0.9439706177196621,0.9439706783078778,2.950000006277528e-09,False,True,True,True,True,False
2795584800413100059,oligodendrocyte_progenitor_2,1,oligodendrocyte_progenitor_2,oligodendrocyte_progenitor_2,oligodendrocyte_1,0.8071374072395937,0.6235574655855898,0.5442765903883204,0.6327533385845574,0.2670784582358837,0.6699432662115288,0.5125279963633673,0.04571171208377023,0.8232854376536383,__MISSING__,__MISSING__,__MISSING__,0610_F4_T,True,5,23.0,glial_non_neuronal,oligodendrocyte_opc,True,False,False,False,False,1,0.02363538406257515,0.09704266817796989,0.025320550561824036,0.03294115938615903,False,True,True,True,True,False
2795903600184100163,M_ex_Vsx2,0,M_ex_Vsx2/Shox2,M_ex_Vsx2/Shox2,MV_ex_Shox2,0.8930728780952526,0.7861457619905053,0.3400422458941314,0.9968797960504469,0.9937595921008937,0.021118461364008554,0.5591332930417409,0.22307260991786232,1.157819111271357,3,excitatory,20,0613_M4_S,False,15,28.0,neuron,neuronal_or_other,True,False,False,False,False,1,-1.1715817071644539,0.4422349883374026,0.45065951435231383,0.04684314722789642,True,False,False,False,False,False
2707737900103100028,astrocyte_2,2,oligodendrocyte_2,oligodendrocyte_2,oligodendrocyte_2,0.8096618660770691,0.7266384471219933,0.7558185847671847,0.7679159910860424,0.5529420912472843,0.6039880212600088,0.7255050220590694,0.5941553373807813,0.8571083865274655,__MISSING__,__MISSING__,__MISSING__,0415_F1_L,True,12,16.0,glial_non_neuronal,astrocyte,True,True,True,True,False,3,0.9359043958166973,0.032655310016935016,0.049663147846796166,0.053937001562584345,True,False,False,False,False,False
2656143800418100078,oligodendrocyte_1,4,astrocyte_1,astrocyte_1,astrocyte_1,0.6874111603724053,0.5703006213416697,1.1289402257707117,0.8850046743246446,0.7971017037313877,0.4341711652518,0.5817090504879106,0.4175552348651035,1.4852074229233292,__MISSING__,__MISSING__,__MISSING__,0328_M3_L,True,8,12.0,glial_non_neuronal,oligodendrocyte_opc,True,True,True,True,False,3,0.19532219176773352,0.04594209595601425,0.12278924807471443,0.06779728455424301,True,False,False,False,False,False
2726543700196100153,endothelial,2,oligodendrocyte_1,oligodendrocyte_1,MV_in_Sema5b,0.7577886763885022,0.6832061585379559,0.9217939848298266,0.7743954992448865,0.6791604333314284,0.7962238517816719,0.3366059117978799,0.18649809245444118,2.132025131359249,__MISSING__,__MISSING__,__MISSING__,0422_M3_C,True,8,10.0,glial_non_neuronal,vascular,True,False,False,False,False,1,-0.4738511221457728,0.5278009601011113,0.5495199084324042,0.013751383184363726,True,False,False,False,False,False
2795903600464200107,endothelial,1,oligodendrocyte_2,oligodendrocyte_2,oligodendrocyte_2,0.8994886741797063,0.8253905785260537,0.4132288403370737,0.9997407652654293,0.9994827292146429,0.002409671859399073,0.9166158107315194,0.8392331168281728,0.31806211808907964,__MISSING__,__MISSING__,__MISSING__,0613_M5_C,True,10,15.0,glial_non_neuronal,vascular,True,True,True,True,False,3,0.6164779733218593,0.011341386500333492,0.04186658213849688,0.051049004714016064,True,False,False,False,False,False
2796212800522100026,astrocyte_2,3,astrocyte_2,astrocyte_2,astrocyte_1,0.6646697981372824,0.3549932994888467,0.772140064110414,0.980465232179995,0.961166964798463,0.09784714233122825,0.8097687501750953,0.6599067932512003,0.6938849004857017,__MISSING__,__MISSING__,__MISSING__,0613_F3_L,True,13,21.0,glial_non_neuronal,astrocyte,True,False,False,False,False,1,0.9905564305919621,0.22759954845340458,0.6140885709131685,0.1455708018134264,False,True,True,True,True,False
2796212800922100128,DH_ex_Grpr,4,DH_ex_Grpr,DH_ex_Grpr,MV_in_Sema5b,0.8355257968052134,0.6710515994104272,0.4470153379612224,0.9701576500620848,0.9403153001241694,0.13419373324189204,0.22604482732863695,0.10604500686301192,2.8479778240503495,1,excitatory,2,0613_F4_C,False,9,10.0,neuron,neuronal_or_other,True,False,False,False,False,1,-1.2145556409967724,0.9489711764771532,0.9572903540045391,0.04066863771966277,False,True,True,True,True,False
2796212800386100109,astrocyte_1,3,astrocyte_1,astrocyte_1,MV_in_Chrna2,0.6951930780195329,0.5358470217071685,1.069120874159657,0.6695491895199243,0.45020289718619866,0.9697035163669278,0.6009620149334931,0.5107260036346869,1.7208651365165153,__MISSING__,__MISSING__,__MISSING__,0613_F3_S,True,10,11.0,glial_non_neuronal,astrocyte,True,False,False,False,False,1,1.2282464260621802,0.6146238100975179,0.6195753990237689,0.020106308222466715,False,True,True,True,True,False
2787445900544100110,meninges_2,2,meninges_1,meninges_1,meninges_1,0.8605580420842622,0.7704987832492175,0.5849891046697147,0.9924525137067399,0.9871493299448274,0.052372110941011615,0.7781568558908845,0.5576652172887044,0.5399935576710991,__MISSING__,__MISSING__,__MISSING__,0503_F3_C,True,11,50.0,glial_non_neuronal,meningeal,True,True,True,True,False,3,-0.11515825496166304,0.04381922720968693,0.10462217046022287,0.05642214021734843,True,False,False,False,False,False
2796212800238100173,microglia,3,oligodendrocyte_progenitor_2,oligodendrocyte_progenitor_2,oligodendrocyte_progenitor_2,0.6957053243207155,0.4562829098086864,0.8904177771430644,0.9370535828807933,0.8936304466706001,0.28424224389151664,0.3783685764811908,0.061920012241561184,1.510952972779316,__MISSING__,__MISSING__,__MISSING__,0613_F5_L,True,13,18.0,glial_non_neuronal,microglia,True,True,True,True,False,3,-0.8712766839896295,0.17749643596997078,0.2944385639597969,0.08381695518546053,True,False,False,False,False,False
2795103300087100069,oligodendrocyte_progenitor_1,1,oligodendrocyte_precursor_cell,oligodendrocyte_precursor_cell,oligodendrocyte_precursor_cell,0.6947035487687107,0.532863438023089,1.0394827784341902,0.9034372530919618,0.8110427123929587,0.3383227603487774,0.7189041882445816,0.44068302222138483,0.617424921575473,__MISSING__,__MISSING__,__MISSING__,0610_M4_T,True,12,33.0,glial_non_neuronal,oligodendrocyte_opc,True,True,True,True,False,3,0.3048571568896113,0.07757611768132038,0.04400667433746621,0.07761669815996167,True,False,False,False,False,False
2946331700000008780,astrocyte_1,4,astrocyte_1,astrocyte_1,MV_in_Gm26673,0.5101773193143049,0.34358788091173464,1.4346444008402572,0.5535926624339517,0.3897154632573588,1.210260612340081,0.40316604723882954,0.197983983022138,1.8728282876767244,__MISSING__,__MISSING__,__MISSING__,0415_F2_T,True,11,15.0,glial_non_neuronal,astrocyte,True,False,False,False,False,1,0.7435274390691345,0.7000036733021402,0.7018167950027094,0.024951913870599234,False,True,True,True,True,False
2707604000095100114,astrocyte_1,1,endothelial,astrocyte_2,endothelial,0.6105069920360866,0.3423525632594617,1.1084023716799103,0.5159087548225613,0.05623512685274484,0.8072018388370188,0.5866566498862568,0.4327804964955391,1.4459893705393634,__MISSING__,__MISSING__,__MISSING__,0415_M3_T,True,9,9.0,glial_non_neuronal,astrocyte,False,True,False,False,False,2,2.1200962547808477,0.05668428546654834,0.16665918433812849,0.0685501661232719,True,False,False,False,False,False
2656144900351100023,MV_in_Gm26673,0,MV_in_Gm26673,MV_in_Gm26673,M_in_Tfap2b,0.9714157342842876,0.9428413500330606,0.129890278787443,0.999971717898,0.9999434357959999,0.0003244881146491282,0.678488512202058,0.45260525068189733,0.9642947836325031,4,inhibitory,19,0328_M1_T,False,25,57.0,neuron,neuronal_or_other,True,False,False,False,False,1,-0.7679009941618,0.5781205342908269,0.5773995048978834,0.014293920392163243,False,True,True,True,True,False
2945606900000009921,DH_ex_Nmu/Tac2,4,DH_ex_Tac2,DH_ex_Tac2,DH_ex_Gpr83,0.8212856569299348,0.7394647549266562,0.6520255140719339,0.9243951103758966,0.8632858053592632,0.3135490709468235,0.4030340475342861,0.18915466448308496,1.7482408715951945,1,excitatory,8,0328_F1_C,False,20,30.0,neuron,neuronal_or_other,True,False,False,False,False,1,-0.931963537555636,0.8517108488161216,0.8618305891324662,0.02791629050105804,True,False,False,False,False,False
2656143800415100109,meninges_2,1,meninges_2,meninges_1,meninges_1,0.3997329756644978,0.05382404024488957,1.3272591393246231,0.4976316965126862,0.004659763074365053,0.7483273227949268,0.5264141020143173,0.22631387624356508,1.1978672885959107,__MISSING__,__MISSING__,__MISSING__,0328_M3_L,True,7,29.0,glial_non_neuronal,meningeal,False,False,True,False,False,2,2.112527809289788,0.14732617089789973,0.09193700985414922,0.11918062073859541,False,False,True,True,False,False
2795903600409100079,astrocyte_2,2,oligodendrocyte_precursor_cell,oligodendrocyte_precursor_cell,oligodendrocyte_precursor_cell,0.6321169826397736,0.39932867965231783,1.1251665132501445,0.6445260649002579,0.39772211229834975,1.0057255876662707,0.641880160117842,0.42439253241547803,1.1638503324594711,__MISSING__,__MISSING__,__MISSING__,0613_M5_C,True,3,8.0,glial_non_neuronal,astrocyte,True,True,True,True,False,3,1.3148554900724367,0.015411777796607753,0.01278491971152352,0.016261463547781716,True,False,False,False,False,False
2656144300188200034,oligodendrocyte_1,1,oligodendrocyte_progenitor_2,oligodendrocyte_progenitor_2,DM_ex_Zfhx3,0.44385046738454437,0.1528773428614923,1.522312526104919,0.5860864183395815,0.2035624440064419,0.8239416858292954,0.3072656997379392,0.14842950442336372,2.221164700294528,__MISSING__,__MISSING__,__MISSING__,0328_F2_L,True,19,28.0,glial_non_neuronal,oligodendrocyte_opc,True,False,False,False,False,1,1.3040738363875908,0.4091273122254855,0.5062635693990878,0.09195853410116894,True,False,False,False,False,False
2795584800447100238,DH_ex_Prkcg/Nts,1,DH_ex_Prkcg/Nts,DH_ex_Prkcg/Nts,astrocyte_1,0.9132020825384618,0.8635390817050581,0.3832998757870913,0.9961545522608293,0.9927950684381166,0.026876068700141118,0.5513502643732509,0.39605842191142915,1.8859307102155138,1,excitatory,8,0610_F4_T,False,24,30.0,neuron,neuronal_or_other,True,False,False,False,False,1,-0.7833197287957092,0.6371590208693606,0.6649091804672181,0.03574800582919715,False,True,True,True,True,False
2707604700342100122,oligodendrocyte_progenitor_2,2,oligodendrocyte_progenitor_2,oligodendrocyte_progenitor_2,MV_in_Sema5b,0.7490876777408109,0.6364123362655356,1.0015630483027425,0.9265699138817722,0.888699041586378,0.3374046951646921,0.2798170909554974,0.026251860469589328,1.966564909636333,__MISSING__,__MISSING__,__MISSING__,0415_M2_C,True,6,8.0,glial_non_neuronal,oligodendrocyte_opc,True,False,False,False,False,1,-1.2922162785313238,0.3091389845500529,0.44943585237648936,0.07485191088747793,False,True,True,True,True,False
2656143800155100023,oligodendrocyte_1,2,oligodendrocyte_2,oligodendrocyte_2,oligodendrocyte_2,0.5490102294539704,0.25074250798288167,1.1803979399907605,0.54957650305222,0.23656759611902067,1.0956765643893847,0.5114933038790783,0.23376616077761808,1.369501070116897,__MISSING__,__MISSING__,__MISSING__,0328_M3_C,True,10,15.0,glial_non_neuronal,oligodendrocyte_opc,True,True,True,True,False,3,1.3222980568136142,0.017570296780146988,0.01731837878210859,0.01133652714272309,True,False,False,False,False,False
2726544600430100022,microglia,3,oligodendrocyte_1,oligodendrocyte_1,oligodendrocyte_1,0.46934632828601924,0.11565800512920987,1.262703559886534,0.6971842243766063,0.4227873572338324,0.7139962216756386,0.44945226381699127,0.12161480067063019,1.4648703947081723,__MISSING__,__MISSING__,__MISSING__,0422_F1_L,True,9,17.0,glial_non_neuronal,microglia,True,True,True,True,False,3,0.8542270643390945,0.023147937955780903,0.09313295881823042,0.06833328735834489,True,False,False,False,False,False
2945606900000016615,DH_ex_Reln/Nmur2,4,DH_ex_Reln/Nmur2,DH_ex_Reln/Nmur2,astrocyte_1,0.8219975085775717,0.6921601461164278,0.5817392655841392,0.9964282914983348,0.9928565829966696,0.023690868332683038,0.9682950017930118,0.9625036249332266,0.2300785077952046,1,excitatory,3,0328_F1_T,False,23,37.0,neuron,neuronal_or_other,True,False,False,False,False,1,1.24221213326342,0.9704070283053774,0.9783233224229917,0.08496188666836058,False,True,True,True,True,False
2795903600438100181,pericyte,1,astrocyte_1,pericyte,DH_ex_Reln,0.5852354054308244,0.3194993627357505,1.2453746424910788,0.5267291735704538,0.06186412407261799,0.7494952176611005,0.8197474710403619,0.750570029486791,0.860129598832839,__MISSING__,__MISSING__,__MISSING__,0613_M5_C,True,13,13.0,glial_non_neuronal,vascular,False,False,False,False,True,1,3.114141670564595,0.7946895457550426,0.826671366408952,0.09816874904366335,False,False,True,False,True,False
2726544600457100040,astrocyte_1,4,oligodendrocyte_precursor_cell,oligodendrocyte_precursor_cell,oligodendrocyte_precursor_cell,0.5149387715555319,0.2676460989070737,1.3499974468977824,0.634456216206677,0.31635431904223366,0.8772872743482716,0.3207576509816653,0.16752968046894073,2.684575626812934,__MISSING__,__MISSING__,__MISSING__,0422_F1_L,True,8,11.0,glial_non_neuronal,astrocyte,True,True,True,True,False,3,0.9326861682233218,0.3510217958698522,0.41226445410853274,0.07301794789072479,True,False,False,False,False,False
2795103300120100313,DM_ex_Zfhx3,3,DM_ex_Zfhx3,DM_ex_Zfhx3,DH_ex_Prkcg/Nts,0.999970940400727,0.9999561180524846,0.00037682073458624387,1.0,1.0,-0.0,0.5040872288427178,0.3875945060898464,1.8921480865778835,2,excitatory,11,0610_M4_T,False,24,40.0,neuron,neuronal_or_other,True,False,False,False,False,1,-1.0675380064772502,0.7963430869579319,0.7964559288144631,1.4529951926198028e-05,False,True,True,True,True,False
2795103300367100163,DH_ex_Prkcg/Nts,4,DH_ex_Prkcg/Nts,DH_ex_Prkcg/Nts,DH_ex_Reln/Nmur2,0.5137520984931586,0.18054937925804238,1.025162482014106,0.9045123202605352,0.8353215672706824,0.3744821443496156,0.4605490801658753,0.3521189709677967,2.237177243904978,1,excitatory,8,0610_M5_T,False,11,13.0,neuron,neuronal_or_other,True,False,False,False,False,1,0.6186968959810036,0.8892654625030151,0.9147092193340713,0.143161104884047,False,True,True,True,True,False
2787445900200100188,oligodendrocyte_progenitor_2,4,oligodendrocyte_2,oligodendrocyte_2,oligodendrocyte_2,0.973261986062266,0.9595968658584227,0.1619347673071104,0.9949376258509708,0.9898940769028027,0.031971099681836805,0.9110258906324771,0.8282840698035707,0.329281489208575,__MISSING__,__MISSING__,__MISSING__,0503_F5_T,True,11,27.0,glial_non_neuronal,oligodendrocyte_opc,True,True,True,True,False,3,0.3620086028880517,0.02379968946007291,0.03434113157297097,0.008029017472313429,True,False,False,False,False,False
2656144300123100092,astrocyte_1,0,astrocyte_1,astrocyte_1,DH_ex_Sox5,0.9759355463928162,0.9684010974843936,0.16213845524253517,0.9984758435409673,0.9980130657279662,0.01469580703613874,0.6337809509212011,0.46748597490217986,1.3843907974243685,__MISSING__,__MISSING__,__MISSING__,0328_F2_T,True,16,27.0,glial_non_neuronal,astrocyte,True,False,False,False,False,1,-0.7646764937515056,0.9118477703775002,0.91510792826931,0.009521270280840112,False,True,True,True,True,False
2726562800279100145,oligodendrocyte_progenitor_2,4,astrocyte_1,astrocyte_1,DH_ex_Reln/Npff,0.4999716932232996,0.3394250432678271,1.5975850170623493,0.5896537888930385,0.3389989152203365,1.1116839990159622,0.2690751937972958,0.028135410388640952,2.3254954119368816,__MISSING__,__MISSING__,__MISSING__,0422_M2_L,True,9,21.0,glial_non_neuronal,oligodendrocyte_opc,True,False,False,False,False,1,0.336252698333248,0.7080459171191461,0.7339211958486318,0.06657654507935643,True,False,False,False,False,False
2707604700225100057,oligodendrocyte_progenitor_2,2,oligodendrocyte_2,oligodendrocyte_2,oligodendrocyte_2,0.9592236987074936,0.9218204221153973,0.1868603626257371,0.9705110936125887,0.9410498268868944,0.1332376214427027,0.9835794631394655,0.9682979714231815,0.09013113510447363,__MISSING__,__MISSING__,__MISSING__,0415_M2_T,True,17,21.0,glial_non_neuronal,oligodendrocyte_opc,True,True,True,True,False,3,0.951446585860931,0.004500768918787802,0.00220172883793718,0.002009093672077664,True,False,False,False,False,False
2795103300120100312,DH_in_Klhl14,1,DH_in_Cdh3,DH_in_Cdh3,MV_in_Gabra1,0.9178424645966285,0.8356849349932575,0.28400757954886996,0.9740937602485448,0.9481875204970895,0.12021026257911592,0.39084865370898747,0.26966519023136126,2.2965565102331595,1,inhibitory,10,0610_M4_T,False,6,10.0,neuron,neuronal_or_other,True,False,False,False,False,1,-1.0284425495563587,0.6777185308651987,0.694837331246355,0.01170185057038267,True,False,False,False,False,False
2707604700094100151,DH_ex_Grp,0,DH_ex_Grp,DH_ex_Grp,DH_ex_Grpr,0.8705127181502234,0.7527671012651764,0.4247885953934748,0.6884418238610747,0.37968164580992725,0.6363131923871138,0.2916957635087488,0.12311074656972967,2.0335792144775824,1,excitatory,6,0415_M3_S,False,7,12.0,neuron,neuronal_or_other,True,False,False,False,False,1,-0.1963296884202359,0.7630668721336672,0.7602529166927978,0.04179949535699499,False,True,True,True,True,False
2656144900209100024,DH_in_Pdyn/Gal,0,DH_in_Pdyn/Gal,DH_in_Pdyn/Gal,DM_ex_Zfhx3,0.9999999940999997,0.9999999939999997,1.4175252073536737e-07,1.0,1.0,-0.0,0.18591170421878653,0.013685890840873599,2.364197570039329,1,inhibitory,5,0328_M2_C,False,22,37.0,neuron,neuronal_or_other,True,False,False,False,False,1,-2.202207083670116,0.6471108400991091,0.6471109044560827,2.950000006277528e-09,False,True,True,True,True,False
2656144300125100066,DH_in_Klhl14,4,DH_in_Cdh3,DH_in_Cdh3,DH_in_Cdh3,0.9648019348041054,0.9296038754082111,0.15237095796534125,0.9979378508495053,0.9958757016990105,0.014812365338594475,0.6016781544355261,0.5035543356067437,1.5865060052644724,1,inhibitory,10,0328_F2_T,False,17,27.0,neuron,neuronal_or_other,True,True,True,True,False,3,-0.5815273915481525,0.23087926798073485,0.23207759551579332,0.013081137357379771,True,False,False,False,False,False
2656144300210100079,MV_in_Sema5b,3,MV_in_Sema5b,MV_in_Sema5b,endothelial,0.9999999940999997,0.9999999939999997,1.4175252073536734e-07,1.0,1.0,-0.0,0.3493305950270641,0.18001835590422788,2.471002396621236,4,inhibitory,15,0328_F2_L,False,4,4.0,neuron,neuronal_or_other,True,False,False,False,False,1,-1.6974868634408653,0.7555227987493358,0.7555228743017381,2.950000006277528e-09,False,True,True,True,True,False
2787889600353100134,oligodendrocyte_progenitor_2,0,oligodendrocyte_progenitor_2,oligodendrocyte_progenitor_2,oligodendrocyte_1,0.4910156001820951,0.1087104879613,1.1842067419531042,0.6074000586852198,0.2926030345079349,0.9008087678893905,0.4308021892282052,0.0897112849464049,1.4828886065145865,__MISSING__,__MISSING__,__MISSING__,0503_M4_C,True,12,15.0,glial_non_neuronal,oligodendrocyte_opc,True,False,False,False,False,1,1.0282462225688673,0.10077382831879779,0.13029682946516982,0.047271515760185095,False,True,True,True,True,False
2656143800267100119,DH_in_Cdh3,1,DH_in_Cdh3,DH_in_Cdh3,microglia,0.9939983554485492,0.9879967166970987,0.036686451823462043,0.9741748759785841,0.9483497519571682,0.11991592340152146,0.6977686200634963,0.5725076565660814,1.2301614917817152,1,inhibitory,10,0328_M3_T,False,7,9.0,neuron,neuronal_or_other,True,False,False,False,False,1,-0.38250984338215976,0.8985472310483021,0.8943156523987685,0.0048703029598892965,False,True,True,True,True,False
2707604700248100207,astrocyte_1,2,oligodendrocyte_progenitor_2,oligodendrocyte_progenitor_2,oligodendrocyte_progenitor_2,0.7090877706194212,0.5398499894311697,0.9781661653818503,0.9808115611962313,0.9686434671553443,0.11603998707945767,0.5413470254089366,0.3934905411038098,1.5912801954133633,__MISSING__,__MISSING__,__MISSING__,0415_M2_T,True,29,49.0,glial_non_neuronal,astrocyte,True,True,True,True,False,3,-0.16365717397034987,0.10378505647860792,0.24111531222389984,0.1254328126013469,True,False,False,False,False,False
2787889600279100182,pericyte,2,astrocyte_1,astrocyte_1,astrocyte_1,0.9068302951237646,0.8787752002873439,0.48463211910542914,0.9980551450710194,0.9962236781813345,0.014689676701951721,0.7984845852191514,0.6611070867121807,0.8114385593313737,__MISSING__,__MISSING__,__MISSING__,0503_M4_C,True,10,10.0,glial_non_neuronal,vascular,True,True,True,True,False,3,-0.013137636795936936,0.07976865206489142,0.10449850902346412,0.04605872001807968,True,False,False,False,False,False
2787445900861100049,DM_ex_Zfhx3,1,DM_ex_Zfhx3,DM_ex_Zfhx3,MV_in_Gabra1,0.9999999940999997,0.9999999939999997,1.4175252073536737e-07,1.0,1.0,-0.0,0.2395099134614676,0.10116924737377692,2.5615652916445657,2,excitatory,11,0503_F3_S,False,11,18.0,neuron,neuronal_or_other,True,False,False,False,False,1,-1.9367470668365834,0.7437480942921718,0.7437481664050715,2.950000006277528e-09,False,True,True,True,True,False
2796212800430100251,MV_ex_Syt2,3,MV_ex_Syt2,MV_ex_Syt2,MV_in_Chrna2,0.9999999940999997,0.9999999939999997,1.4175252073536734e-07,1.0,1.0,-0.0,0.5926252790603566,0.48928386600883733,1.7263409315746865,4,excitatory,14,0613_F4_L,False,15,18.0,neuron,neuronal_or_other,True,False,False,False,False,1,-0.759049762121793,0.9057988862121222,0.9057989564920418,2.950000006277528e-09,False,True,True,True,True,False
2796212800922100019,oligodendrocyte_progenitor_2,4,oligodendrocyte_precursor_cell,oligodendrocyte_precursor_cell,oligodendrocyte_precursor_cell,0.7096859280736422,0.5276769423861697,0.9707217363653945,0.9002652998235552,0.8231592243866155,0.38883459063606274,0.7819740541953607,0.6503547724555501,0.8164521035854774,__MISSING__,__MISSING__,__MISSING__,0613_F4_C,True,8,10.0,glial_non_neuronal,oligodendrocyte_opc,True,True,True,True,False,3,0.926323273554519,0.057534005066591294,0.0500509261330791,0.05312166135965251,True,False,False,False,False,False
2787445900387100239,DH_in_Cdh3,1,DH_in_Cdh3,DH_in_Cdh3,astrocyte_1,0.9485133381585757,0.8970266821171518,0.2028697009312075,0.996510755462122,0.9930215109242438,0.023225539982186315,0.34027753934753635,0.19212916268936892,2.1155471332181177,1,inhibitory,10,0503_F4_T,False,6,6.0,neuron,neuronal_or_other,True,False,False,False,False,1,-1.4625280445313389,0.988541562210127,0.9897731983884921,0.018540071675786193,False,True,True,True,True,False
2796212800914100062,MV_ex_Syt2,1,MV_ex_Syt2,MV_ex_Syt2,MV_in_Gabra1,0.9999999940999997,0.9999999939999997,1.4175252073536734e-07,1.0,1.0,-0.0,0.23014607481966554,0.06457588460024852,2.479413467020946,4,excitatory,14,0613_F3_C,False,14,18.0,neuron,neuronal_or_other,True,False,False,False,False,1,-2.0477861842509095,0.6563988122931093,0.6563988807758979,2.950000006277528e-09,False,True,True,True,True,False
2787445900206100245,oligodendrocyte_1,2,astrocyte_1,astrocyte_1,astrocyte_1,0.6396703889919306,0.42439343449807687,1.0563984157025599,0.7465872756515339,0.6031671241495743,0.7434583250023479,0.747720172692626,0.5303548412064824,0.7097762590144968,__MISSING__,__MISSING__,__MISSING__,0503_F5_C,True,22,113.0,glial_non_neuronal,oligodendrocyte_opc,True,True,True,True,False,3,1.183747632138494,0.036673106763019124,0.02935538309798201,0.026079100622567693,True,False,False,False,False,False
2656144900582100180,DH_in_Npy2r,4,DH_in_Npy2r,DH_in_Npy2r,DH_ex_Reln,0.9959137397963482,0.9918274853926967,0.026552949819521453,0.9997836872858445,0.9995673745716891,0.0020417059009903886,0.5998236614597078,0.23418786868804153,0.8880181406782259,1,inhibitory,9,0328_M2_L,False,13,20.0,neuron,neuronal_or_other,True,False,False,False,False,1,-1.5176242024264224,0.9847059999916524,0.9854317681567869,0.00153535896947147,False,True,True,True,True,False
2796212800111100103,DH_in_Npy2r,2,DH_in_Npy2r,DH_in_Npy2r,DH_ex_Reln/Nmur2,0.9918396560194526,0.9836793178389055,0.04736582959933536,0.9976894822718032,0.9953789645436064,0.01633334442355118,0.31857102736604087,0.14988118379153648,2.1977277354136464,1,inhibitory,9,0613_F5_S,False,21,38.0,neuron,neuronal_or_other,True,False,False,False,False,1,-1.7505436649762027,0.9467743684032325,0.9470820622926541,0.0012555155250140964,False,True,True,True,True,False
2656143800153100102,DH_ex_Maf/Cck,2,DH_ex_Rreb1,DH_ex_Rreb1,MV_in_Gabra1,0.3321371951077917,0.07726525898726472,1.3658585860914714,0.4722437037826093,0.11638178455688059,1.0531368395799656,0.34530087727145226,0.1500065086605229,2.0525388497285117,1,excitatory,10,0328_M3_C,False,15,22.0,neuron,neuronal_or_other,True,False,False,False,False,1,1.6172671444084366,0.8864016727949812,0.8853908981735096,0.1035751826094192,True,False,False,False,False,False
2796212800980100160,DH_in_Pdyn,1,DH_in_Pdyn,DH_in_Pdyn,DH_in_Pdyn/Gal,0.9999999940999997,0.9999999939999997,1.4175252073536737e-07,1.0,1.0,-0.0,0.5340266201655619,0.07945529271694113,0.7728412469561338,1,inhibitory,2,0613_F3_C,False,9,27.0,neuron,neuronal_or_other,True,False,False,False,False,1,-2.0026360198577016,0.34831406924584596,0.3483141229531701,2.950000006277528e-09,False,True,True,True,True,False
2796212800759100219,DH_ex_Grp,3,DH_ex_Prkcg/Rxfp1,DH_ex_Grp,oligodendrocyte_1,0.5914143626238892,0.18402174268161842,0.6844937111941403,0.72220516899754,0.44460071016740743,0.5924358334061595,0.40982677952248286,0.15283336029642103,2.0373921106589874,1,excitatory,6,0613_F4_C,False,8,10.0,neuron,neuronal_or_other,False,False,False,False,True,1,0.7832664590329169,0.987766249862507,0.9875542491167113,0.07416853837757245,False,False,True,False,True,False
2787445900247100094,DH_ex_Grpr,0,DH_ex_Grpr,DH_ex_Grpr,DH_ex_Reln/Nmur2,0.7498856977469451,0.6136545848463661,0.7388854942682065,0.9979854321034313,0.9959708642068625,0.014517666431325254,0.26715305658216787,0.01712078091853697,2.3077181071410564,1,excitatory,2,0503_F4_C,False,20,35.0,neuron,neuronal_or_other,True,False,False,False,False,1,-1.492091502416862,0.4529728296162301,0.5431495495418358,0.13122139414163259,False,True,True,True,True,False
2796212800914100146,astrocyte_1,2,pericyte,astrocyte_1,pericyte,0.4596499009101239,0.00969574086294811,1.1013771890527604,0.8338197232131492,0.6724122358086937,0.4750504570849522,0.7881095401215505,0.6073360144752203,0.6694167462305174,__MISSING__,__MISSING__,__MISSING__,0613_F3_C,True,17,22.0,glial_non_neuronal,astrocyte,False,True,False,False,False,2,2.022359002046691,0.10139743592040376,0.33587676191988247,0.13482495218935991,False,False,True,False,True,False
2787445900254100210,DH_ex_Prkcg/Rxfp1,1,DH_ex_Prkcg/Rxfp1,DH_ex_Prkcg/Rxfp1,microglia,0.5207093151627568,0.056513923765431795,0.7593427223690703,0.8168305850217706,0.6340797453683904,0.47912913023797393,0.8945690653859972,0.8461362901295006,0.5811314415221626,1,excitatory,6,0503_F4_C,False,9,17.0,neuron,neuronal_or_other,True,False,False,False,False,1,2.7392368073535502,0.9833945393000073,0.9840411617392836,0.0758816080124582,False,True,True,True,True,False
2656144900531100064,endothelial,4,oligodendrocyte_1,oligodendrocyte_1,oligodendrocyte_1,0.44047593528101936,0.024506568731398615,1.2604675490564285,0.5402429184697398,0.17313791830982433,0.9533228018393739,0.2589646947584602,0.08899118147576329,2.299298976484016,__MISSING__,__MISSING__,__MISSING__,0328_M2_L,True,10,14.0,glial_non_neuronal,vascular,True,True,True,True,False,3,1.4139295582462121,0.3329518533114072,0.3458994117076111,0.04663037045165433,True,False,False,False,False,False
2945606900000002962,DH_ex_Prkcg/Cck,1,DH_ex_Prkcg/Nts,DH_ex_Prkcg/Nts,DH_ex_Maf/Cck,0.695559702119422,0.40963581244154396,0.6932700219867414,0.6638775746623274,0.32860582052514753,0.6448260691997618,0.47320697865243744,0.3233584383878675,1.9299622448231883,1,excitatory,8,0328_F1_C,False,15,26.0,neuron,neuronal_or_other,True,False,False,False,False,1,1.1270050877093083,0.8591084228782688,0.8648327956340376,0.008851237743681357,True,False,False,False,False,False
2946331700000016189,oligodendrocyte_progenitor_2,1,oligodendrocyte_progenitor_2,oligodendrocyte_progenitor_2,oligodendrocyte_1,0.5738562234303164,0.1574432135589548,0.7499730145275653,0.6202517625084406,0.2415448733202818,0.6725998741228312,0.4905691919496049,0.007539931835369107,0.8604656768872105,__MISSING__,__MISSING__,__MISSING__,0415_F2_S,True,9,21.0,glial_non_neuronal,oligodendrocyte_opc,True,False,False,False,False,1,0.792995911988688,0.011365553987142661,0.02252898995491075,0.0048380440925124245,False,True,True,True,True,False
2795903600454100089,oligodendrocyte_progenitor_2,0,oligodendrocyte_progenitor_2,oligodendrocyte_progenitor_2,oligodendrocyte_1,0.6358427703699663,0.4836750277838049,1.250283771825615,0.8800076919968037,0.8070644460844588,0.48707000148298185,0.40198907337762146,0.11134522443428013,1.9678171383912002,__MISSING__,__MISSING__,__MISSING__,0613_M4_T,True,10,14.0,glial_non_neuronal,oligodendrocyte_opc,True,False,False,False,False,1,-0.5985266267888985,0.2795493316889654,0.3155929624794667,0.11070426288429211,False,True,True,True,True,False
2656144900616100026,oligodendrocyte_precursor_cell,4,oligodendrocyte_precursor_cell,oligodendrocyte_progenitor_2,DM_ex_Zfhx3,0.6346637064718437,0.4516730424440272,1.179850003017877,0.5250795299587817,0.23197910183690523,1.1110056478120929,0.21904982190052066,0.07488869988983413,2.557063579614811,__MISSING__,__MISSING__,__MISSING__,0328_M1_L,True,22,43.0,glial_non_neuronal,oligodendrocyte_opc,False,False,False,False,True,1,0.4895694121846771,0.5334250304928603,0.5037354510620076,0.1393484064060519,False,False,True,True,False,False
2796212800175100064,astrocyte_2,3,oligodendrocyte_progenitor_2,oligodendrocyte_progenitor_2,oligodendrocyte_1,0.7034718328465157,0.44725961595725994,0.7951379770648662,0.7006816272590732,0.4047465382250705,0.6336943405115983,0.6502432153757373,0.3449631497165589,0.8779533260038513,__MISSING__,__MISSING__,__MISSING__,0613_F5_L,True,3,8.0,glial_non_neuronal,astrocyte,True,False,False,False,False,1,0.9740790440438456,0.13471115986482884,0.12421525501596022,0.015862937804347353,True,False,False,False,False,False
2707604700389100182,DH_in_Cdh3,0,DH_in_Cdh3,DH_in_Cdh3,DM_ex_Zfhx3,0.9113767652620416,0.8227535363240834,0.29934099067376013,0.9990356847930165,0.998071369586033,0.0076601439463591355,0.31664148629288097,0.18861418432950874,2.4407326474943005,1,inhibitory,10,0415_M2_C,False,15,16.0,neuron,neuronal_or_other,True,False,False,False,False,1,-1.350241481490719,0.9547277560388499,0.9678146256998762,0.04240096463317112,False,True,True,True,True,False
2796212800627100070,DH_in_Klhl14,1,DH_in_Cdh3,DH_in_Cdh3,astrocyte_1,0.9910372450203397,0.9820744958406799,0.05117908130820785,0.996616911784971,0.993233823569942,0.02262363399881072,0.3348989738231851,0.12879494573161052,2.4166491301471487,1,inhibitory,10,0613_F4_T,False,10,13.0,neuron,neuronal_or_other,True,False,False,False,False,1,-1.8073970092976532,0.8826458988895164,0.8859938132072838,0.0009489763398985695,True,False,False,False,False,False
2795103300331100022,oligodendrocyte_progenitor_2,1,oligodendrocyte_progenitor_2,oligodendrocyte_progenitor_2,oligodendrocyte_1,0.6722820756933112,0.38454808936176876,0.8228476517910344,0.8015187769290341,0.6113984890600748,0.5403704906830309,0.6147023843577656,0.2672923404401828,0.8720184448667065,__MISSING__,__MISSING__,__MISSING__,0610_M5_T,True,5,8.0,glial_non_neuronal,oligodendrocyte_opc,True,False,False,False,False,1,0.44050901029217965,0.09254720588719953,0.16130281221605053,0.024439568597650885,False,True,True,True,True,False
2787889600580100159,oligodendrocyte_1,2,oligodendrocyte_progenitor_2,oligodendrocyte_progenitor_2,oligodendrocyte_progenitor_2,0.8217999133336443,0.7483093101230587,0.7093186056319521,0.9512171557887019,0.9112410265008132,0.21880685041635964,0.6206957228140725,0.3750016919839779,1.0303442357305643,__MISSING__,__MISSING__,__MISSING__,0503_M4_S,True,8,20.0,glial_non_neuronal,oligodendrocyte_opc,True,True,True,True,False,3,-0.47904426984007914,0.05660153760926922,0.13295329923350654,0.0433669250348076,True,False,False,False,False,False
2707604700091100094,DM_ex_Zfhx3,2,DM_ex_Zfhx3,DM_ex_Zfhx3,DH_ex_Prkcg/Nts,0.9999999940999997,0.9999999939999997,1.4175252073536737e-07,1.0,1.0,-0.0,0.24769173166004996,0.03604857157181174,2.4152833754648824,2,excitatory,11,0415_M3_S,False,10,13.0,neuron,neuronal_or_other,True,False,False,False,False,1,-2.1343496323954265,0.7270937295504439,0.7270937996590198,2.950000006277528e-09,False,True,True,True,True,False
2707604800322100160,peripheral_glia,2,Schwann_cell,Schwann_cell,Schwann_cell,0.9601163664914906,0.9294238908518069,0.20815413767631455,0.9989763083716894,0.9980576024802338,0.008601384686292988,0.7898718485068243,0.5804147066217895,0.5197080897930144,__MISSING__,__MISSING__,__MISSING__,0415_M1_C,True,8,36.0,glial_non_neuronal,remaining_glial_non_neuronal,True,True,True,True,False,3,-0.35231020868515867,0.06381744466970965,0.11000467657254914,0.017377167573996946,True,False,False,False,False,False
2796212800627100141,DH_in_Cdh3,2,DH_in_Cdh3,DH_in_Cdh3,MV_in_Gabra1,0.9629341581206385,0.9258683220412774,0.1585045276983128,0.9993371356927073,0.9986742713854146,0.005514108825403563,0.283450872013239,0.11434423187068132,2.5113082516832796,1,inhibitory,10,0613_F4_T,False,7,11.0,neuron,neuronal_or_other,True,False,False,False,False,1,-1.761415452955219,0.8444466223629534,0.8597267723954646,0.016701493600190957,False,True,True,True,True,False
2796212801042100117,beta_motoneuron,3,beta_motoneuron,alpha_motoneuron,alpha_motoneuron,0.6839744563349797,0.40044740738024703,0.7285264761807362,0.5247497999692777,0.06170350241329681,0.7486591627862775,0.7834612598909163,0.6293956784369705,0.680032594357039,__MISSING__,__MISSING__,22,0613_F3_C,False,9,18.0,glial_non_neuronal,neuronal_or_other,False,False,True,False,False,2,2.601842501643829,0.22344807314718332,0.09097959723372134,0.04525699919491991,False,False,True,True,False,False
2795584800203100141,DH_in_Cdh3,0,DH_in_Cdh3,DH_in_Cdh3,MV_in_Sema5b,0.9704362692811366,0.9408725443622735,0.13322248626495842,0.9717537515601827,0.9435075031203655,0.12859208037229763,0.24925011442712128,0.06384996321001626,2.492099130651814,1,inhibitory,10,0610_F3_L,False,13,17.0,neuron,neuronal_or_other,True,False,False,False,False,1,-1.8320038779051948,0.6030541808141431,0.6035657685501865,1.1155404825958065e-05,False,True,True,True,True,False
2707604000095100056,oligodendrocyte_progenitor_1,3,astrocyte_1,oligodendrocyte_progenitor_1,oligodendrocyte_progenitor_2,0.41464702064331704,0.20567359230689491,1.693747458734538,0.46208540481108124,0.1758743489072257,1.2835205012532018,0.21638846280976323,0.0545306714696952,2.793398499443366,__MISSING__,__MISSING__,__MISSING__,0415_M3_T,True,8,10.0,glial_non_neuronal,oligodendrocyte_opc,False,False,False,False,True,1,0.9795777094279415,0.3725540304790258,0.4394478378517896,0.08750595570059942,False,False,True,False,True,False
2707604000124100114,MV_in_Sema5b,2,MV_in_Sema5b,MV_in_Sema5b,DH_ex_Maf/Cck,0.9999999940999997,0.9999999939999997,1.4175252073536734e-07,1.0,1.0,-0.0,0.19666523752645781,0.02695348745202053,2.6114003683666644,4,inhibitory,15,0415_M3_T,False,10,12.0,neuron,neuronal_or_other,True,False,False,False,False,1,-2.1619478096856874,0.7856304793779201,0.7856305520161821,2.950000006277528e-09,False,True,True,True,True,False
2707604700092100156,MV_ex_Syt2,3,MV_ex_Syt2,MV_ex_Syt2,DH_ex_Maf/Cck,0.9999999940999997,0.9999999939999997,1.4175252073536734e-07,1.0,1.0,-0.0,0.3874402811939284,0.07744135709171512,1.466054311233001,4,excitatory,14,0415_M3_S,False,37,61.0,neuron,neuronal_or_other,True,False,False,False,False,1,-2.008747118084403,0.7170042207502868,0.7170042797900099,2.950000006277528e-09,False,True,True,True,True,False
2795903600347100266,MV_in_Gm26673,3,MV_in_Gm26673,MV_in_Gm26673,MV_in_Sema5b,0.9761653962708112,0.9523307983416225,0.11260917435971028,0.9999960404422436,0.999992080884487,5.321398642147505e-05,0.23705330947913186,0.015758338497047802,2.2254419152278975,4,inhibitory,19,0613_M4_L,False,9,12.0,neuron,neuronal_or_other,True,False,False,False,False,1,-2.110557898892843,0.5793393168086164,0.5830964092982112,0.011995219385430385,False,True,True,True,True,False
2795584800672100195,MV_in_Gm26673,0,MV_in_Gm26673,MV_in_Gm26673,MV_in_Esrrb,0.9976766045560698,0.9953532149121398,0.01641155429305699,0.9999938858057208,0.9999877716114416,7.951445156462136e-05,0.3561359616599794,0.04072800011767663,1.3436084784876972,4,inhibitory,19,0610_F5_L,False,16,46.0,neuron,neuronal_or_other,True,False,False,False,False,1,-2.1118066880498887,0.4772631281350774,0.477321029160065,0.0011351091899862642,False,True,True,True,True,False
2795584800276100019,DH_ex_Sox5,3,DH_ex_Sox5,DH_ex_Sox5,DH_ex_Tac2,0.9935848776790182,0.9871697611580367,0.03878518757894654,0.9999994499282109,0.9999988998564218,8.47837572329822e-06,0.26590587792805354,0.052260701109788976,2.164879464958568,1,excitatory,5,0610_F3_L,False,6,13.0,neuron,neuronal_or_other,True,False,False,False,False,1,-2.062182585248202,0.5934647450784125,0.5926215399173214,0.003211167937024466,False,True,True,True,True,False
2945606900000005083,oligodendrocyte_progenitor_1,4,oligodendrocyte_precursor_cell,oligodendrocyte_precursor_cell,oligodendrocyte_precursor_cell,0.7475390831259728,0.6156470751464531,0.9806893961363621,0.972164974650459,0.9444638435364703,0.1281612383822589,0.7368487936527763,0.4769832134313657,0.6042061524592586,__MISSING__,__MISSING__,__MISSING__,0328_F1_C,True,17,37.0,glial_non_neuronal,oligodendrocyte_opc,True,True,True,True,False,3,0.0019812693416367266,0.07172498630058703,0.09116481786207825,0.09693421521158192,True,False,False,False,False,False
2787445900774200023,meninges_2,2,meninges_1,meninges_1,meninges_1,0.6354734147417567,0.3813960401835466,0.9657286237684215,0.8781643622548294,0.7786987763003452,0.4301450629090071,0.4645532611039067,0.12201218662221491,1.0506323149171977,__MISSING__,__MISSING__,__MISSING__,0503_F3_C,True,3,59.0,glial_non_neuronal,meningeal,True,True,True,True,False,3,-0.3267429932310486,0.05641600445949601,0.15359503963767923,0.06890578253417462,True,False,False,False,False,False
2796212800561100084,oligodendrocyte_progenitor_2,2,oligodendrocyte_1,oligodendrocyte_1,oligodendrocyte_1,0.6006877994409782,0.22124582344738075,0.7887981045221133,0.7688421305338617,0.5385719344922022,0.5477894409559092,0.6164649027367374,0.30747960131460356,1.0212687110343561,__MISSING__,__MISSING__,__MISSING__,0613_F4_T,True,10,19.0,glial_non_neuronal,oligodendrocyte_opc,True,True,True,True,False,3,0.9993682162075319,0.026908695315941897,0.044999148300563875,0.028757249260663316,True,False,False,False,False,False
2795584800450100198,DH_ex_Prkcg/Cck,3,DH_ex_Tac2,DH_ex_Tac2,DH_ex_Prkcg/Rxfp1,0.7789279579379884,0.6233637423831717,0.6975543160967428,0.8661081837990326,0.7827005071330427,0.5170256551745437,0.33173449969272545,0.059692780841624826,1.9239885549697626,1,excitatory,8,0610_F4_T,False,14,34.0,neuron,neuronal_or_other,True,False,False,False,False,1,-0.9569962449327877,0.35191082071880275,0.4117584964058552,0.04689183044926376,True,False,False,False,False,False
2787889600409100157,DM_ex_Zfhx3,4,DM_ex_Zfhx3,DM_ex_Zfhx3,DH_in_Cdh3,0.9999891706961938,0.9999860755450003,0.00015144458946886124,1.0,1.0,-0.0,0.3878239842895366,0.026401224431805148,1.5867659029095975,2,excitatory,11,0503_M4_L,False,21,38.0,neuron,neuronal_or_other,True,False,False,False,False,1,-2.1635986808892054,0.9603953174865346,0.9604390028730548,5.4146730519959386e-06,False,True,True,True,True,False
2796212800849200098,DH_ex_Prkcg/Nts,3,DH_ex_Prkcg/Nts,DH_ex_Prkcg/Nts,DH_in_Cdh3,0.4118111893971246,0.029402977725489388,1.122741397495456,0.6319617151704054,0.44657746891464506,0.9188339929584819,0.36130737597725165,0.15700306030878494,2.3174738879805283,1,excitatory,8,0613_F3_C,False,9,13.0,neuron,neuronal_or_other,True,False,False,False,False,1,1.0688181638587522,0.8752036586758428,0.8803879083034593,0.04955389803471426,False,True,True,True,True,False
2787445900126100115,astrocyte_1,3,astrocyte_1,astrocyte_1,MV_in_Gabra1,0.838527078091225,0.7661351767377079,0.6742266871485493,0.9731620261343248,0.9603724376818802,0.14892014858265729,0.41206227288395253,0.11789674043733495,1.697083617331063,__MISSING__,__MISSING__,__MISSING__,0503_F5_T,True,22,45.0,glial_non_neuronal,astrocyte,True,False,False,False,False,1,-1.3886353548009533,0.37079250490882126,0.4480955303575263,0.04454960288119299,False,True,True,True,True,False
2787889600097100017,oligodendrocyte_2,3,oligodendrocyte_progenitor_2,oligodendrocyte_progenitor_2,oligodendrocyte_progenitor_2,0.8881623054435545,0.837366246084728,0.504195170581968,0.9936397751972134,0.9876479851169419,0.040575695381149426,0.6306306359596244,0.3758025715260014,1.001437220831683,__MISSING__,__MISSING__,__MISSING__,0503_M5_C,True,10,21.0,glial_non_neuronal,oligodendrocyte_opc,True,True,True,True,False,3,-0.7877096226587369,0.08610237695124297,0.19514184732260345,0.04590813179868055,True,False,False,False,False,False
2796212800529100216,DM_ex_Zfhx3,1,DM_ex_Zfhx3,DM_ex_Zfhx3,DH_ex_Maf/Cck,0.9999999940999997,0.9999999939999997,1.4175252073536737e-07,1.0,1.0,-0.0,0.6598299450809707,0.5753939064955484,1.3642109756331495,2,excitatory,11,0613_F4_T,False,23,38.0,neuron,neuronal_or_other,True,False,False,False,False,1,-0.49775694365819056,0.8112250736919816,0.8112251340582519,2.950000006277528e-09,False,True,True,True,True,False
2707604800299100021,meninges_3,2,meninges_2,meninges_2,oligodendrocyte_1,0.4030107007141455,0.21778862339329721,1.5754727523982948,0.4412340932842545,0.11559713740350641,1.2454250698944103,0.5583033128221673,0.24733423057423887,1.1661703976893958,__MISSING__,__MISSING__,__MISSING__,0415_M1_C,True,4,26.0,glial_non_neuronal,meningeal,True,False,False,False,False,1,1.6625695074351239,0.2903541170466009,0.4463708344695407,0.07030206453109712,True,False,False,False,False,False
2656144900563100093,MV_in_Esrrb,0,MV_in_Esrrb,MV_in_Esrrb,endothelial,0.9999999940999997,0.9999999939999997,1.4175252073536734e-07,1.0,1.0,-0.0,0.37830705109522195,0.259970729498659,2.2176707695656512,4,inhibitory,14,0328_M1_L,False,6,6.0,neuron,neuronal_or_other,True,False,False,False,False,1,-1.4548789059801113,0.8631129872801564,0.8631130586744867,2.950000006277528e-09,False,True,True,True,True,False
2795584800087100221,DH_in_Cdh3,2,DH_in_Cdh3,DH_in_Cdh3,DH_in_Pdyn,0.9983540907137826,0.9967081872275655,0.012194049711432208,0.9963532869080693,0.9927065738161387,0.02411244426315753,0.40907466003977544,0.21409837100659898,2.0371119837656386,1,inhibitory,10,0610_F3_T,False,14,30.0,neuron,neuronal_or_other,True,False,False,False,False,1,-1.5737048213548535,0.798151938335831,0.7957923995259201,0.00028043445392380786,False,True,True,True,True,False
2787445900755100112,oligodendrocyte_precursor_cell,1,oligodendrocyte_progenitor_2,astrocyte_1,astrocyte_1,0.4800998351202282,0.007685929601699115,0.9266556354827639,0.6272162976900225,0.25622493771162186,0.6733356477366103,0.5420948974743808,0.21160451346957304,1.2041143613273908,__MISSING__,__MISSING__,__MISSING__,0503_F3_L,True,15,37.0,glial_non_neuronal,oligodendrocyte_opc,False,False,True,False,False,2,1.6511926287768124,0.07422874870409049,0.06385184885891976,0.03240508767441281,True,False,False,False,False,False
2726562700215100157,DH_ex_Maf/Cck,1,DH_ex_Rreb1,DH_ex_Rreb1,oligodendrocyte_progenitor_2,0.4929935850029358,0.009885546664365363,0.8037587315837079,0.594262940284632,0.20507363131264938,0.7542166729256253,0.42505615729709223,0.1918462671017412,1.9120911202922348,1,excitatory,10,0422_F2_L,False,4,4.0,neuron,neuronal_or_other,True,False,False,False,False,1,1.6888247133799914,0.9835111619696428,0.9837901537136808,0.0075476114807553635,True,False,False,False,False,False
2707604000041100135,oligodendrocyte_progenitor_2,3,oligodendrocyte_progenitor_2,oligodendrocyte_progenitor_2,oligodendrocyte_1,0.6315963415604494,0.32807072570345014,0.955728308700578,0.5634990878328593,0.12722729425307905,0.6874780566287253,0.5795799693310647,0.24175697262048257,1.0231587952669934,__MISSING__,__MISSING__,__MISSING__,0415_M3_L,True,7,16.0,glial_non_neuronal,oligodendrocyte_opc,True,False,False,False,False,1,1.425118198170798,0.08719579811940789,0.0682692477926862,0.04171155310687362,False,True,True,True,True,False
2795103300367100037,oligodendrocyte_1,4,oligodendrocyte_progenitor_2,oligodendrocyte_progenitor_2,oligodendrocyte_progenitor_2,0.726999089895865,0.4700930369253382,0.6779582409977737,0.8791444942354519,0.759220781275082,0.3750529903962314,0.6358763022612841,0.28448877698482433,0.7451337752102355,__MISSING__,__MISSING__,__MISSING__,0610_M5_T,True,9,19.0,glial_non_neuronal,oligodendrocyte_opc,True,True,True,True,False,3,0.04613753361297379,0.01303294672663097,0.06205108856607788,0.03012931652466765,True,False,False,False,False,False
2656144900314100181,DH_in_Npy,1,DH_in_Npy,DH_in_Npy,DH_in_Rorb,0.9875458118605782,0.9750916295211567,0.06699673662532239,0.999959149585025,0.9999182991700499,0.00045366727182415514,0.5229476455183563,0.2316276140566575,1.5029196900013073,1,inhibitory,4,0328_M2_C,False,12,14.0,neuron,neuronal_or_other,True,False,False,False,False,1,-1.4961264306263633,0.9284646375639943,0.9521050765242294,0.006077416703505304,False,True,True,True,True,False
2707604800082100212,MV_ex_Syt2,2,MV_ex_Syt2,MV_ex_Syt2,oligodendrocyte_progenitor_2,0.9999999940999997,0.9999999939999997,1.4175252073536734e-07,1.0,1.0,-0.0,0.7654000447925465,0.722903739573323,1.1998273021764347,4,excitatory,14,0415_M1_L,False,20,33.0,neuron,neuronal_or_other,True,False,False,False,False,1,-0.05015222975801048,0.9556904629946623,0.9556905348069167,2.950000006277528e-09,False,True,True,True,True,False
2656144900235100233,DH_in_Cdh3,0,DH_in_Cdh3,DH_in_Cdh3,astrocyte_1,0.9259227583915466,0.8518455225830934,0.26406017633938245,0.9997354708015462,0.9994709416030925,0.0024435690662742795,0.5938342911779639,0.5460260324436705,1.811518122549886,1,inhibitory,10,0328_M2_C,False,14,23.0,neuron,neuronal_or_other,True,False,False,False,False,1,-0.32057171135842266,0.8819676760014085,0.8826903535522749,0.03692520191113063,False,True,True,True,True,False
2787445900292200023,peripheral_glia,0,Schwann_cell,Schwann_cell,Schwann_cell,0.6058171326944787,0.37349658911848505,1.2919140688723008,0.8706996945676706,0.7419455844540841,0.38923051837148187,0.7381438816551226,0.48395399779156856,0.6161108455812836,__MISSING__,__MISSING__,__MISSING__,0503_F4_C,True,11,37.0,glial_non_neuronal,remaining_glial_non_neuronal,True,True,True,True,False,3,0.858625670988018,0.07340973146575745,0.02182854042971974,0.1069321965389429,True,False,False,False,False,False
2787445900715100150,astrocyte_1,4,astrocyte_1,oligodendrocyte_1,oligodendrocyte_1,0.44507688265230355,0.1724206529689704,1.4881097202042455,0.35756315966103314,0.05640944640727252,1.3946012767734315,0.19956387170762954,0.06813353285491103,2.419072669440228,__MISSING__,__MISSING__,__MISSING__,0503_F3_L,True,4,7.0,glial_non_neuronal,astrocyte,False,False,True,False,False,2,1.3175019297806352,0.24170842750052612,0.28872634407481057,0.05255767282630601,False,False,True,True,False,False
2656144900371100168,MV_ex_Syt2,2,MV_ex_Syt2,MV_ex_Syt2,MV_in_Chrna2,0.9999999940999997,0.9999999939999997,1.4175252073536734e-07,1.0,1.0,-0.0,0.3140807692054505,0.11064453345335343,1.9285693723230513,4,excitatory,14,0328_M2_T,False,8,9.0,neuron,neuronal_or_other,True,False,False,False,False,1,-1.9079952024606333,0.6314246842570613,0.6314247505287213,2.950000006277528e-09,False,True,True,True,True,False
2656144900191100188,DH_ex_Maf/Cck,0,DH_ex_Maf/Cck,DH_ex_Maf/Cck,DM_ex_Zfhx3,0.6293730642304047,0.48434512438064514,1.0637249129612683,0.958262019508992,0.9372920251609791,0.20879552928772588,0.25286147946419735,0.04611584254567214,2.3756234620052994,1,excitatory,10,0328_M1_C,False,25,41.0,neuron,neuronal_or_other,True,False,False,False,False,1,-1.0561334653706698,0.45607905824914746,0.5329000961398743,0.14260993429442415,False,True,True,True,True,False
2787445900896100036,MV_in_Gm26673,3,MV_in_Gm26673,MV_in_Gm26673,MV_in_Gabra1,0.9844632182112532,0.9689264422225066,0.08011919886765759,0.9999956985404854,0.999991397080971,5.745267637119815e-05,0.38499687522472326,0.15997516404258444,1.6400247569460613,4,inhibitory,19,0503_F3_S,False,12,23.0,neuron,neuronal_or_other,True,False,False,False,False,1,-1.7026562561837677,0.5786583007320621,0.5785258269697552,0.0077858686691628124,False,True,True,True,True,False
2946331700000006029,DH_ex_Reln,4,DH_ex_Reln,DH_ex_Reln,DH_ex_Reln/Nmur2,0.991333399760057,0.9857002096694665,0.05539169660474533,0.999974680837851,0.9999501759536462,0.00029689529082582266,0.7321144130615946,0.5007201968167322,0.7671634577339895,1,excitatory,6,0415_F2_C,False,11,16.0,neuron,neuronal_or_other,True,False,False,False,False,1,-0.6986467001993355,0.5683167803873993,0.5707277077207591,0.0042507802981649875,False,True,True,True,True,False
2795584800226100077,oligodendrocyte_progenitor_2,4,oligodendrocyte_2,oligodendrocyte_2,oligodendrocyte_2,0.530980708060376,0.0777024266537596,0.7823517283986905,0.7402800545898568,0.481221154249501,0.5778700796365043,0.632340779592446,0.29402385897646194,0.7842435097738416,__MISSING__,__MISSING__,__MISSING__,0610_F3_C,True,8,11.0,glial_non_neuronal,oligodendrocyte_opc,True,True,True,True,False,3,1.3293611705607633,0.016177512054965263,0.019604306221147116,0.03832356462455128,True,False,False,False,False,False
2796212800849100228,DH_in_Pdyn,4,DH_in_Pdyn,DH_in_Pdyn,DH_in_Cdh3,0.9999999940999997,0.9999999939999997,1.4175252073536737e-07,1.0,1.0,-0.0,0.37110988398681116,0.14146712357924043,1.8250604131060477,1,inhibitory,2,0613_F3_C,False,13,27.0,neuron,neuronal_or_other,True,False,False,False,False,1,-1.8144669518545464,0.7882504712526726,0.7882505344892551,2.950000006277528e-09,False,True,True,True,True,False
2795903600349100059,DH_in_Pdyn,1,DH_in_Pdyn,DH_in_Pdyn,DH_ex_Cpne4,0.9999999940999997,0.9999999939999997,1.4175252073536737e-07,1.0,1.0,-0.0,0.4182563239834119,0.25638444724994974,2.0953058131901465,1,inhibitory,2,0613_M4_L,False,16,21.0,neuron,neuronal_or_other,True,False,False,False,False,1,-1.4657611421429877,0.912127372205959,0.9121274382009317,2.950000006277528e-09,False,True,True,True,True,False
2787445900254100099,oligodendrocyte_progenitor_1,2,oligodendrocyte_precursor_cell,oligodendrocyte_precursor_cell,oligodendrocyte_precursor_cell,0.7688714471435926,0.5944288322262496,0.7684191568921979,0.9843493278795235,0.969467141192129,0.08374087900279265,0.7176545463106612,0.4382885853592346,0.6182738585646491,__MISSING__,__MISSING__,__MISSING__,0503_F4_C,True,29,66.0,glial_non_neuronal,oligodendrocyte_opc,True,True,True,True,False,3,-0.12707209036722297,0.03423664863544366,0.1208452998141093,0.09290447471800056,True,False,False,False,False,False
2787445900441100073,meninges_2,0,meninges_1,meninges_1,meninges_1,0.6732691454386208,0.39600875584389095,0.8221465968841692,0.6262060103046267,0.2709227859662405,0.7393293069386778,0.5025183656971086,0.15430922806922343,1.0067758498236488,__MISSING__,__MISSING__,__MISSING__,0503_F4_C,True,7,125.0,glial_non_neuronal,meningeal,True,True,True,True,False,3,0.7529272849305046,0.047009021495635975,0.047418972376951335,0.012453405775534148,True,False,False,False,False,False
2787889600093100312,astrocyte_1,3,oligodendrocyte_1,oligodendrocyte_progenitor_2,oligodendrocyte_1,0.6107048855799488,0.27129378953419403,0.8736977534800655,0.7186038434058817,0.44006011134673867,0.6114590336318185,0.4764223246560199,0.07899686433868502,1.27203904583156,__MISSING__,__MISSING__,__MISSING__,0503_M5_C,True,12,22.0,glial_non_neuronal,astrocyte,False,True,False,False,False,2,0.41198069019583006,0.05316824234109965,0.10965657243364725,0.11494055379923868,True,False,False,False,False,False
2787889600580100057,DH_ex_Prkcg/Nts,0,DH_ex_Tac2,DH_ex_Tac2,DH_ex_Prkcg/Cck,0.5521347287524183,0.26827743864800013,1.033629588331007,0.7118522477987115,0.46815221219929176,0.7512055884581732,0.22394525273141283,0.04205398821483486,2.102175739105669,1,excitatory,8,0503_M4_S,False,7,17.0,neuron,neuronal_or_other,True,False,False,False,False,1,0.249524361609059,0.2851537648161487,0.36951881357894584,0.03821882719609308,True,False,False,False,False,False
2795584800446100151,DH_ex_Prkcg/Rxfp1,0,DH_ex_Prkcg/Rxfp1,DH_ex_Prkcg/Rxfp1,DH_ex_Maf/Cck,0.7714586089243972,0.5624772735446812,0.604289120278862,0.9996654258673416,0.9993993328663193,0.0031815688200266213,0.40359281611515,0.29475260723541913,2.1305338400352087,1,excitatory,6,0610_F4_T,False,16,23.0,neuron,neuronal_or_other,True,False,False,False,False,1,-0.5648230429339283,0.8559997500478881,0.8712472199638476,0.12327239472111905,False,True,True,True,True,False
2787445900510100083,astrocyte_2,1,oligodendrocyte_2,oligodendrocyte_2,oligodendrocyte_2,0.7343679311276705,0.6242235603686082,1.0630467353701167,0.9953690712662429,0.9915554712101241,0.032824589920202575,0.4027066122615756,0.17546892613184153,1.7687368654671238,__MISSING__,__MISSING__,__MISSING__,0503_F3_C,True,17,28.0,glial_non_neuronal,astrocyte,True,True,True,True,False,3,-1.0217575378243025,0.13400012393336252,0.3794384721879348,0.13386460152452842,True,False,False,False,False,False
2795103300127100139,beta_motoneuron,1,alpha_motoneuron,alpha_motoneuron,oligodendrocyte_1,0.789198170320196,0.5890438047133495,0.5571801649998914,0.5179358472091977,0.03912979115555332,0.7120312093392077,0.19879052771619996,0.0748075407182162,2.9400574103314177,__MISSING__,__MISSING__,22,0610_M4_L,False,3,3.0,glial_non_neuronal,neuronal_or_other,True,False,False,False,False,1,0.6261464429046133,0.9319703456417807,0.9266797086193441,0.06443464895555481,True,False,False,False,False,False
2945606900000011838,meninges_3,4,meninges_1,meninges_1,meninges_1,0.7154482887704512,0.5228670878811067,0.8113598160669906,0.9616960644120233,0.9271810401961394,0.17783069990445285,0.486076488519952,0.20273384943210904,1.057473980302934,__MISSING__,__MISSING__,__MISSING__,0328_F1_C,True,6,91.0,glial_non_neuronal,meningeal,True,True,True,True,False,3,-0.6297906687172932,0.048575788556927096,0.24664968031085938,0.10984254384241827,True,False,False,False,False,False
2795584800161100119,DH_in_Pdyn,4,DH_in_Pdyn,DH_in_Pdyn,DM_ex_Zfhx3,0.9999999940999997,0.9999999939999997,1.4175252073536737e-07,1.0,1.0,-0.0,0.2571515311300708,0.14602858979730704,2.529333051067884,1,inhibitory,2,0610_F3_T,False,7,12.0,neuron,neuronal_or_other,True,False,False,False,False,1,-1.8006256116611332,0.7983869895985902,0.7983870579644405,2.950000006277528e-09,False,True,True,True,True,False
2787445900462100125,oligodendrocyte_progenitor_2,2,oligodendrocyte_1,oligodendrocyte_1,oligodendrocyte_1,0.5209291575986966,0.27466179677004243,1.3076746712970242,0.7097178858835405,0.4237159781398009,0.6285532995470403,0.45224768322572007,0.19017960387866734,1.2775648174233403,__MISSING__,__MISSING__,__MISSING__,0503_F4_T,True,8,12.0,glial_non_neuronal,oligodendrocyte_opc,True,True,True,True,False,3,0.7757640350775898,0.09477949624858287,0.16225010340063253,0.11499790943617272,True,False,False,False,False,False
2707604800342100056,oligodendrocyte_progenitor_2,1,oligodendrocyte_2,oligodendrocyte_2,oligodendrocyte_2,0.7938274641122941,0.6803776874689121,0.7911159767007728,0.8756845062399463,0.751748754873203,0.37839067535249876,0.5288350654112527,0.09619908489482826,0.8829078027004903,__MISSING__,__MISSING__,__MISSING__,0415_M1_C,True,16,26.0,glial_non_neuronal,oligodendrocyte_opc,True,True,True,True,False,3,-0.8868637433198744,0.104261939061272,0.11458319825974704,0.04646464064947764,True,False,False,False,False,False
2796212800914100233,MV_in_Gabra1,3,MV_in_Gabra1,MV_in_Gabra1,DH_in_Cdh3,0.9999999940999997,0.9999999939999997,1.4175252073536734e-07,1.0,1.0,-0.0,0.4817239946826643,0.35056474718975084,1.887893617869423,4,inhibitory,16,0613_F3_C,False,34,59.0,neuron,neuronal_or_other,True,False,False,False,False,1,-1.1799798804466144,0.7072505115992607,0.7072505764433648,2.950000006277528e-09,False,True,True,True,True,False
2707737900062100140,DH_ex_Grp,1,DH_ex_Grp,DH_ex_Grp,DH_ex_Gpr83,0.826062865342248,0.6684202729776301,0.516164097658152,0.9993623306909405,0.9989082915673052,0.005712048233666259,0.5065142295864954,0.3198675281777063,1.578111185718084,1,excitatory,6,0415_F1_L,False,16,27.0,neuron,neuronal_or_other,True,False,False,False,False,1,-0.6773152229153347,0.8133990673294137,0.8200880072801859,0.0902589807018442,False,True,True,True,True,False
2656143800164100061,oligodendrocyte_progenitor_2,3,oligodendrocyte_2,oligodendrocyte_1,oligodendrocyte_1,0.3828391489983813,0.05925167979516993,1.29145937116753,0.4159601903870478,0.03808545696587429,1.072788963864412,0.4925903163810239,0.3249955413018207,1.6766963242688504,__MISSING__,__MISSING__,__MISSING__,0328_M3_T,True,4,4.0,glial_non_neuronal,oligodendrocyte_opc,False,False,True,False,False,2,2.3359075725740834,0.12152161806411564,0.12407519174943542,0.033875679392828616,True,False,False,False,False,False
2787445900753100089,MV_in_Sema5b,4,MV_in_Sema5b,MV_in_Sema5b,astrocyte_1,0.9999999940999997,0.9999999939999997,1.4175252073536734e-07,1.0,1.0,-0.0,0.5328746432369058,0.4171383361616808,1.8381378923221028,4,inhibitory,15,0503_F3_L,False,7,7.0,neuron,neuronal_or_other,True,False,False,False,False,1,-0.97796858653255,0.8580536404126137,0.8580537128475553,2.950000006277528e-09,False,True,True,True,True,False
2787445900291100132,microglia,0,oligodendrocyte_2,oligodendrocyte_2,oligodendrocyte_2,0.9665540460758005,0.9566791597251694,0.21292358030052108,0.9786809162720397,0.9574734511598917,0.103960278924593,0.8694107459749567,0.7621434754777331,0.4827129292233357,__MISSING__,__MISSING__,__MISSING__,0503_F4_C,True,12,34.0,glial_non_neuronal,microglia,True,True,True,True,False,3,0.23088313261975732,0.04224349669725835,0.03627448604660331,0.014158881758346616,True,False,False,False,False,False
2656143800416100040,DH_in_Klhl14,4,DH_in_Cdh3,DH_in_Cdh3,DH_in_Pdyn,0.9750225007630088,0.950045007326018,0.11682452376601679,0.9976649377401603,0.9953298754803206,0.01648214970612441,0.2626968134169584,0.13103986536195264,2.401042361390272,1,inhibitory,10,0328_M3_L,False,25,32.0,neuron,neuronal_or_other,True,False,False,False,False,1,-1.747401060069123,0.7173935920145885,0.7377360415786763,0.007997336692140812,True,False,False,False,False,False
2707604700226100041,oligodendrocyte_progenitor_2,0,oligodendrocyte_2,oligodendrocyte_progenitor_2,oligodendrocyte_2,0.4859587374934688,0.012028273595979078,0.90558848381427,0.5585983393163994,0.12018325680949837,0.7077010433193566,0.5365632947820461,0.16914167176798273,1.1682568188027953,__MISSING__,__MISSING__,__MISSING__,0415_M2_T,True,9,13.0,glial_non_neuronal,oligodendrocyte_opc,False,True,False,False,False,2,1.784583277177127,0.026334600475373122,0.059093807020030975,0.01898373532727881,False,False,True,False,True,False
2787889600484100030,astrocyte_2,1,astrocyte_1,astrocyte_2,astrocyte_1,0.5937101573429618,0.20093955020004317,0.7536243044727916,0.6784797054157918,0.3572072087126037,0.6303773525903914,0.8859247064689004,0.7761512233057523,0.38344417589584956,__MISSING__,__MISSING__,__MISSING__,0503_M4_T,True,16,33.0,glial_non_neuronal,astrocyte,False,True,False,False,False,2,2.8178349451343534,0.08492557837008322,0.26536988232498515,0.0635973176380635,False,False,True,False,True,False
2707604800013100108,MV_ex_Syt2,3,MV_ex_Syt2,MV_ex_Syt2,DM_ex_Zfhx3,0.9999999940999997,0.9999999939999997,1.4175252073536734e-07,1.0,1.0,-0.0,0.6629378721834667,0.5939223173514394,1.504164064254306,4,excitatory,14,0415_M1_S,False,19,24.0,neuron,neuronal_or_other,True,False,False,False,False,1,-0.441534223673121,0.9751807612629657,0.9751808282994968,2.950000006277528e-09,False,True,True,True,True,False
2946331700000004973,MV_in_Gabra1,2,MV_in_Gabra1,MV_in_Gabra1,MV_in_Gm26673,0.9999999940999997,0.9999999939999997,1.4175252073536734e-07,1.0,1.0,-0.0,0.5509963377920544,0.3559914310483195,1.285962265479931,4,inhibitory,16,0415_F2_C,False,25,55.0,neuron,neuronal_or_other,True,False,False,False,False,1,-1.1635131187042929,0.6254894509708053,0.6254895087160096,2.950000006277528e-09,False,True,True,True,True,False
2796212800822100098,oligodendrocyte_progenitor_2,3,oligodendrocyte_progenitor_2,oligodendrocyte_progenitor_2,alpha_motoneuron,0.44389949099397746,0.14893178077143582,1.4595138641411656,0.7927124155664691,0.6199466965316084,0.626297658317635,0.3565352227210202,0.10352032783187065,1.9331795391773794,__MISSING__,__MISSING__,__MISSING__,0613_F4_C,True,10,11.0,glial_non_neuronal,oligodendrocyte_opc,True,False,False,False,False,1,0.34842884295060167,0.17098875568929003,0.37670299502986576,0.13012301041153768,False,True,True,True,True,False
2787889600478100141,oligodendrocyte_1,2,oligodendrocyte_progenitor_2,oligodendrocyte_progenitor_2,oligodendrocyte_progenitor_2,0.7097777942501085,0.5604524374068138,0.9544640015449719,0.8104023463015803,0.6232312861565258,0.5008881046681163,0.43767388313535444,0.05664028593989573,1.2834652787455325,__MISSING__,__MISSING__,__MISSING__,0503_M4_L,True,18,41.0,glial_non_neuronal,oligodendrocyte_opc,True,True,True,True,False,3,-0.5371118451379817,0.08629263754386478,0.14790243507801398,0.06713028618239703,True,False,False,False,False,False
2707604000055100092,astrocyte_1,2,astrocyte_1,astrocyte_1,endothelial,0.5636080752733192,0.2957102861564105,1.3343293997160195,0.7595242205463477,0.5496749517752529,0.6572397343389745,0.27297882421280556,0.03506892393377345,2.5789530481359493,__MISSING__,__MISSING__,__MISSING__,0415_M3_L,True,10,10.0,glial_non_neuronal,astrocyte,True,False,False,False,False,1,0.01740857398803708,0.23193487929059559,0.3237411735735017,0.065169236410289,False,True,True,True,True,False
2795903600515200029,endothelial,3,astrocyte_1,endothelial,MV_in_Chrna2,0.5026097908795641,0.12078936461927814,1.168387643441056,0.5781806171016215,0.1851032753948812,0.8207838576237338,0.24224961758957506,0.059774309332046166,2.180873632216012,__MISSING__,__MISSING__,__MISSING__,0613_M5_C,True,18,26.0,glial_non_neuronal,vascular,False,False,False,False,True,1,1.129144499396288,0.6706414838497954,0.7012320869333349,0.05073530525082175,False,False,True,False,True,False
2707604700362100146,microglia,4,microglia,microglia,endothelial,0.6242193513044554,0.4632394673009632,1.2585888783478871,0.906282841148997,0.817334258442969,0.33431405916634416,0.5054015310413748,0.10011093822337602,1.0861756492549997,__MISSING__,__MISSING__,__MISSING__,0415_M2_C,True,16,24.0,glial_non_neuronal,microglia,True,False,False,False,False,1,-0.6164125330445319,0.14497333332901113,0.2230128889029768,0.12291039636521615,False,True,True,True,True,False
2946331700000017356,oligodendrocyte_precursor_cell,2,oligodendrocyte_1,oligodendrocyte_1,MV_in_Sema5b,0.5899900830833973,0.371702019957079,1.2184705432411564,0.8316269259129773,0.7479944873764951,0.67798815372589,0.21248321606078757,0.04538756659447271,2.6308650581784563,__MISSING__,__MISSING__,__MISSING__,0415_F2_L,True,5,5.0,glial_non_neuronal,oligodendrocyte_opc,True,False,False,False,False,1,-0.48095581253925,0.34189850682657913,0.48330744182511376,0.08398327340747824,True,False,False,False,False,False
2726562800059100205,DH_ex_Gpr83,2,DH_ex_Gpr83,DH_ex_Gpr83,DM_ex_Zfhx3,0.8667449565773064,0.7334899189546134,0.39252802513702956,0.9999513811082449,0.9999027622164898,0.0005314761547033418,0.31401081242794143,0.1428964806738056,2.4590006480015805,1,excitatory,2,0422_M2_C,False,7,10.0,neuron,neuronal_or_other,True,False,False,False,False,1,-1.332788854775379,0.7759143966668026,0.7874452849224173,0.06977044386467861,False,True,True,True,True,False
2796212800855100139,MV_in_Gabra1,0,MV_in_Gabra1,MV_in_Gabra1,MV_in_Gm26673,0.9999999940999997,0.9999999939999997,1.4175252073536734e-07,1.0,1.0,-0.0,0.5644207391644465,0.31604174265244217,1.1989526027846356,4,inhibitory,16,0613_F4_C,False,20,53.0,neuron,neuronal_or_other,True,False,False,False,False,1,-1.2847366905282125,0.7691010783134262,0.7691011305202836,2.950000006277528e-09,False,True,True,True,True,False
2656144900112100212,MV_in_Sema5b,2,MV_in_Sema5b,MV_in_Sema5b,MV_in_Gabra1,0.9999999940999997,0.9999999939999997,1.4175252073536734e-07,1.0,1.0,-0.0,0.19019284506718373,0.008343312869833475,2.393248843349901,4,inhibitory,15,0328_M1_C,False,8,21.0,neuron,neuronal_or_other,True,False,False,False,False,1,-2.2184186340076177,0.642825349258896,0.6428254190439998,2.950000006277528e-09,False,True,True,True,True,False
2787889600618100047,MV_in_Esrrb,2,MV_in_Esrrb,MV_in_Esrrb,astrocyte_1,0.9999999940999997,0.9999999939999997,1.4175252073536734e-07,1.0,1.0,-0.0,0.8278154464058438,0.776368395845292,0.8563118961198621,4,inhibitory,14,0503_M4_S,False,11,16.0,neuron,neuronal_or_other,True,False,False,False,False,1,0.1120812408864077,0.9545871220191712,0.9545871871662117,2.950000006277528e-09,False,True,True,True,True,False
2787889600094100279,M_ex_Vsx2,2,M_ex_Vsx2,M_ex_Vsx2,MV_in_Gabra1,0.9517837769557749,0.9035675597115499,0.1932292652133267,0.9999966781042545,0.999993356208509,4.522752177889684e-05,0.5059191777655258,0.3829853309483543,1.8577654482429853,3,excitatory,20,0503_M5_C,False,30,40.0,neuron,neuronal_or_other,True,False,False,False,False,1,-0.9089411167810517,0.7723299684490526,0.7691718199913921,0.02451400329422113,False,True,True,True,True,False
2707737900007100256,DH_ex_Tac2,0,DH_ex_Prkcg/Cck,DH_ex_Prkcg/Cck,DH_ex_Prkcg/Cck,0.834718227020398,0.7531591510565261,0.5835216510583222,0.97167295425444,0.9459292042993624,0.13931437956141818,0.23518693783892666,0.08872281122700484,2.6206418526143547,1,excitatory,8,0415_F1_S,False,8,9.0,neuron,neuronal_or_other,True,True,True,True,False,3,-1.4252623772857056,0.4420515843641693,0.5178931852036153,0.05130720425187501,True,False,False,False,False,False
2787889600315100058,oligodendrocyte_progenitor_2,4,astrocyte_1,astrocyte_1,oligodendrocyte_1,0.6099381903275917,0.4416203652894136,1.1500069317467991,0.7556105667596209,0.6028145723663731,0.7588208742270781,0.3244340880503799,0.0011461705464039795,1.54211552733144,__MISSING__,__MISSING__,__MISSING__,0503_M4_C,True,21,27.0,glial_non_neuronal,oligodendrocyte_opc,True,False,False,False,False,1,-0.4522288951885627,0.07310967990056874,0.1766320603383093,0.055205247133913886,True,False,False,False,False,False
2707737900102100026,DH_in_Cdh3,3,DH_in_Cdh3,DH_in_Cdh3,DH_in_Rorb,0.9865692216379154,0.973138449075831,0.07122971897539825,0.9957149684588303,0.9914299369176607,0.027640517898179773,0.5286216648903923,0.43373980033176684,1.7973785742185078,1,inhibitory,10,0415_F1_L,False,24,42.0,neuron,neuronal_or_other,True,False,False,False,False,1,-0.8624914873896368,0.7684568420923034,0.7728520020767355,0.0018032209311340623,False,True,True,True,True,False
2796212800553100213,oligodendrocyte_progenitor_2,4,astrocyte_1,astrocyte_1,astrocyte_1,0.7398419486256035,0.53936722380259,0.7924762660980267,0.962136104987351,0.93180900432786,0.1813745405789667,0.7411079096475637,0.5867170536515968,0.9359112444729922,__MISSING__,__MISSING__,__MISSING__,0613_F3_L,True,12,18.0,glial_non_neuronal,oligodendrocyte_opc,True,True,True,True,False,3,0.49664358617016535,0.017336862924929638,0.0824417015667868,0.07985482778703537,True,False,False,False,False,False
2787445900267100193,MV_in_Sema5b,3,MV_in_Sema5b,MV_in_Sema5b,DH_in_Cdh3,0.9999999940999997,0.9999999939999997,1.4175252073536734e-07,1.0,1.0,-0.0,0.3916929056341503,0.28417435495076554,2.2135493711841288,4,inhibitory,15,0503_F5_L,False,10,13.0,neuron,neuronal_or_other,True,False,False,False,False,1,-1.3814352811057937,0.9122911997837309,0.912291269380271,2.950000006277528e-09,False,True,True,True,True,False
2796212800684100065,meninges_2,4,meninges_1,meninges_1,meninges_3,0.5118732825654481,0.26711448809548866,1.1533793779900363,0.7596698323755879,0.6093479790526547,0.7237651286054314,0.5423917832360192,0.324537216696244,1.1010754389023603,__MISSING__,__MISSING__,__MISSING__,0613_F3_T,True,1,25.0,glial_non_neuronal,meningeal,True,False,False,False,False,1,0.8285309651160759,0.10041087072851579,0.22720528204590196,0.06003210739932438,True,False,False,False,False,False
2787889600584100100,endothelial,1,meninges_1,meninges_1,meninges_1,0.7321468463567551,0.6237469598519854,1.027142375463858,0.9445901295085637,0.8899650162331771,0.21926817613225155,0.560240639854848,0.2908757097804748,1.1413480936753213,__MISSING__,__MISSING__,__MISSING__,0503_M4_S,True,11,16.0,glial_non_neuronal,vascular,True,True,True,True,False,3,-0.46907726501636854,0.05532863217075017,0.17430809372107672,0.09306545006544537,True,False,False,False,False,False
2726543700142100084,astrocyte_1,2,endothelial,endothelial,MV_in_Chrna2,0.6864569202074745,0.5276115977323823,1.0680852940434373,0.9498060586334411,0.9276601615726169,0.2682341907116834,0.975080861963705,0.9700479837250181,0.17376456894240364,__MISSING__,__MISSING__,__MISSING__,0422_M3_T,True,11,16.0,glial_non_neuronal,astrocyte,True,False,False,False,False,1,1.6891065822375473,0.9684053033858477,0.9795897614244139,0.09896899710738515,True,False,False,False,False,False
2946331700000002928,oligodendrocyte_1,0,oligodendrocyte_1,oligodendrocyte_1,oligodendrocyte_progenitor_2,0.520137724036329,0.21787087868845745,1.2230105429218316,0.5155756590785242,0.2385281663195451,1.1338879593099085,0.25344319589193637,0.03400622555849822,2.169323022221137,__MISSING__,__MISSING__,__MISSING__,0415_F2_C,True,13,18.0,glial_non_neuronal,oligodendrocyte_opc,True,False,False,False,False,1,0.771105908969511,0.2545419948476765,0.29028536464144045,0.05440992978545076,False,True,True,True,True,False
2795903600031100202,endothelial,3,oligodendrocyte_1,oligodendrocyte_1,oligodendrocyte_1,0.6371294598317156,0.36999569583466235,0.9404757337431758,0.832270417133965,0.7392785827190077,0.5812670449653786,0.42411147341511357,0.31703983724944285,2.2988518185817317,__MISSING__,__MISSING__,__MISSING__,0613_M5_S,True,4,6.0,glial_non_neuronal,vascular,True,True,True,True,False,3,0.3637016396863148,0.20622824941486992,0.23048150501003478,0.04685628695383131,True,False,False,False,False,False
2795584800711100162,endothelial,1,endothelial,endothelial,oligodendrocyte_1,0.4721945299024632,0.1878201075825907,1.3700191697157087,0.5406176007386236,0.14852145632089747,0.9327014494458843,0.36439910294428624,0.1076680569151311,1.6650915959678305,__MISSING__,__MISSING__,__MISSING__,0610_F5_L,True,8,15.0,glial_non_neuronal,vascular,True,False,False,False,False,1,1.2270720090055782,0.05356401700017838,0.13635609497600776,0.06432300099136415,False,True,True,True,True,False
2707604700389100195,DH_ex_Gpr83,0,DH_ex_Grpr,DH_ex_Grpr,DH_ex_Sox5,0.8914871996635579,0.7829744051271164,0.3433947729757948,0.9466251173112872,0.8932502346225744,0.20833495888267634,0.5620564160412751,0.46585738769055884,1.7463736205677571,1,excitatory,2,0415_M2_C,False,17,26.0,neuron,neuronal_or_other,True,False,False,False,False,1,-0.22970607366384765,0.7128804833951596,0.72435527096209,0.007507393265967395,True,False,False,False,False,False
2796212800888100157,MV_ex_Syt2,3,MV_ex_Syt2,MV_ex_Syt2,MV_in_Gabra1,0.9999999940999997,0.9999999939999997,1.4175252073536734e-07,1.0,1.0,-0.0,0.9413070831555106,0.9138355242498671,0.3326480840445432,4,excitatory,14,0613_F4_C,False,42,127.0,neuron,neuronal_or_other,True,False,False,False,False,1,0.5292123120589101,0.9790186413364882,0.9790186955966212,2.950000006277528e-09,False,True,True,True,True,False
2796212800398100084,DH_ex_Gpr83,3,DH_ex_Grpr,DH_ex_Grpr,DM_ex_Zfhx3,0.708352148569275,0.4167043029385503,0.6036206880277077,0.6142726134101183,0.22854522682023648,0.6667984761112122,0.48989193097916434,0.3578055606374817,1.9906696626131306,1,excitatory,2,0613_F4_L,False,20,32.0,neuron,neuronal_or_other,True,False,False,False,False,1,1.417476028770015,0.8708244915719069,0.8671087888814546,0.007143691424575443,True,False,False,False,False,False
2707604800425100142,DH_ex_Reln/Npff,1,DH_ex_Reln/Npff,DH_ex_Reln/Npff,DM_ex_Zfhx3,0.9999999940999997,0.9999999939999997,1.4175252073536737e-07,1.0,1.0,-0.0,0.2164661194327426,0.0403129592921333,2.3347074871265088,1,excitatory,1,0415_M1_C,False,20,48.0,neuron,neuronal_or_other,True,False,False,False,False,1,-2.1214097489606214,0.7069372354531511,0.7069373036397467,2.950000006277527e-09,False,True,True,True,True,False
2796212800882100065,DH_in_Cdh3,0,DH_in_Cdh3,DH_in_Cdh3,DH_in_Pdyn,0.9412419997212683,0.8941711451365346,0.25319773461156947,0.999039070375837,0.9980781407516739,0.00763663145710758,0.3449180183465094,0.06967128863154487,1.5230720650876168,1,inhibitory,10,0613_F3_C,False,23,36.0,neuron,neuronal_or_other,True,False,False,False,False,1,-1.8390388782510156,0.48442755666805565,0.5340496744774756,0.027082867887329113,False,True,True,True,True,False
2795584800419100162,MV_ex_Syt2,1,MV_ex_Syt2,MV_ex_Syt2,MV_in_Esrrb,0.9999999940999997,0.9999999939999997,1.4175252073536734e-07,1.0,1.0,-0.0,0.32042123867596506,0.10381870639069266,1.9472046975059771,4,excitatory,14,0610_F4_L,False,14,23.0,neuron,neuronal_or_other,True,False,False,False,False,1,-1.928707532654265,0.8890465014232275,0.8890465643611845,2.950000006277528e-09,False,True,True,True,True,False
2796212800822100056,MV_ex_Shox2,2,MV_ex_Shox2,MV_ex_Shox2,M_ex_Vsx2/Shox2,0.9999999185880905,0.999999849320463,1.4783164097510336e-06,1.0,1.0,-0.0,0.7663351477152822,0.5454518654144277,0.6075905863312928,4,excitatory,18,0613_F4_C,False,23,83.0,neuron,neuronal_or_other,True,False,False,False,False,1,-0.5886129919833369,0.5836244526165831,0.5836254134804876,4.070595595994476e-08,False,True,True,True,True,False
2726543700194100044,DH_ex_Maf/Cck,2,DH_ex_Maf/Cck,DH_ex_Maf/Cck,oligodendrocyte_progenitor_2,0.953414582942326,0.9099445279730636,0.20186323274717013,0.999602965075266,0.9994021113997527,0.003888590171290575,0.49414416183133003,0.35386909339002803,1.815131199818537,1,excitatory,10,0422_M3_C,False,5,5.0,neuron,neuronal_or_other,True,False,False,False,False,1,-1.0075351447637642,0.9483543949285865,0.9525355734799119,0.022543611857388807,False,True,True,True,True,False
2726562700098100082,M_ex_Vsx2/Shox2,1,M_ex_Vsx2/Shox2,M_ex_Vsx2/Shox2,MV_ex_Shox2,0.9800438719315262,0.9600877496630527,0.09786843911768357,0.9999992999986976,0.9999985999973953,1.0620548064041136e-05,0.19814974665366386,0.010230901827007588,2.2615585204175863,3,excitatory,20,0422_F2_C,False,3,5.0,neuron,neuronal_or_other,True,False,False,False,False,1,-2.141231027205978,0.8884740080234916,0.8955829315997615,0.010045268010190315,False,True,True,True,True,False
2795903600463100194,oligodendrocyte_1,4,oligodendrocyte_progenitor_2,oligodendrocyte_progenitor_2,oligodendrocyte_progenitor_2,0.7671283073675028,0.6861138243608279,0.886843520316775,0.8279345204131953,0.6719644984169857,0.522996116867421,0.5773058008555227,0.3774513809805775,1.2348269698163594,__MISSING__,__MISSING__,__MISSING__,0613_M5_C,True,12,15.0,glial_non_neuronal,oligodendrocyte_opc,True,True,True,True,False,3,0.11465535139995947,0.08158499324401282,0.12382743122353551,0.08108953974995745,True,False,False,False,False,False
2795584800166100035,astrocyte_1,0,astrocyte_1,astrocyte_1,MV_in_Sema5b,0.8748172204264829,0.8298700724125281,0.5651593554605095,0.9822391328562037,0.9757211838755576,0.11293608236004767,0.45451779706878176,0.3569761462672848,2.109551759166901,__MISSING__,__MISSING__,__MISSING__,0610_F3_L,True,12,16.0,glial_non_neuronal,astrocyte,True,False,False,False,False,1,-0.8077435976120593,0.7473104326005245,0.7975742625480363,0.03710070297810656,False,True,True,True,True,False
2795903600563100188,DH_ex_Sox5,2,DH_ex_Sox5,DH_ex_Sox5,DH_ex_Cpne4,0.9694031400705592,0.9388062859411186,0.13681094928247992,0.999993232096187,0.9999864641923739,8.732839995943264e-05,0.264967463929042,0.03263668910610665,2.4743278882014956,1,excitatory,5,0613_M4_C,False,14,17.0,neuron,neuronal_or_other,True,False,False,False,False,1,-2.035117294744669,0.9312896125991184,0.9314317470661749,0.015427222234918478,False,True,True,True,True,False
2787445900328100064,oligodendrocyte_progenitor_2,4,astrocyte_2,astrocyte_2,astrocyte_2,0.6718738128965929,0.4189656557275446,0.9368465302107352,0.8884735798524301,0.7792142230499524,0.3639935416896358,0.7836560523889208,0.6488129249239276,0.7776322690884871,__MISSING__,__MISSING__,__MISSING__,0503_F4_C,True,12,21.0,glial_non_neuronal,oligodendrocyte_opc,True,True,True,True,False,3,1.2034982642521435,0.025483554380716547,0.03803164975367001,0.06361367539716542,True,False,False,False,False,False
2796212800625100214,astrocyte_1,0,oligodendrocyte_1,oligodendrocyte_1,oligodendrocyte_1,0.4651638846698822,0.24795928430872058,1.307113933644468,0.7318822633900626,0.5658021493009139,0.8351679105682621,0.2827003579426674,0.06955791322205826,2.195896195873009,__MISSING__,__MISSING__,__MISSING__,0613_F4_T,True,3,5.0,glial_non_neuronal,astrocyte,True,True,True,True,False,3,0.17554431132395176,0.1675499871805271,0.2478952313680514,0.07120311616422473,True,False,False,False,False,False
2707604000138100068,DH_ex_Gpr83,2,DH_ex_Gpr83,DH_ex_Gpr83,DM_ex_Zfhx3,0.9251306570929365,0.8502613199858735,0.26605621393285955,0.9999959065062024,0.9999918130124048,5.487782681146765e-05,0.8103963892576521,0.6972117456867231,0.7796561679020703,1,excitatory,2,0415_M3_T,False,28,62.0,neuron,neuronal_or_other,True,False,False,False,False,1,0.13998957982474747,0.7405934299486279,0.7359999264889795,0.03845511483630736,False,True,True,True,True,False
2946331700000018324,DH_ex_Rreb1,3,DH_ex_Maf/Cck,DH_ex_Maf/Cck,DH_ex_Prkcg/Rxfp1,0.7816317539638431,0.6596534243787051,0.7408270940545906,0.8617418046397303,0.7434064011157195,0.4683281323623039,0.3015613373390246,0.0074918813081647495,2.2253547717239726,1,excitatory,10,0415_F2_L,False,20,36.0,neuron,neuronal_or_other,True,False,False,False,False,1,-1.1023757649650814,0.8915163426871449,0.9213858678698704,0.022943342229417973,True,False,False,False,False,False
2656144900609100183,DH_in_Cdh3,0,DH_in_Cdh3,DH_in_Cdh3,DH_in_Npy2r,0.8283088752423874,0.6566177562847753,0.4585577279497504,0.9999268089449872,0.9998536178899744,0.0007701456119644332,0.4549128829611771,0.033921742190925086,1.2132651051853784,1,inhibitory,10,0328_M2_L,False,30,46.0,neuron,neuronal_or_other,True,False,False,False,False,1,-1.5257363874172143,0.39329274161241445,0.37682290455023976,0.09123861795375635,False,True,True,True,True,False
2787889600444100248,astrocyte_1,3,astrocyte_1,astrocyte_1,oligodendrocyte_1,0.5245344182156576,0.21620536654759015,1.1859005833490646,0.8035279890563004,0.6558558929567597,0.6135551747105888,0.44006052900931564,0.18836339795301832,1.4858958498384132,__MISSING__,__MISSING__,__MISSING__,0503_M4_L,True,15,30.0,glial_non_neuronal,astrocyte,True,False,False,False,False,1,0.4141612080219856,0.1484795270043055,0.3263332865822012,0.07584586603016882,False,True,True,True,True,False
2656144900516100033,peripheral_glia,4,Schwann_cell,Schwann_cell,Schwann_cell,0.8795801084710348,0.8525721401511394,0.6240520319635537,0.9932652285591888,0.9884767188162279,0.04802448791685235,0.6431684622660183,0.286652889491016,0.654848744586053,__MISSING__,__MISSING__,__MISSING__,0328_M1_S,True,11,20.0,glial_non_neuronal,remaining_glial_non_neuronal,True,True,True,True,False,3,-1.0870947719856223,0.18043320152963002,0.19028318403156866,0.05104523161143147,True,False,False,False,False,False
2787445900195100061,astrocyte_1,1,astrocyte_2,astrocyte_2,astrocyte_2,0.8369777853068987,0.7370770791935336,0.6355069202243212,0.8858702863604383,0.7718145637390624,0.3558450901083419,0.963565055181795,0.9301857465816193,0.1744849912381336,__MISSING__,__MISSING__,__MISSING__,0503_F5_L,True,8,12.0,glial_non_neuronal,astrocyte,True,True,True,True,False,3,1.5024517907625579,0.04185955604612496,0.01936071754732935,0.032215062257653235,True,False,False,False,False,False
2795903600322100204,MV_in_Sema5b,2,MV_in_Sema5b,MV_in_Sema5b,DH_in_Cdh3,0.9999999940999997,0.9999999939999997,1.4175252073536734e-07,1.0,1.0,-0.0,0.2644804940538945,0.02403325551806118,2.470666609906986,4,inhibitory,15,0613_M4_L,False,17,19.0,neuron,neuronal_or_other,True,False,False,False,False,1,-2.1708089788162424,0.8159049754089087,0.8159050483751418,2.950000006277528e-09,False,True,True,True,True,False
2787889600487100038,MV_in_Esrrb,2,MV_in_Esrrb,MV_in_Esrrb,MV_in_Gm26673,0.9999999940999997,0.9999999939999997,1.4175252073536734e-07,1.0,1.0,-0.0,0.36988700184006074,0.09670259760994093,1.5936686888021898,4,inhibitory,14,0503_M4_T,False,33,100.0,neuron,neuronal_or_other,True,False,False,False,False,1,-1.9503006954179403,0.522477031803591,0.5224770904850435,2.950000006277528e-09,False,True,True,True,True,False
2787889600449100032,endothelial,2,oligodendrocyte_progenitor_2,oligodendrocyte_progenitor_2,oligodendrocyte_progenitor_2,0.5385733748849642,0.3273453376092716,1.38434162304662,0.7711257880475155,0.6423654561260865,0.7586833952818759,0.28760548729193897,0.1087076560382749,2.1584359508052153,__MISSING__,__MISSING__,__MISSING__,0503_M4_T,True,16,23.0,glial_non_neuronal,vascular,True,True,True,True,False,3,0.0002489789118524377,0.224039716255897,0.2873469744901145,0.06227272331272429,True,False,False,False,False,False
2656143800416100121,DH_in_Cdh3,1,DH_in_Cdh3,DH_in_Cdh3,astrocyte_1,0.9808387453877234,0.9616774965754472,0.09475678605406958,0.9987895289808463,0.9975790579616926,0.009340164144153304,0.39874392935910286,0.2932755382955046,2.39092485939786,1,inhibitory,10,0328_M3_L,False,10,11.0,neuron,neuronal_or_other,True,False,False,False,False,1,-1.2804026246590658,0.9567476795704791,0.961766328198605,0.006932792332188834,False,True,True,True,True,False
2656144900530100071,MV_in_Esrrb,0,MV_in_Esrrb,MV_in_Esrrb,MV_in_Gabra1,0.9999999940999997,0.9999999939999997,1.4175252073536734e-07,1.0,1.0,-0.0,0.5425352176881048,0.3111649971306928,1.3085713339037064,4,inhibitory,14,0328_M2_L,False,39,95.0,neuron,neuronal_or_other,True,False,False,False,False,1,-1.2995347161139084,0.7016579229766685,0.7016579781023425,2.950000006277528e-09,False,True,True,True,True,False
2787889600485100085,gamma_motoneuron,1,alpha_motoneuron,alpha_motoneuron,alpha_motoneuron,0.6892286468295757,0.38248865714674596,0.6412377403852463,0.9592170776394564,0.9184402583064241,0.17048423857479422,0.6839218812684671,0.5304870643535083,1.0451115898323369,__MISSING__,__MISSING__,22,0503_M4_T,False,13,23.0,glial_non_neuronal,neuronal_or_other,True,True,True,True,False,3,0.633421604451654,0.14343295321733338,0.133323859491194,0.10112240273717026,True,False,False,False,False,False
2707604700108100260,DH_ex_Maf/Cck,4,DH_ex_Maf/Cck,DH_ex_Maf/Cpne4,MV_ex_Syt2,0.4740110198801965,0.06689987254247082,0.9848968083507754,0.7403499048656882,0.4857099959161875,0.597844033796494,0.84954097316137,0.7920044636561396,0.6635008418472383,1,excitatory,10,0415_M2_L,False,43,112.0,neuron,neuronal_or_other,False,False,False,False,True,1,2.850867472544733,0.764306468119758,0.7872377456590075,0.10641989434889473,False,False,True,True,False,False
2656144900210100051,endothelial,2,astrocyte_1,astrocyte_1,astrocyte_2,0.6950985571133245,0.5755766597081751,1.0833059373187297,0.7809500444642435,0.6272179440397012,0.731822669484181,0.7452744808279271,0.5825441919930023,0.923806264787092,__MISSING__,__MISSING__,__MISSING__,0328_M2_C,True,4,5.0,glial_non_neuronal,vascular,True,False,False,False,False,1,1.0237036652232216,0.40043237208053895,0.5675946596670607,0.0496456824044308,True,False,False,False,False,False
2787889600094100056,oligodendrocyte_1,2,oligodendrocyte_1,oligodendrocyte_1,endothelial,0.4064831782931764,0.12363327045632339,1.4496976436417977,0.6394835799751629,0.4748425977468741,1.0369481450419722,0.2801278858791186,0.07302658673064605,2.1719654841312592,__MISSING__,__MISSING__,__MISSING__,0503_M5_C,True,9,13.0,glial_non_neuronal,oligodendrocyte_opc,True,False,False,False,False,1,0.5891932935930365,0.32798755385614564,0.35858655184237836,0.06751373294419528,False,True,True,True,True,False
2656144900323100224,DH_in_Cdh3,2,DH_in_Cdh3,DH_in_Cdh3,astrocyte_1,0.9398765309704372,0.8797530677408747,0.22730723987911067,0.9996009605671633,0.9992019211343266,0.003522022101547804,0.26703340873119824,0.008661757532797687,2.502159891316942,1,inhibitory,10,0328_M1_T,False,6,6.0,neuron,neuronal_or_other,True,False,False,False,False,1,-2.00058354455141,0.922494131800377,0.9329195343726321,0.029192320662023326,False,True,True,True,True,False
2787445900131100144,DH_ex_Maf/Cck,1,DH_ex_Maf/Cck,DH_ex_Maf/Cck,MV_ex_Syt2,0.8258171243108801,0.7262774909890662,0.6284890871466745,0.7450418396077648,0.6121284137402451,0.7807565204292468,0.9558348653263725,0.9348152407533941,0.25416467616834404,1,excitatory,10,0503_F5_C,False,36,88.0,neuron,neuronal_or_other,True,False,False,False,False,1,1.852778510103394,0.9820410815716369,0.9813952293922099,0.013616244066090159,False,True,True,True,True,False
2796212800882100352,DH_ex_Rreb1,1,DH_ex_Maf/Cpne4,DH_ex_Maf/Cpne4,oligodendrocyte_1,0.4646268265243987,0.17585735331837044,1.0938776562025065,0.6143809603789471,0.4229442274581633,0.9512510520405953,0.6324300597750366,0.367481825234545,1.1281055710114118,1,excitatory,10,0613_F3_C,False,6,8.0,neuron,neuronal_or_other,True,False,False,False,False,1,1.4921978192600922,0.9866608218576146,0.9872423323023432,0.017276172113909343,True,False,False,False,False,False
2795584800389100090,oligodendrocyte_precursor_cell,3,oligodendrocyte_precursor_cell,astrocyte_1,MV_in_Esrrb,0.3329044015899219,0.09810961655081352,1.628850432494202,0.45437887208841726,0.09673923157673336,1.2576482889499094,0.1553176415497278,0.014641561148740545,2.4652081533986445,__MISSING__,__MISSING__,__MISSING__,0610_F4_S,True,10,16.0,glial_non_neuronal,oligodendrocyte_opc,False,False,False,False,True,1,1.208182516573177,0.37383943077606036,0.41722865249172875,0.06628548893252324,False,False,True,True,False,False
2787445900265100130,endothelial,4,endothelial,endothelial,DH_in_Cdh3,0.8338585385159294,0.781785764667887,0.7687253042068699,0.954558622710908,0.9340540629039862,0.2405117811035436,0.4668261766058107,0.11790776567626132,1.5317462242870492,__MISSING__,__MISSING__,__MISSING__,0503_F5_L,True,24,111.0,glial_non_neuronal,vascular,True,False,False,False,False,1,-1.3643855111078134,0.45881407619947445,0.4412180401166908,0.03794042206564949,False,True,True,True,True,False
2795584800226100153,oligodendrocyte_progenitor_2,0,oligodendrocyte_progenitor_2,oligodendrocyte_progenitor_2,oligodendrocyte_1,0.6944378784318255,0.5265398017098368,0.9082927869982622,0.9104610118359583,0.8367846126886321,0.3490714743198273,0.39525918258197595,0.043741242680211234,1.359200398160088,__MISSING__,__MISSING__,__MISSING__,0610_F3_C,True,8,10.0,glial_non_neuronal,oligodendrocyte_opc,True,False,False,False,False,1,-0.9393961054651826,0.11372192791376025,0.2729831927184696,0.07601502574458983,False,True,True,True,True,False
2707604800012100008,astrocyte_2,2,oligodendrocyte_progenitor_2,oligodendrocyte_progenitor_2,oligodendrocyte_progenitor_2,0.882326832205088,0.8406812404656561,0.5741811056993666,0.9894938011905632,0.9863209940376948,0.07652061706480047,0.8147894185787761,0.7659396888029871,0.9762669858298577,__MISSING__,__MISSING__,__MISSING__,0415_M1_S,True,12,15.0,glial_non_neuronal,astrocyte,True,True,True,True,False,3,0.39282354638304046,0.05657795666660886,0.08138102332095092,0.043021346843011406,True,False,False,False,False,False
2787889600231100319,oligodendrocyte_2,1,oligodendrocyte_2,oligodendrocyte_2,oligodendrocyte_progenitor_2,0.5262686656088825,0.11271772056484486,0.9751380397311784,0.5091414294812897,0.07067269805262516,0.8773384383308142,0.4850359784092068,0.06313883297121164,1.1087261362632412,__MISSING__,__MISSING__,__MISSING__,0503_M5_T,True,12,20.0,glial_non_neuronal,oligodendrocyte_opc,True,False,False,False,False,1,1.3809258794729162,0.02598879198141438,0.030703193495024924,0.014159808575951813,False,True,True,True,True,False
2787445900686100188,DH_in_Cdh3,3,DH_in_Cdh3,DH_in_Cdh3,microglia,0.985926251634499,0.9718525090689982,0.07397699841370384,0.9994596239204314,0.9989192478408628,0.0046056118061936204,0.974123673706913,0.9673945469410775,0.1949920367789551,1,inhibitory,10,0503_F3_T,False,19,22.0,neuron,neuronal_or_other,True,False,False,False,False,1,0.7442712094053567,0.9908146037561548,0.991522120507937,0.005672479456449149,False,True,True,True,True,False
2656144300086100193,oligodendrocyte_progenitor_2,0,oligodendrocyte_2,oligodendrocyte_2,oligodendrocyte_2,0.9186565997090737,0.8823510599290204,0.3875925841445004,0.9859582973185934,0.9747334293099285,0.08144179231317397,0.9203761894953957,0.8803969490389681,0.36098844143550995,__MISSING__,__MISSING__,__MISSING__,0328_F2_C,True,7,10.0,glial_non_neuronal,oligodendrocyte_opc,True,True,True,True,False,3,0.6885284450464555,0.0021018333730123324,0.021721723900161423,0.022465367824685466,True,False,False,False,False,False
2795584800450100146,DH_ex_Grp,4,DH_ex_Prkcg/Rxfp1,DH_ex_Prkcg/Rxfp1,microglia,0.697021830307281,0.4110568817914777,0.6788855431913076,0.5362569926826344,0.07300986820770738,0.6944035587924448,0.7494054317353095,0.7221663901940368,1.314103673625961,1,excitatory,6,0610_F4_T,False,13,17.0,neuron,neuronal_or_other,True,False,False,False,False,1,2.8419109784673307,0.9081896702875902,0.9119514592876791,0.02998159334081476,True,False,False,False,False,False
2796212800430100230,DH_ex_Maf/Cck,0,DH_ex_Maf/Cck,DH_ex_Maf/Cck,astrocyte_1,0.7036557196846431,0.5560615414389343,0.8585583043171642,0.6629951563587183,0.4454900753687275,0.8730581022711648,0.40100886278590336,0.2870448296370586,2.326260586634686,1,excitatory,10,0613_F4_L,False,10,11.0,neuron,neuronal_or_other,True,False,False,False,False,1,0.5226697333870074,0.6671078074722665,0.668434204953237,0.011234747917283162,False,True,True,True,True,False
2787445900583100201,astrocyte_1,4,endothelial,endothelial,endothelial,0.6030551839760852,0.43596059429390593,1.218279027567956,0.7553003196435122,0.558598028296121,0.7174588301515525,0.2047257803002614,0.000984280302839452,2.228468376769108,__MISSING__,__MISSING__,__MISSING__,0503_F3_C,True,11,23.0,glial_non_neuronal,astrocyte,True,True,True,True,False,3,-0.3548264736261516,0.2334899812101565,0.3666528400067957,0.0570235655341826,True,False,False,False,False,False
2656143800468100203,astrocyte_2,3,astrocyte_1,astrocyte_1,astrocyte_1,0.683043998448761,0.4010034736062557,0.8015462661502523,0.6160535369068751,0.2365891256826964,0.6965173634841842,0.39005503654502255,0.20242412402045715,2.2143406174077302,__MISSING__,__MISSING__,__MISSING__,0328_M3_L,True,10,11.0,glial_non_neuronal,astrocyte,True,True,True,True,False,3,0.9581302757465214,0.22293806866690358,0.24375829001897223,0.01773380768265997,True,False,False,False,False,False
2726544600431100105,MV_in_Gabra1,4,MV_in_Gabra1,MV_in_Gabra1,MV_in_Sema5b,0.9999999940999997,0.9999999939999997,1.4175252073536734e-07,1.0,1.0,-0.0,0.4517475741138482,0.29082363812118006,1.7440600332048712,4,inhibitory,16,0422_F1_L,False,8,21.0,neuron,neuronal_or_other,True,False,False,False,False,1,-1.3612586567477047,0.692942123071716,0.6929421875539319,2.950000006277528e-09,False,True,True,True,True,False
2656144900558100063,DM_ex_Zfhx3,3,DM_ex_Zfhx3,DM_ex_Zfhx3,oligodendrocyte_progenitor_2,0.9999999940999997,0.9999999939999997,1.4175252073536737e-07,1.0,1.0,-0.0,0.3414733276032075,0.10707198102158519,1.9441995344859515,2,excitatory,11,0328_M2_L,False,25,94.0,neuron,neuronal_or_other,True,False,False,False,False,1,-1.9188357767854098,0.6770914161761576,0.6770914853972687,2.950000006277528e-09,False,True,True,True,True,False
2796212800264100110,endothelial,1,astrocyte_1,astrocyte_1,astrocyte_1,0.9086837669447209,0.8797546822922451,0.44996851778011143,0.9576653630662384,0.9216244541341426,0.20002570968160152,0.385628590728226,0.27518826295450016,2.2882001214829186,__MISSING__,__MISSING__,__MISSING__,0613_F4_S,True,9,12.0,glial_non_neuronal,vascular,True,True,True,True,False,3,-1.0378616601941402,0.30521125295147816,0.35273145829075314,0.020452274402232483,True,False,False,False,False,False
2787889600094100228,oligodendrocyte_1,2,oligodendrocyte_progenitor_2,oligodendrocyte_progenitor_2,oligodendrocyte_progenitor_2,0.8163985118480382,0.6458336942028864,0.5499296518696937,0.955228309258632,0.9107166682501147,0.18466393766478373,0.5331347501197363,0.07756793143690727,0.7743723874476289,__MISSING__,__MISSING__,__MISSING__,0503_M5_C,True,7,34.0,glial_non_neuronal,oligodendrocyte_opc,True,True,True,True,False,3,-1.197070487515162,0.0727276849845276,0.19058606910929507,0.03846629692147552,True,False,False,False,False,False
2787445900437100097,oligodendrocyte_1,3,oligodendrocyte_2,oligodendrocyte_2,oligodendrocyte_2,0.6061662825150869,0.2713836258140347,0.9152660067974775,0.6602725720805723,0.33243349591041,0.6975014383543964,0.6006183601033003,0.3901853496237048,1.0981455829686602,__MISSING__,__MISSING__,__MISSING__,0503_F4_C,True,8,15.0,glial_non_neuronal,oligodendrocyte_opc,True,True,True,True,False,3,1.5697085234032506,0.055135900365415776,0.07887358384862754,0.01641736317250356,True,False,False,False,False,False
2796212800356100047,astrocyte_2,3,astrocyte_1,astrocyte_1,astrocyte_1,0.6573272275420978,0.36699255346633813,0.8758775102259087,0.6335662852924306,0.2684377489845033,0.6682685911656945,0.7229020498859022,0.5239749237629856,0.8245410481159566,__MISSING__,__MISSING__,__MISSING__,0613_F3_S,True,10,11.0,glial_non_neuronal,astrocyte,True,True,True,True,False,3,1.931524676011932,0.02004593863857281,0.05657660363139902,0.02634196941467838,True,False,False,False,False,False
2787445900698100019,oligodendrocyte_1,3,microglia,microglia,microglia,0.5625938533719511,0.37940788539615156,1.3341725190091271,0.43661218177738353,0.20219811747035057,1.3218290010099685,0.37117817171127376,0.16009304537805621,1.682180408644358,__MISSING__,__MISSING__,__MISSING__,0503_F3_C,True,8,9.0,glial_non_neuronal,oligodendrocyte_opc,True,True,True,True,False,3,0.9366033953369781,0.04375391137575619,0.06362746056038734,0.06986031768339998,True,False,False,False,False,False
2707604800035100111,astrocyte_1,2,oligodendrocyte_progenitor_2,oligodendrocyte_progenitor_2,oligodendrocyte_progenitor_2,0.8895991796086687,0.844132697366739,0.525329543425812,0.9993886848458826,0.9988819076932968,0.005608348985509148,0.9418995092495724,0.9164227445064649,0.33020555520504713,__MISSING__,__MISSING__,__MISSING__,0415_M1_S,True,11,18.0,glial_non_neuronal,astrocyte,True,True,True,True,False,3,0.8183400835146227,0.05216381156889335,0.0280407262784901,0.05545023676624958,True,False,False,False,False,False
2707604000153100184,oligodendrocyte_2,1,oligodendrocyte_progenitor_2,oligodendrocyte_progenitor_2,oligodendrocyte_progenitor_2,0.801307193359127,0.6263516928580004,0.5933710274355117,0.9881080319431802,0.9764254819488221,0.06597603137631201,0.8216672003290432,0.6642320496422862,0.5805116862665597,__MISSING__,__MISSING__,__MISSING__,0415_M3_T,True,8,10.0,glial_non_neuronal,oligodendrocyte_opc,True,True,True,True,False,3,0.4875679608038832,0.00985571614056978,0.06918327455091827,0.08019055645088478,True,False,False,False,False,False
2707604800119100170,oligodendrocyte_precursor_cell,2,oligodendrocyte_progenitor_2,oligodendrocyte_progenitor_2,oligodendrocyte_progenitor_2,0.7781972300812109,0.7344837261907311,0.9919896063896638,0.9594365694439762,0.9421434963663651,0.22892503237316417,0.45704481465686103,0.2626746313910797,1.7506935481169426,__MISSING__,__MISSING__,__MISSING__,0415_M1_L,True,9,10.0,glial_non_neuronal,oligodendrocyte_opc,True,True,True,True,False,3,-0.8564724418421279,0.13834281017441144,0.25416485731089133,0.06962340660581136,True,False,False,False,False,False
2656144900396100015,oligodendrocyte_1,3,oligodendrocyte_progenitor_2,oligodendrocyte_progenitor_2,oligodendrocyte_progenitor_2,0.9378744073974546,0.8927061554944838,0.2914901830503108,0.9679954159883698,0.9360411429824433,0.14212701412033787,0.5836384443014154,0.18487858816509678,0.7828493280096596,__MISSING__,__MISSING__,__MISSING__,0328_M2_T,True,11,38.0,glial_non_neuronal,oligodendrocyte_opc,True,True,True,True,False,3,-1.3636997525203365,0.1483300177429468,0.1765288053993962,0.00930410425046542,True,False,False,False,False,False
2787445900207100045,DH_in_Cdh3,2,DH_in_Cdh3,DH_in_Cdh3,MV_in_Gabra1,0.872437753162051,0.7448755121241022,0.3817263528081882,0.8733246185485342,0.7466492370970683,0.38001752027303437,0.6089640204536448,0.39149186358375887,1.2730182229946572,1,inhibitory,10,0503_F5_C,False,22,52.0,neuron,neuronal_or_other,True,False,False,False,False,1,-0.09617814985219364,0.5312442554788261,0.531313046119995,1.2811941989416447e-06,False,True,True,True,True,False
2726544600273200013,meninges_2,1,meninges_3,meninges_2,meninges_3,0.5727788441949937,0.399674160499604,1.1847081083495963,0.49379692852208373,0.27478663911799095,1.2316307165188798,0.5383766000204621,0.30294478895668453,1.0600189098403963,__MISSING__,__MISSING__,__MISSING__,0422_F1_T,True,1,34.0,glial_non_neuronal,meningeal,False,True,False,False,False,2,1.1897165894149708,0.041555280805643684,0.11281961116004999,0.12229536498165391,False,False,True,False,True,False
2787445900402100051,astrocyte_2,4,oligodendrocyte_progenitor_2,oligodendrocyte_progenitor_2,oligodendrocyte_1,0.6540575162247231,0.3688792322699796,0.894436261895385,0.7690510839346301,0.5706625459451264,0.6609857117509889,0.44066075700796054,0.07302735159084517,1.402858260444129,__MISSING__,__MISSING__,__MISSING__,0503_F4_C,True,4,5.0,glial_non_neuronal,astrocyte,True,False,False,False,False,1,-0.040064608912370736,0.07775081020864692,0.13702347726070724,0.018395846301537493,True,False,False,False,False,False
2656143800190100061,astrocyte_1,1,oligodendrocyte_progenitor_2,oligodendrocyte_progenitor_2,oligodendrocyte_progenitor_2,0.7913126952327755,0.6756235576099064,0.7804612823836911,0.8818706608139203,0.7884127058961592,0.4264427275836851,0.4923973366554136,0.037958695341115956,0.9530444959315334,__MISSING__,__MISSING__,__MISSING__,0328_M3_T,True,16,41.0,glial_non_neuronal,astrocyte,True,True,True,True,False,3,-1.127847473267173,0.11856441452361159,0.14344380736543821,0.024517599337731403,True,False,False,False,False,False
2795584800189100126,DH_in_Pdyn,4,DH_in_Pdyn,DH_in_Pdyn,DH_in_Cdh3,0.999994026914734,0.999988993099252,8.208232443245512e-05,1.0,1.0,-0.0,0.7324819695421002,0.6766437732937759,1.2835334382767276,1,inhibitory,2,0610_F3_C,False,24,49.0,neuron,neuronal_or_other,True,False,False,False,False,1,-0.19050405075764026,0.8587366230983967,0.8587745932088212,2.98654906701023e-06,False,True,True,True,True,False
2787889600301100030,oligodendrocyte_2,2,oligodendrocyte_2,oligodendrocyte_2,oligodendrocyte_progenitor_2,0.7376143142578713,0.5882254821447652,0.9335567783190848,0.9605236528729194,0.9212476937958642,0.16786581428271594,0.5962915130424215,0.23672852864201538,0.9130013213384534,__MISSING__,__MISSING__,__MISSING__,0503_M5_T,True,8,11.0,glial_non_neuronal,oligodendrocyte_opc,True,False,False,False,False,1,-0.6318753298604357,0.19243911819646983,0.33531063547273604,0.09113781288103413,False,True,True,True,True,False
2707604700131100087,oligodendrocyte_1,0,oligodendrocyte_2,oligodendrocyte_2,oligodendrocyte_2,0.41886915716246675,0.12551421995260853,1.3776891472234962,0.47268782400138504,0.2115252442681923,1.2925640058581216,0.6359414411785046,0.5100133260314776,1.2670239734298294,__MISSING__,__MISSING__,__MISSING__,0415_M2_L,True,8,10.0,glial_non_neuronal,oligodendrocyte_opc,True,True,True,True,False,3,2.4344511528774895,0.1299751502877981,0.10763194695731738,0.041785258658670346,True,False,False,False,False,False
2656143800103100063,MV_in_Esrrb,0,MV_in_Esrrb,MV_in_Esrrb,oligodendrocyte_progenitor_2,0.9999999940999997,0.9999999939999997,1.4175252073536734e-07,1.0,1.0,-0.0,0.19104793501900197,0.007713666374430411,2.545514380905189,4,inhibitory,14,0328_M3_C,False,15,29.0,neuron,neuronal_or_other,True,False,False,False,False,1,-2.220329237074225,0.8569068734414056,0.8569069465122594,2.950000006277528e-09,False,True,True,True,True,False
2707604800384100110,oligodendrocyte_progenitor_2,2,oligodendrocyte_progenitor_2,oligodendrocyte_progenitor_2,DH_ex_Maf/Cck,0.8285881652724977,0.7014193743578853,0.6257552914530805,0.9947421084856298,0.9906916581257643,0.036807285484207176,0.48314559085478764,0.37886747635093676,2.029154383538235,__MISSING__,__MISSING__,__MISSING__,0415_M1_C,True,16,31.0,glial_non_neuronal,oligodendrocyte_opc,True,False,False,False,False,1,-0.5410572499622269,0.676227277959197,0.7386490704546264,0.07700481895865578,False,True,True,True,True,False
2787889600279100240,M_in_Tfap2b,1,M_in_Tfap2b,M_in_Tfap2b,astrocyte_1,0.9961269036872014,0.9932095422713999,0.027818854250772698,1.0,1.0,-0.0,0.41795706971889246,0.11151732255270724,1.661768935091059,3,inhibitory,12,0503_M4_C,False,34,72.0,neuron,neuronal_or_other,True,False,False,False,False,1,-1.893189481599071,0.48191796358821376,0.48664905450018076,0.0019392586180412821,False,True,True,True,True,False
2946331700000011054,M_ex_Vsx2,0,M_ex_Vsx2/Shox2,M_ex_Vsx2/Shox2,M_ex_Vsx2/Shox2,0.6885721893209265,0.3771978992667724,0.6208145149786304,0.8014874691612884,0.6029749383225769,0.49833342625551136,0.47500786437924314,0.18321468263087615,1.2467619080113017,3,excitatory,20,0415_F2_T,False,37,99.0,neuron,neuronal_or_other,True,True,True,True,False,3,0.2152617202499043,0.21166883456420776,0.2125134649899323,0.0122011206936301,True,False,False,False,False,False
2787445900896100233,gamma_motoneuron,4,gamma_motoneuron,gamma_motoneuron,alpha_motoneuron,0.6660398139305658,0.33850271972983204,0.6687013023271039,0.9917840988370811,0.9835691574314118,0.04764186785801682,0.6695863416171621,0.34000958995313396,0.6417525826655045,__MISSING__,__MISSING__,22,0503_F3_S,False,39,119.0,glial_non_neuronal,neuronal_or_other,True,False,False,False,False,1,0.004918760235598285,0.08741824281927045,0.4325654732565743,0.16647709950901496,False,True,True,True,True,False
2795103300381100284,DM_ex_Zfhx3,2,DM_ex_Zfhx3,DM_ex_Zfhx3,DH_ex_Sox5,0.9999999940999997,0.9999999939999997,1.4175252073536737e-07,1.0,1.0,-0.0,0.6761674906628817,0.5765548592345875,1.3438282469701632,2,excitatory,11,0610_M5_S,False,7,11.0,neuron,neuronal_or_other,True,False,False,False,False,1,-0.4942341417692126,0.9035756611196275,0.9035757239448325,2.950000006277528e-09,False,True,True,True,True,False
2796212800657100043,alpha_motoneuron,0,alpha_motoneuron,alpha_motoneuron,visceral_motoneuron,0.8532079616653405,0.7613398888990877,0.5141532176215817,0.9947910057128817,0.9896737498955364,0.03304248212895143,0.33583481077574123,0.07872155131115843,1.4482648824110846,__MISSING__,__MISSING__,22,0613_F4_T,False,13,21.0,glial_non_neuronal,neuronal_or_other,True,False,False,False,False,1,-1.5570805306524935,0.363871703136803,0.5425407205395417,0.0667743567245692,False,True,True,True,True,False
2796212800297100156,DH_ex_Rreb1,4,DH_ex_Maf/Cck,DH_ex_Maf/Cck,DH_ex_Maf/Cck,0.7214450668127013,0.5790516627298705,0.8310276777422053,0.7466056580953827,0.49999611959740864,0.597895763495973,0.50724545285491,0.3147209262231323,1.6103094862161034,1,excitatory,10,0613_F4_S,False,23,38.0,neuron,neuronal_or_other,True,True,True,True,False,3,0.4573065691273691,0.2326477329684291,0.29250276163444744,0.062423517961159455,True,False,False,False,False,False
2656144900165100167,DM_ex_Zfhx3,1,DM_ex_Zfhx3,DM_ex_Zfhx3,DH_in_Cdh3,0.9999999940999997,0.9999999939999997,1.4175252073536737e-07,1.0,1.0,-0.0,0.4214584618349165,0.29237651726869973,2.2608454967175673,2,excitatory,11,0328_M1_C,False,12,18.0,neuron,neuronal_or_other,True,False,False,False,False,1,-1.3565465910362575,0.8483373604828072,0.848337428036147,2.950000006277528e-09,False,True,True,True,True,False
2787445900290100191,pericyte,2,endothelial,endothelial,endothelial,0.9417520750828836,0.9273022679204678,0.33699739328375833,0.9978744002124189,0.9960553476577941,0.016349794612057156,0.9319673121458676,0.882763804026867,0.3337535590210368,__MISSING__,__MISSING__,__MISSING__,0503_F4_C,True,11,15.0,glial_non_neuronal,vascular,True,True,True,True,False,3,0.5729122087660525,0.03843838949998968,0.029217242312489847,0.028053720333725253,True,False,False,False,False,False
2707737900133100071,MV_in_Gm26673,3,MV_in_Gm26673,MV_in_Gm26673,oligodendrocyte_1,0.9566509939186534,0.9133019936373069,0.1784453007743805,0.9922347398889284,0.9844694797778568,0.04545940597790184,0.3729325022795295,0.21142793063892149,2.14378880247456,4,inhibitory,19,0415_F1_T,False,9,9.0,neuron,neuronal_or_other,True,False,False,False,False,1,-1.4161323402559802,0.9544954715617404,0.95891702592053,0.01008346698343031,False,True,True,True,True,False
2795103300382100194,DH_in_Cdh3,2,DH_in_Cdh3,DH_in_Cdh3,MV_in_Sema5b,0.9835277305430926,0.9670554668861855,0.08397237199164834,0.999914266986245,0.99982853397249,0.000888556648640949,0.3779771170293053,0.1875823527886626,1.9487405243824176,1,inhibitory,10,0610_M5_S,False,9,21.0,neuron,neuronal_or_other,True,False,False,False,False,1,-1.615211877687023,0.6151554771276572,0.6222274828949237,0.007940641752922549,False,True,True,True,True,False
2946331700000000678,oligodendrocyte_2,2,oligodendrocyte_2,oligodendrocyte_2,oligodendrocyte_progenitor_2,0.4941467253062018,0.07777647179602631,1.078807430996063,0.5293177762498972,0.05883354185124684,0.6935028307564423,0.5436187862027686,0.12062297470031136,0.837723166061277,__MISSING__,__MISSING__,__MISSING__,0415_F2_C,True,9,12.0,glial_non_neuronal,oligodendrocyte_opc,True,False,False,False,False,1,1.6414116337268212,0.03807193171581117,0.0221578282004238,0.04563825436159935,False,True,True,True,True,False
2796212800792100241,DH_ex_Maf/Cck,4,DH_ex_Maf/Cck,DH_ex_Maf/Cck,DH_ex_Maf/Cpne4,0.5869357317580289,0.2661171928963202,0.9316366741573894,0.8896174631452308,0.7974403293108604,0.39830120249676043,0.28960953912843257,0.03702109953979399,1.9032677159060627,1,excitatory,10,0613_F4_C,False,28,51.0,neuron,neuronal_or_other,True,False,False,False,False,1,-0.4154483945716682,0.32746557419223066,0.4240363405470816,0.09134320026350647,False,True,True,True,True,False
2787445900094100074,astrocyte_2,0,meninges_1,astrocyte_2,meninges_1,0.475845352393482,0.08822716221664251,1.276015504615078,0.6294049383265978,0.26298829013402647,0.6863402013330183,0.8281289176927092,0.7206334241152377,0.62521530880642,__MISSING__,__MISSING__,__MISSING__,0503_F5_C,True,17,40.0,glial_non_neuronal,astrocyte,False,True,False,False,False,2,3.0381716688521108,0.2172316402160681,0.33449304322315904,0.08471062805844133,False,False,True,False,True,False
2707604700250100107,DH_in_Npy,1,DH_in_Npy,DH_in_Npy,DH_in_Cdh3,0.9789296942122347,0.9578593942244698,0.10217594211729444,0.9996906312345855,0.9993812624691709,0.00280932265294471,0.5344851506139073,0.32781926903661507,1.4115410201730938,1,inhibitory,4,0415_M2_T,False,12,20.0,neuron,neuronal_or_other,True,False,False,False,False,1,-1.1723241630151497,0.6608058097681657,0.7218341400998429,0.009601626430418404,False,True,True,True,True,False
2787445900544100118,DH_ex_Grpr,1,DH_ex_Grpr,DH_ex_Grpr,microglia,0.7401895648322546,0.6324083696248082,0.908760419952164,0.9027718822858471,0.8055437645716943,0.318949484750782,0.7473283221585865,0.5805705125242583,0.9694117640607852,1,excitatory,2,0503_F3_C,False,23,38.0,neuron,neuronal_or_other,True,False,False,False,False,1,0.5620260155176212,0.9120843807743659,0.9723951261363758,0.08733016233845682,False,True,True,True,True,False
2795584800224100074,DH_ex_Reln,0,DH_ex_Reln,DH_ex_Reln,DH_ex_Cpne4,0.9227565310864876,0.8664985834786156,0.3171663806512482,0.9991249738928807,0.9982953622141811,0.007214496820931525,0.4766460110838213,0.24733911082782467,1.5176375463776748,1,excitatory,6,0610_F3_C,False,17,22.0,neuron,neuronal_or_other,True,False,False,False,False,1,-1.2508099920544273,0.5327876599947062,0.5704740944116474,0.03679394494787192,False,True,True,True,True,False
2787889600441100176,MV_in_Esrrb,1,MV_in_Esrrb,MV_in_Esrrb,astrocyte_1,0.9999999940999997,0.9999999939999997,1.4175252073536734e-07,1.0,1.0,-0.0,0.4968465115725666,0.14075848404099428,1.351941152279433,4,inhibitory,14,0503_M4_L,False,24,39.0,neuron,neuronal_or_other,True,False,False,False,False,1,-1.8166172518796828,0.9126552483702602,0.9126553127010945,2.950000006277528e-09,False,True,True,True,True,False
2787445900437100053,astrocyte_2,0,oligodendrocyte_progenitor_2,oligodendrocyte_progenitor_2,oligodendrocyte_progenitor_2,0.9170717927561809,0.8551541490277195,0.37453293114684083,0.9957644388540955,0.993130943440259,0.032724296928496655,0.8965833509677742,0.818525060913624,0.4399060374854395,__MISSING__,__MISSING__,__MISSING__,0503_F4_C,True,13,25.0,glial_non_neuronal,astrocyte,True,True,True,True,False,3,0.5129609210820383,0.00771116726200726,0.04357298133369839,0.0334141145580526,True,False,False,False,False,False
2796212800946100284,oligodendrocyte_precursor_cell,2,astrocyte_1,astrocyte_1,astrocyte_1,0.998120000497452,0.997680437594876,0.01674710350089384,0.9998355303608568,0.9997217644660354,0.0017436753064319147,0.9601606815904757,0.9554397341234372,0.2854480301722234,__MISSING__,__MISSING__,__MISSING__,0613_F3_C,True,7,8.0,glial_non_neuronal,oligodendrocyte_opc,True,True,True,True,False,3,0.6601614446391197,0.01758918003284763,0.019683399489595115,0.000758832485784164,True,False,False,False,False,False
2707604700271100136,DH_ex_Reln/Nmur2,0,DH_ex_Reln/Nmur2,DH_ex_Reln/Nmur2,DH_in_Rorb,0.8870513316957126,0.7741438909677101,0.35302881757870586,0.9962207172990682,0.9924414345981365,0.024853806510976625,0.7719272906561329,0.6355832361064645,0.8615536618020277,1,excitatory,3,0415_M2_T,False,44,103.0,neuron,neuronal_or_other,True,False,False,False,False,1,0.10424687578596176,0.7016858071569781,0.6966230764046667,0.048615500769766784,False,True,True,True,True,False
2795903600354100080,DH_in_Rorb,1,DH_in_Rorb,DH_in_Rorb,M_in_Tfap2b,0.9997481489280478,0.9996043368849192,0.002594774872839996,1.0,1.0,-0.0,0.525589822423312,0.36823682257809565,1.625223257627555,1,inhibitory,7,0613_M5_T,False,25,42.0,neuron,neuronal_or_other,True,False,False,False,False,1,-1.1256472628931542,0.7180416706774951,0.7192218947817103,0.00012593697599776147,False,True,True,True,True,False
2656143800052100097,astrocyte_1,0,astrocyte_1,astrocyte_1,DH_ex_Tac2,0.9781331815831226,0.9714610139960554,0.14428192633104234,0.9993092461309899,0.9989974015472366,0.006511751388401198,0.27465305143375157,0.04250187950395559,2.0945698841104075,__MISSING__,__MISSING__,__MISSING__,0328_M3_C,True,13,20.0,glial_non_neuronal,astrocyte,True,False,False,False,False,1,-2.0616827992020346,0.5552891856757697,0.5678194789031449,0.009467837259345427,False,True,True,True,True,False
2796212800328100098,oligodendrocyte_1,4,endothelial,endothelial,endothelial,0.5638707746872731,0.23687081584557146,1.1376104233835158,0.6351873617155301,0.32111358410355967,0.8766592248972233,0.6257289507509637,0.4570542489082894,1.3349351472649567,__MISSING__,__MISSING__,__MISSING__,0613_F4_S,True,7,10.0,glial_non_neuronal,oligodendrocyte_opc,True,True,True,True,False,3,1.856873791558981,0.1522907544757867,0.15377380279676,0.015524313275975676,True,False,False,False,False,False
2795103300232100120,DH_in_Npy2r,4,DH_in_Npy2r,DH_in_Kcnip2,MV_in_Gabra1,0.5779287786559928,0.1558575631119859,0.6809518683106672,0.5884669050188823,0.17693381003776465,0.6774116839015233,0.4063905663422418,0.320049951184981,2.2530683939071947,1,inhibitory,9,0610_M4_L,False,8,11.0,neuron,neuronal_or_other,False,False,False,False,True,1,1.8723565942951546,0.9735131834258245,0.9731557368906744,0.020067811668226177,False,False,True,True,False,False
2787889600414100171,oligodendrocyte_progenitor_2,3,oligodendrocyte_progenitor_2,oligodendrocyte_1,oligodendrocyte_1,0.4957966306257033,0.2056693685544589,1.2839512392585897,0.780279827362572,0.5778660405763015,0.6009603946665775,0.4405720348165754,0.24143950587316496,1.8681028512404227,__MISSING__,__MISSING__,__MISSING__,0503_M4_T,True,12,19.0,glial_non_neuronal,oligodendrocyte_opc,False,False,True,False,False,2,0.7488725127855334,0.15012732792552083,0.18107727901236154,0.2022532086684184,False,False,True,True,False,False
2796212800046100161,MV_in_Esrrb,0,MV_in_Esrrb,MV_in_Esrrb,MV_in_Sema5b,0.9999999940999997,0.9999999939999997,1.4175252073536734e-07,1.0,1.0,-0.0,0.2916307912755632,0.012592581031788674,1.9633709665277297,4,inhibitory,14,0613_F5_S,False,16,27.0,neuron,neuronal_or_other,True,False,False,False,False,1,-2.20552462945055,0.7837242869636322,0.7837243542498027,2.950000006277528e-09,False,True,True,True,True,False
2707604700177100040,oligodendrocyte_2,3,oligodendrocyte_2,oligodendrocyte_2,oligodendrocyte_1,0.4221110319599401,0.02095541022365488,1.107644076292869,0.3419375728881809,0.009895012865260788,1.1760385315528947,0.38938728527966654,0.06248555606878975,1.7250623352301793,__MISSING__,__MISSING__,__MISSING__,0415_M2_T,True,5,9.0,glial_non_neuronal,oligodendrocyte_opc,True,False,False,False,False,1,1.6638618388378479,0.18237198568954543,0.12668184309569905,0.024947569154950236,False,True,True,True,True,False
2656144900584100151,astrocyte_1,2,oligodendrocyte_1,oligodendrocyte_1,oligodendrocyte_1,0.6617588906072734,0.5558395228971069,1.2060592392580365,0.7082311650943081,0.5019184370053384,0.8382847079355097,0.4104796410542296,0.2563676718434146,1.80331450343195,__MISSING__,__MISSING__,__MISSING__,0328_M2_L,True,8,8.0,glial_non_neuronal,astrocyte,True,True,True,True,False,3,0.3179816949280476,0.1245542734540136,0.16169449419029783,0.081549315601653,True,False,False,False,False,False
2796212801010100018,MV_ex_Shox2,4,MV_ex_Shox2,MV_ex_Shox2,M_ex_Vsx2/Shox2,0.9999999116139136,0.9999998659823123,1.6665889088033615e-06,1.0,1.0,-0.0,0.7070926653439893,0.43005463918757963,0.6911989657654007,4,excitatory,18,0613_F3_C,False,26,82.0,neuron,neuronal_or_other,True,False,False,False,False,1,-0.9387750506931547,0.5182130581264011,0.5182139297608988,4.4193044536606686e-08,False,True,True,True,True,False
2787445900546100109,DH_ex_Reln/Nmur2,3,DH_ex_Reln/Nmur2,DH_ex_Reln/Nmur2,DH_ex_Sox5,0.8654319799340442,0.7680585219150029,0.4869610884569537,0.994166989213645,0.9883339784272901,0.03582226791356617,0.3966761905712708,0.205947177196044,2.206141881775367,1,excitatory,3,0503_F3_C,False,22,34.0,neuron,neuronal_or_other,True,False,False,False,False,1,-1.180395910793281,0.5518257608881414,0.6129213745198201,0.05724163573572481,False,True,True,True,True,False
2795903600320100064,oligodendrocyte_progenitor_2,2,oligodendrocyte_1,oligodendrocyte_1,oligodendrocyte_1,0.5921068375133498,0.2195672213897174,0.8469395756087321,0.5896611259433254,0.19050390979466075,0.7352330536962098,0.5670265959469349,0.3193006271459199,1.3924796980596934,__MISSING__,__MISSING__,__MISSING__,0613_M4_L,True,6,7.0,glial_non_neuronal,oligodendrocyte_opc,True,True,True,True,False,3,1.729086056429659,0.06404666753560169,0.08440720500908912,0.007121955243657378,True,False,False,False,False,False
2946331700000010656,MV_in_Gm26673,0,MV_in_Gm26673,MV_in_Gm26673,MV_ex_Syt2,0.9916739673797368,0.9833483907901153,0.04816481878622368,0.9999887294149298,0.9999774588298597,0.00013967983980082532,0.8892700820469103,0.8542459121560173,0.5508466595751771,4,inhibitory,19,0415_F2_T,False,42,70.0,neuron,neuronal_or_other,True,False,False,False,False,1,0.37825027250606097,0.8894677352074561,0.889593151866159,0.004119338135999741,False,True,True,True,True,False
2787445900876100003,oligodendrocyte_2,3,oligodendrocyte_progenitor_2,oligodendrocyte_2,oligodendrocyte_progenitor_2,0.7811306596715727,0.599420517055681,0.6885671371181232,0.7363157815958331,0.47378019311002095,0.5850546612078341,0.5622141062438424,0.20056966880172727,0.9557089478778833,__MISSING__,__MISSING__,__MISSING__,0503_M5_C,True,20,48.0,glial_non_neuronal,oligodendrocyte_opc,False,True,False,False,False,2,0.1264909899874409,0.05753824285815563,0.12162370431558506,0.24325131140649925,False,False,True,False,True,False
2787889600127100176,astrocyte_1,1,astrocyte_1,astrocyte_1,endothelial,0.6789361640166613,0.4652497932427217,1.0075654414814676,0.8419569983310907,0.6855251788514319,0.44836068144915714,0.6695197221917863,0.4697842145329588,1.1575667471116888,__MISSING__,__MISSING__,__MISSING__,0503_M5_C,True,14,16.0,glial_non_neuronal,astrocyte,True,False,False,False,False,1,0.7633407077521515,0.24702782874244386,0.33867863348108274,0.059969589092575916,False,True,True,True,True,False
2656144900325100207,visceral_motoneuron,2,visceral_motoneuron,visceral_motoneuron,DM_ex_Zfhx3,0.9980171905366014,0.9967813611192492,0.015782064214190487,0.9999949124178074,0.999990011746136,6.789959544007104e-05,0.5521114405353738,0.2590992983805368,1.213854526560137,__MISSING__,__MISSING__,20,0328_M1_T,False,28,74.0,glial_non_neuronal,neuronal_or_other,True,False,False,False,False,1,-1.4517408591830887,0.7633414786347036,0.7647642726318835,0.0009703150429461047,False,True,True,True,True,False
2707604700116100020,oligodendrocyte_progenitor_2,4,oligodendrocyte_2,oligodendrocyte_2,oligodendrocyte_2,0.7258506379236294,0.5477481008575336,0.8174501004714992,0.5990148104696744,0.3361213011274241,0.9491923184242733,0.7156625054027627,0.5697270852368148,0.9498485692465687,__MISSING__,__MISSING__,__MISSING__,0415_M3_S,True,10,13.0,glial_non_neuronal,oligodendrocyte_opc,True,True,True,True,False,3,1.6124007725635354,0.024179917822279285,0.03870954941127163,0.017779432981722243,True,False,False,False,False,False
2795584800237100138,DH_ex_Reln/Nmur2,3,DH_ex_Reln/Nmur2,DH_ex_Reln/Nmur2,DH_ex_Nmu/Tac2,0.9671822379558164,0.9343644817116331,0.1444046391000194,0.9999425246593877,0.9998850493187754,0.0006186717980618654,0.47565351297321207,0.032391234821688764,1.1326375718465769,1,excitatory,3,0610_F3_L,False,11,13.0,neuron,neuronal_or_other,True,False,False,False,False,1,-2.027708405386581,0.3623444273251921,0.35771209313599883,0.016329750505985126,False,True,True,True,True,False
2787445900660100104,MV_ex_Shox2,4,MV_ex_Shox2,MV_ex_Shox2,oligodendrocyte_progenitor_2,0.9999995791844878,0.9999993027741924,7.09930640192147e-06,1.0,1.0,-0.0,0.9109857474961366,0.8464409774183081,0.41785613617631023,4,excitatory,18,0503_F3_C,False,21,69.0,neuron,neuronal_or_other,True,False,False,False,False,1,0.32471113627809417,0.9697544572180394,0.969757049656649,2.1040778791823182e-07,False,True,True,True,True,False
2787445900364100179,oligodendrocyte_2,3,oligodendrocyte_progenitor_2,oligodendrocyte_progenitor_2,oligodendrocyte_progenitor_2,0.9086432926196656,0.8453985694672704,0.41733584355861225,0.9961661096051949,0.9923682670937208,0.02546333109067833,0.7050094823346321,0.4245871839847374,0.6849702731416232,__MISSING__,__MISSING__,__MISSING__,0503_F4_C,True,11,17.0,glial_non_neuronal,oligodendrocyte_opc,True,True,True,True,False,3,-0.6634268008605615,0.06955086835882394,0.15278372022066036,0.03837723772856373,True,False,False,False,False,False
2787445900463100036,MV_in_Gm26673,0,MV_in_Gm26673,MV_in_Gm26673,MV_in_Gabra1,0.9982215680842604,0.9964431419685209,0.01303802442907833,0.9999996415987386,0.9999992831974771,5.67765388745417e-06,0.5124547497404134,0.29076140741960455,1.2972587538743483,4,inhibitory,19,0503_F4_T,False,31,75.0,neuron,neuronal_or_other,True,False,False,False,False,1,-1.3550780366966835,0.5826201253975806,0.5826256143132136,0.0008875072522980684,False,True,True,True,True,False
2796212800889100168,astrocyte_1,4,oligodendrocyte_progenitor_2,oligodendrocyte_progenitor_2,DH_ex_Sox5/Tac1,0.8088480264669676,0.7126135000265077,0.8243684867622177,0.9773330130998215,0.9560264952189014,0.11674443247096235,0.9017158715922676,0.8587212658206997,0.5275865860653176,__MISSING__,__MISSING__,__MISSING__,0613_F4_C,True,17,25.0,glial_non_neuronal,astrocyte,True,False,False,False,False,1,0.9637756226195064,0.9145517302941434,0.9455247768911957,0.06804733874787326,True,False,False,False,False,False
2787889600230100272,astrocyte_1,1,oligodendrocyte_1,oligodendrocyte_1,oligodendrocyte_1,0.5907726232547887,0.411226827132648,1.2996909302955544,0.5858937297903433,0.24856748055124483,0.9441210709321982,0.302231024355143,0.09558096161672944,2.202143811142484,__MISSING__,__MISSING__,__MISSING__,0503_M5_T,True,6,10.0,glial_non_neuronal,astrocyte,True,True,True,True,False,3,0.5918467618159747,0.1760258202723499,0.2084727301740658,0.0709294797034125,True,False,False,False,False,False
2707604700250100283,DH_in_Npy,3,DH_in_Npy,DH_in_Npy,DH_in_Cdh3,0.9918650946478568,0.9841686801740279,0.04905881384815769,0.999651235231431,0.9993024704628619,0.003125259633713038,0.4123711765728335,0.15019135751078438,1.6430103501477356,1,inhibitory,4,0415_M2_T,False,29,47.0,neuron,neuronal_or_other,True,False,False,False,False,1,-1.7582659492320185,0.5065610854942669,0.5328494670456398,0.0032171991882039143,False,True,True,True,True,False
2787889600412100156,DM_ex_Zfhx3,1,DM_ex_Zfhx3,DM_ex_Zfhx3,DH_ex_Prkcg/Nts,0.9999999940999997,0.9999999939999997,1.4175252073536737e-07,1.0,1.0,-0.0,0.4408969631467176,0.22837115474907607,1.7537694582986845,2,excitatory,11,0503_M4_T,False,14,27.0,neuron,neuronal_or_other,True,False,False,False,False,1,-1.5507648433446863,0.6459568268381498,0.645956890535362,2.950000006277528e-09,False,True,True,True,True,False
2707604700362100129,MV_in_Gm26673,0,MV_in_Gm26673,MV_in_Chrna2,MV_in_Gabra1,0.5125282785912282,0.025084411352078284,0.6931556377387466,0.9719957198581429,0.9439914397162859,0.1277348927358697,0.3976611222621923,0.24076089035201687,2.018665763709136,4,inhibitory,19,0415_M2_C,False,19,38.0,neuron,neuronal_or_other,False,False,False,False,True,1,0.34344174484528844,0.7335127763854296,0.7498993794942997,0.2499537223837221,False,False,True,True,False,False
2796212800109100042,MV_in_Gm26673,2,MV_in_Gm26673,MV_in_Gm26673,MV_ex_Syt2,0.983891156757674,0.9677823193153481,0.08248204609611313,0.9993270132583337,0.9986540265166675,0.0055881106563769,0.4958526149897718,0.05826672201655403,1.0096140445834292,4,inhibitory,19,0613_F5_S,False,18,32.0,neuron,neuronal_or_other,True,False,False,False,False,1,-2.0065781670342218,0.36249578470439575,0.36182159914548995,0.00639726749660531,False,True,True,True,True,False
2946331700000020146,endothelial,2,astrocyte_1,astrocyte_1,astrocyte_1,0.9159991845708284,0.8760569778183251,0.4071786333755341,0.998901024287803,0.9982944612111411,0.009818910303021657,0.8190720423656739,0.7525273497258915,0.8584122943678031,__MISSING__,__MISSING__,__MISSING__,0415_F2_L,True,12,17.0,glial_non_neuronal,vascular,True,True,True,True,False,3,0.26502506340922166,0.047602368685558075,0.09332473488140847,0.039926890063567366,True,False,False,False,False,False
2787889600479100028,oligodendrocyte_2,3,oligodendrocyte_progenitor_2,oligodendrocyte_progenitor_2,oligodendrocyte_progenitor_2,0.7625866097845341,0.6691478110913065,0.9290253968752731,0.9215292009544465,0.8539498635673339,0.31998614931611813,0.6771148293080457,0.592968033795753,1.2119523126362788,__MISSING__,__MISSING__,__MISSING__,0503_M4_L,True,15,36.0,glial_non_neuronal,oligodendrocyte_opc,True,True,True,True,False,3,0.43779240150106635,0.06468367338316355,0.1444854401687018,0.06030617449000987,True,False,False,False,False,False
2795103300179100161,DH_ex_Grp,4,DH_ex_Prkcg/Rxfp1,DH_ex_Prkcg/Rxfp1,DH_ex_Tac2,0.6624441505585469,0.42003418918499247,0.8401482775086873,0.747856175066693,0.5144863140112764,0.6315010643194131,0.3177792109216131,0.16289085268209658,2.4061872295419384,1,excitatory,6,0610_M4_C,False,9,12.0,neuron,neuronal_or_other,True,False,False,False,False,1,0.2525303160923634,0.6131130827265451,0.6127372401277542,0.022111437804138035,True,False,False,False,False,False
2787445900226100204,oligodendrocyte_1,4,astrocyte_1,astrocyte_1,astrocyte_1,0.6335455432009524,0.413123671621264,1.0444149102351739,0.944415025305887,0.8967065196728269,0.2462962683867282,0.4288187583710785,0.054993055525004275,1.4214986393869407,__MISSING__,__MISSING__,__MISSING__,0503_F5_S,True,14,19.0,glial_non_neuronal,oligodendrocyte_opc,True,True,True,True,False,3,-0.8211308576672394,0.09382414621028551,0.2556239977567587,0.12320883431761946,True,False,False,False,False,False
2795584800384100257,MV_in_Esrrb,2,MV_in_Esrrb,MV_in_Esrrb,astrocyte_1,0.9999999940999997,0.9999999939999997,1.4175252073536734e-07,1.0,1.0,-0.0,0.33322494868138874,0.1844000285575137,2.1077394363377766,4,inhibitory,14,0610_F4_L,False,17,27.0,neuron,neuronal_or_other,True,False,False,False,False,1,-1.6841910899086414,0.78815605738223,0.7881561246920145,2.950000006277528e-09,False,True,True,True,True,False
2656143800216100133,oligodendrocyte_precursor_cell,3,astrocyte_1,astrocyte_1,astrocyte_1,0.7145602669088222,0.6086120514688853,1.0779150725675024,0.9329243150677322,0.8799277088046009,0.2963291100675032,0.4614358769529054,0.3102752654362507,2.007138277534078,__MISSING__,__MISSING__,__MISSING__,0328_M3_T,True,13,15.0,glial_non_neuronal,oligodendrocyte_opc,True,True,True,True,False,3,-0.36319229647747364,0.17259899523127817,0.2794902178360686,0.09212849093669377,True,False,False,False,False,False
2795584800089100161,MV_in_Esrrb,4,MV_in_Esrrb,MV_in_Esrrb,MV_in_Gabra1,0.9997931264628088,0.9995957470669412,0.0020050386256880216,1.0,1.0,-0.0,0.5174585972422798,0.28864523855203417,1.1617555737524656,4,inhibitory,14,0610_F3_T,False,21,36.0,neuron,neuronal_or_other,True,False,False,False,False,1,-1.367145059513887,0.5733747642072343,0.5739283124671818,0.00010344448721009775,False,True,True,True,True,False
2787445900826100009,oligodendrocyte_progenitor_2,2,oligodendrocyte_progenitor_2,oligodendrocyte_progenitor_2,oligodendrocyte_1,0.4864013245075367,0.011223463449220317,0.887344924917657,0.5185346290014873,0.07418125838154771,0.8444523256372954,0.5264359449908468,0.11162547821011476,0.9878735622719351,__MISSING__,__MISSING__,__MISSING__,0503_F3_L,True,6,12.0,glial_non_neuronal,oligodendrocyte_opc,True,False,False,False,False,1,1.7028011089903687,0.010345550912156854,0.018786187389227146,0.007620102245679811,False,True,True,True,True,False
2726544200026100175,endothelial,3,astrocyte_1,astrocyte_1,astrocyte_1,0.821452078214467,0.7835068611180114,0.8289843629872288,0.9897822360421801,0.9831682148144208,0.06798253592400283,0.6935378259531081,0.5628323471823393,1.2404686187795093,__MISSING__,__MISSING__,__MISSING__,0422_M1_C,True,11,16.0,glial_non_neuronal,vascular,True,True,True,True,False,3,-0.11486648570719518,0.12042662489236593,0.1569658860632557,0.07620382086082866,True,False,False,False,False,False
2796212800625100295,oligodendrocyte_progenitor_1,2,oligodendrocyte_precursor_cell,oligodendrocyte_precursor_cell,oligodendrocyte_precursor_cell,0.8786131304103179,0.832215500234585,0.5549282487079907,0.9903272476686149,0.980684023936359,0.05472514102578463,0.7948112164711657,0.5936057199525175,0.5370912816475037,__MISSING__,__MISSING__,__MISSING__,0613_F4_T,True,23,36.0,glial_non_neuronal,oligodendrocyte_opc,True,True,True,True,False,3,-0.10376277056457689,0.07299234225254218,0.08684200819077921,0.04919792883453178,True,False,False,False,False,False
2945606900000003759,meninges_2,3,meninges_3,meninges_1,meninges_3,0.4110808073218733,0.07108861192202531,1.2781621346583303,0.4804141403815181,0.07196626483168367,0.9652976893031656,0.48993176209138833,0.23631529690269748,1.1416614650312686,__MISSING__,__MISSING__,__MISSING__,0328_F1_C,True,3,21.0,glial_non_neuronal,meningeal,False,True,False,False,False,2,1.9783770239338803,0.021411984619734765,0.06311600023877939,0.043441107912302435,True,False,False,False,False,False
2946331700000013083,meninges_2,1,meninges_1,meninges_2,meninges_1,0.5605328144031868,0.14884754382471632,0.8145196503955489,0.54753470523539,0.09530316385864457,0.6910174908353223,0.738585735965353,0.48493066281352754,0.6135531738689184,__MISSING__,__MISSING__,__MISSING__,0415_F2_L,True,6,51.0,glial_non_neuronal,meningeal,False,True,False,False,False,2,2.547241916198587,0.028052875249952487,0.06833160723406284,0.024266673713010164,False,False,True,False,True,False
2707604000070100198,oligodendrocyte_1,3,oligodendrocyte_progenitor_2,oligodendrocyte_progenitor_2,oligodendrocyte_progenitor_2,0.5496256323081732,0.19793256681983495,1.066869465149055,0.7349881454404081,0.47107041075317047,0.5872048968383967,0.30301821288735853,0.016240609351694413,2.1269732520950946,__MISSING__,__MISSING__,__MISSING__,0415_M3_L,True,15,16.0,glial_non_neuronal,oligodendrocyte_opc,True,True,True,True,False,3,0.291346420405612,0.19157647695431773,0.2687399016266393,0.060522287370370326,True,False,False,False,False,False
2707737900034100153,astrocyte_1,3,astrocyte_2,astrocyte_2,astrocyte_2,0.7332639730252306,0.6136257216336816,1.031612767347307,0.8513140830578599,0.7280052632801263,0.509493257733645,0.882711252743903,0.8349185103040113,0.5225648807089236,__MISSING__,__MISSING__,__MISSING__,0415_F1_L,True,14,21.0,glial_non_neuronal,astrocyte,True,True,True,True,False,3,1.5213465379160998,0.05058427170067668,0.030603770105013202,0.050687119953536156,True,False,False,False,False,False
2796212800980100276,astrocyte_2,0,endothelial,endothelial,endothelial,0.47545253226059014,0.25538592182286934,1.5019061807292873,0.5318962500173983,0.09576818489888567,0.8427909932259573,0.65086936079593,0.5460987558214531,1.4416366920187258,__MISSING__,__MISSING__,__MISSING__,0613_F3_C,True,11,16.0,glial_non_neuronal,astrocyte,True,True,True,True,False,3,2.541186171066946,0.125475260711206,0.21641653143964645,0.1260855956070201,True,False,False,False,False,False
2795903600349100051,DH_ex_Grp,2,DH_ex_Grp,DH_ex_Grp,microglia,0.7659254552160648,0.5593190885386006,0.6287962165126486,0.9811043050472709,0.965289183790412,0.10211185004266882,0.39581677920674696,0.3229676200051131,2.4263552183555963,1,excitatory,6,0613_M4_L,False,11,15.0,neuron,neuronal_or_other,True,False,False,False,False,1,-0.4058514026990387,0.8364865686622016,0.8655696216182898,0.08771275493802393,False,True,True,True,True,False
2796212800399100109,DH_ex_Prkcg/Cck,0,DH_ex_Prkcg/Cck,DH_ex_Tac2,DM_ex_Zfhx3,0.4827600956969288,0.11169499981108916,1.1016851982169733,0.4299112503249192,0.03969480246785334,1.1302197732417198,0.1386612027137416,0.010748539377159527,3.1133669325176396,1,excitatory,8,0613_F4_L,False,8,9.0,neuron,neuronal_or_other,False,False,False,False,True,1,1.2852681856447257,0.9060313796331539,0.909435983214089,0.016137310733251375,False,False,True,True,False,False
2656144900139100232,MV_in_Gabra1,2,MV_in_Gabra1,MV_in_Gabra1,MV_in_Gm26673,0.9999514656323848,0.9999206965850154,0.0005704371704957417,1.0,1.0,-0.0,0.4692146273772989,0.25452216091573115,1.3514341866991835,4,inhibitory,16,0328_M1_C,False,27,63.0,neuron,neuronal_or_other,True,False,False,False,False,1,-1.4712701042755933,0.7389971518428329,0.7392781906000444,2.4267608616803984e-05,False,True,True,True,True,False
2787889600396100026,MV_in_Sema5b,3,MV_in_Sema5b,MV_in_Sema5b,M_ex_Vsx2,0.9999999940999997,0.9999999939999997,1.4175252073536734e-07,1.0,1.0,-0.0,0.35593879324557165,0.09392338539925621,1.88526635507075,4,inhibitory,15,0503_M5_S,False,12,21.0,neuron,neuronal_or_other,True,False,False,False,False,1,-1.9587339534623416,0.89422035063679,0.8942204197671586,2.950000006277528e-09,False,True,True,True,True,False
2656144900111100285,DH_ex_Maf/Cpne4,4,DH_ex_Maf/Cck,DH_ex_Maf/Cck,MV_in_Sema5b,0.7808229495308691,0.6637999069529406,0.7208804362006925,0.8184481225741199,0.7208713565322948,0.6118476565343681,0.654194105907924,0.5729881707336205,1.4437030932012682,1,excitatory,10,0328_M1_C,False,8,11.0,neuron,neuronal_or_other,True,False,False,False,False,1,0.6508732406840676,0.9412892667781052,0.9446532792417306,0.0044224121923145485,True,False,False,False,False,False
2707604700092100300,oligodendrocyte_precursor_cell,1,oligodendrocyte_precursor_cell,oligodendrocyte_precursor_cell,DH_ex_Maf/Cck,0.7247220908015644,0.6132495697770907,1.009742394744396,0.9393462477332158,0.9112709624296975,0.2952300125792504,0.3559258682769466,0.20188967909248742,2.2724522173672663,__MISSING__,__MISSING__,__MISSING__,0415_M3_S,True,13,14.0,glial_non_neuronal,oligodendrocyte_opc,True,False,False,False,False,1,-0.7625908214639279,0.8871320669622603,0.9052602203888114,0.09355967399224596,False,True,True,True,True,False
2795103300195100284,oligodendrocyte_1,3,oligodendrocyte_progenitor_2,oligodendrocyte_progenitor_2,oligodendrocyte_progenitor_2,0.8015427240907437,0.6759094027664112,0.6918516680986659,0.8713415525797933,0.7681255717417276,0.45554441287660563,0.34803251685798864,0.17880578010517145,2.1221757760299425,__MISSING__,__MISSING__,__MISSING__,0610_M4_L,True,15,27.0,glial_non_neuronal,oligodendrocyte_opc,True,True,True,True,False,3,-0.6607062581931671,0.24639706366770647,0.2976424272339609,0.03759146704915792,True,False,False,False,False,False
2795584800511100042,DM_ex_Zfhx3,0,DM_ex_Zfhx3,DM_ex_Zfhx3,astrocyte_2,0.9999999940999997,0.9999999939999997,1.4175252073536737e-07,1.0,1.0,-0.0,0.40179030208310124,0.046788662217091104,1.5422424619750439,2,excitatory,11,0610_F4_C,False,7,8.0,neuron,neuronal_or_other,True,False,False,False,False,1,-2.101759837530649,0.9762762403509392,0.9762763097170296,2.950000006277528e-09,False,True,True,True,True,False
2726542200027100086,oligodendrocyte_1,2,oligodendrocyte_1,oligodendrocyte_1,astrocyte_1,0.6334435606940906,0.3834179447929102,1.0971525349666027,0.9653975053004668,0.9526986313674635,0.19334186544882312,0.27457865209393456,0.025690152754098056,2.3726579847752864,__MISSING__,__MISSING__,__MISSING__,0422_M1_S,True,11,12.0,glial_non_neuronal,oligodendrocyte_opc,True,False,False,False,False,1,-0.9679966557201215,0.24282510696437865,0.47440718497202755,0.1521143792202462,False,True,True,True,True,False
2795584800240200158,DH_ex_Prkcg/Rxfp1,1,DH_ex_Prkcg/Rxfp1,DH_ex_Prkcg/Rxfp1,oligodendrocyte_progenitor_2,0.84020789161083,0.6856477411149607,0.4623589730777082,0.9878881022820605,0.9757966433041803,0.06564583600302418,0.6167449598974489,0.37948821787569886,1.3249780617716629,1,excitatory,6,0610_F3_L,False,6,17.0,neuron,neuronal_or_other,True,False,False,False,False,1,-0.48137332207260713,0.9059564290016822,0.9128256377873492,0.058883550449760416,False,True,True,True,True,False
2795103300447100274,DH_ex_Reln/Nmur2,0,DH_ex_Reln/Nmur2,DH_ex_Reln/Nmur2,astrocyte_1,0.9393450264381138,0.878690058676228,0.22876603825893302,0.994693860763352,0.989387721526704,0.03309032065064271,0.2013829587137709,0.04656893282130933,2.752558876505253,1,excitatory,3,0610_M5_L,False,6,7.0,neuron,neuronal_or_other,True,False,False,False,False,1,-1.864175473874893,0.8926384826680325,0.8984988034703377,0.020236375016989338,False,True,True,True,True,False
2787889600544100140,astrocyte_1,0,astrocyte_1,astrocyte_1,DM_ex_Zfhx3,0.8690626153812898,0.800300487477626,0.609342597319371,0.9892234595519416,0.9799940369061495,0.06633144798976714,0.30414248502426516,0.12287855092960201,2.3097386981563486,__MISSING__,__MISSING__,__MISSING__,0503_M4_S,True,18,33.0,glial_non_neuronal,astrocyte,True,False,False,False,False,1,-1.4736313807870216,0.5485871678070722,0.6118719721234407,0.0482520455460888,False,True,True,True,True,False
2707604000067100058,oligodendrocyte_2,1,oligodendrocyte_2,oligodendrocyte_precursor_cell,oligodendrocyte_1,0.4692067916806873,0.15716714771598078,1.283014389137612,0.5146604939853818,0.30348974413763186,1.282623776625417,0.3146060323159234,0.14302430911595707,2.2992823431696405,__MISSING__,__MISSING__,__MISSING__,0415_M3_L,True,6,9.0,glial_non_neuronal,oligodendrocyte_opc,False,False,False,False,True,1,1.081657061435452,0.26181238038218013,0.24633309629051545,0.059454695073843766,False,False,True,True,False,False
2707737900089200051,DH_ex_Reln/Nmur2,0,DH_ex_Reln/Nmur2,DH_ex_Reln/Nmur2,astrocyte_1,0.9784170039047755,0.9570679182102548,0.10571500972594372,0.9997157938400164,0.9994315876800328,0.002604939462611296,0.35036571691236934,0.1603781389666741,2.0404276898396736,1,excitatory,3,0415_F1_L,False,26,65.0,neuron,neuronal_or_other,True,False,False,False,False,1,-1.6790913843722968,0.6135128853055745,0.6222570126541859,0.009924487368925119,False,True,True,True,True,False
2796212800617100009,oligodendrocyte_1,3,oligodendrocyte_2,oligodendrocyte_1,oligodendrocyte_2,0.523526359758966,0.181235481001221,1.1005126770011624,0.7279225847227039,0.5785143126129204,0.8012413703088014,0.534929785516562,0.23048720366865266,1.3014451665311402,__MISSING__,__MISSING__,__MISSING__,0613_F3_L,True,6,10.0,glial_non_neuronal,oligodendrocyte_opc,False,True,False,False,False,2,0.7580974480860383,0.017063798860423026,0.17600929199875712,0.1422292892587053,False,False,True,False,True,False
2656144900111100294,oligodendrocyte_progenitor_2,2,oligodendrocyte_progenitor_2,endothelial,oligodendrocyte_1,0.342032164497572,0.0431579798656917,1.4322624823259915,0.6426927330141867,0.456287803321609,0.9394165530348613,0.2910499583146636,0.07856015857766502,2.1046217936226927,__MISSING__,__MISSING__,__MISSING__,0328_M1_C,True,7,10.0,glial_non_neuronal,oligodendrocyte_opc,False,False,False,False,True,1,0.7868912118485316,0.10700781927697058,0.26898532858459606,0.1361570122285045,False,False,True,True,False,False
2946331700000022166,DH_in_Kcnip2,4,DH_in_Npy2r,DH_in_Npy2r,DH_in_Npy2r,0.9899369911755463,0.979873988151093,0.056290980036068305,0.9953876999421089,0.9907753998842177,0.029411341019230285,0.5535911143822547,0.2890365320679019,1.4797393076332788,1,inhibitory,9,0415_F2_L,False,11,16.0,neuron,neuronal_or_other,True,True,True,True,False,3,-1.3123398354910294,0.26462931427862435,0.2657548976122425,0.0007533745514604858,True,False,False,False,False,False
2656143800080100205,oligodendrocyte_1,4,astrocyte_1,astrocyte_1,astrocyte_1,0.89899854672039,0.8653353692697663,0.5099219125545913,0.9837525976396833,0.9695358586726606,0.09206568349515416,0.8943477617569462,0.8319921280861424,0.5018454337748526,__MISSING__,__MISSING__,__MISSING__,0328_M3_C,True,11,17.0,glial_non_neuronal,oligodendrocyte_opc,True,True,True,True,False,3,0.5824288071721291,0.016128371065801995,0.03089782362317321,0.035294349268757026,True,False,False,False,False,False
2795584800449100183,DH_ex_Maf/Slc17a8,3,DH_ex_Rreb1,DH_ex_Rreb1,DH_ex_Rreb1,0.48680111910383267,0.0657653480753343,0.964662059343165,0.8452779508999039,0.7566662135752876,0.540007988253439,0.3546699891786531,0.04235472700906673,1.874796811384131,1,excitatory,10,0610_F4_T,False,18,28.0,neuron,neuronal_or_other,True,True,True,True,False,3,0.040365230888018244,0.16272755484175958,0.2851109616051178,0.14321832408287544,True,False,False,False,False,False
2795584800713100117,DH_ex_Prkcg/Cck,2,DH_ex_Prkcg/Cck,DH_ex_Prkcg/Cck,DH_ex_Sox5,0.8192063708172312,0.6760325690249757,0.5861915749165925,0.8811786137319363,0.7654294397165251,0.3807399662313094,0.2330417566602235,0.025579733793501563,2.435921814503816,1,excitatory,8,0610_F5_S,False,13,18.0,neuron,neuronal_or_other,True,False,False,False,False,1,-1.1205255326832217,0.6951858633617698,0.7193310806908807,0.01437501668975247,False,True,True,True,True,False
2787889600350100266,astrocyte_1,1,oligodendrocyte_progenitor_2,oligodendrocyte_progenitor_2,oligodendrocyte_progenitor_2,0.6151295714646429,0.35899369321000774,1.1011891265625058,0.7011870662893362,0.41133080470444416,0.6568767489527156,0.5986340332138342,0.23382135518824904,0.8820657397344697,__MISSING__,__MISSING__,__MISSING__,0503_M4_C,True,14,22.0,glial_non_neuronal,astrocyte,True,True,True,True,False,3,0.7817887247056697,0.049476941875598625,0.01923522825255646,0.049515190435696535,True,False,False,False,False,False
2796212800812100072,DH_ex_Prkcg/Nts,2,DH_ex_Prkcg/Nts,DH_ex_Prkcg/Nts,DH_ex_Nmu/Tac2,0.5953502481829265,0.2155724300066959,0.7746404518662937,0.9475530669313884,0.8977051726378089,0.21681000105818626,0.7850753682201601,0.6093984759157975,0.6921035436729381,1,excitatory,8,0613_F3_T,False,14,16.0,neuron,neuronal_or_other,True,False,False,False,False,1,1.2128651304060152,0.14836175730249504,0.506540766931576,0.14036924190382774,False,True,True,True,True,False
2796212800821100152,gamma_motoneuron,1,alpha_motoneuron,alpha_motoneuron,alpha_motoneuron,0.5750045856495546,0.1566683921658335,0.71613633300219,0.7187006096130877,0.43741176541125987,0.594294384682051,0.7543683671247697,0.5234101117870064,0.6436110502060717,__MISSING__,__MISSING__,22,0613_F4_C,False,17,41.0,glial_non_neuronal,neuronal_or_other,True,True,True,True,False,3,1.9709875469995868,0.03640721199626955,0.009394665752208512,0.0187922078283746,True,False,False,False,False,False
2656144900515100215,MV_in_Gabra1,4,MV_in_Gabra1,MV_in_Gabra1,DH_in_Npy,0.9999999940999997,0.9999999939999997,1.4175252073536734e-07,1.0,1.0,-0.0,0.3113971999831901,0.14485823282891971,2.3254907746161764,4,inhibitory,16,0328_M1_S,False,7,7.0,neuron,neuronal_or_other,True,False,False,False,False,1,-1.8041769497995195,0.655036754344586,0.6550368250112005,2.950000006277528e-09,False,True,True,True,True,False
2656143800052200085,DH_ex_Reln/Npff,0,DH_ex_Reln/Npff,DH_ex_Reln/Npff,DH_ex_Reln/Nmur2,0.9999999940999997,0.9999999939999997,1.4175252073536737e-07,1.0,1.0,-0.0,0.9520627733782092,0.941847611058362,0.30922093314829857,1,excitatory,1,0328_M3_C,False,18,32.0,neuron,neuronal_or_other,True,False,False,False,False,1,0.6142123547004914,0.9588165842403583,0.9588166393371023,2.950000006277527e-09,False,True,True,True,True,False
2707737900048100228,MV_in_Sema5b,1,MV_in_Sema5b,MV_in_Sema5b,endothelial,0.9999999940999997,0.9999999939999997,1.4175252073536734e-07,1.0,1.0,-0.0,0.23384772351812216,0.05341572931704425,2.5434367920973426,4,inhibitory,15,0415_F1_L,False,2,2.0,neuron,neuronal_or_other,True,False,False,False,False,1,-2.0816506257487615,0.6734123260178431,0.6734124003028988,2.950000006277528e-09,False,True,True,True,True,False
2946331700000012697,oligodendrocyte_1,4,oligodendrocyte_2,oligodendrocyte_2,oligodendrocyte_2,0.8696489997020188,0.7723766451313302,0.5166358915942304,0.9821634010269171,0.9690473003560972,0.10001674414811518,0.7890319627259289,0.6789014850024793,0.7864916421603961,__MISSING__,__MISSING__,__MISSING__,0415_F2_T,True,11,16.0,glial_non_neuronal,oligodendrocyte_opc,True,True,True,True,False,3,0.28528852517331493,0.04623988971518512,0.07884501804371798,0.05029433024652287,True,False,False,False,False,False
2707604800405100081,DM_ex_Zfhx3,0,DM_ex_Zfhx3,DM_ex_Zfhx3,DH_ex_Grpr,0.9999985751527661,0.999997815076732,2.223824985940941e-05,1.0,1.0,-0.0,0.38622568929597884,0.18663685198574875,1.9955330617518405,2,excitatory,11,0415_M1_C,False,24,28.0,neuron,neuronal_or_other,True,False,False,False,False,1,-1.6773997585603877,0.7310300926685926,0.7310396615471461,7.124239828532004e-07,False,True,True,True,True,False
2946331700000010782,oligodendrocyte_progenitor_2,0,oligodendrocyte_progenitor_2,oligodendrocyte_progenitor_2,astrocyte_1,0.5750404839366807,0.31675153036105513,1.0962565894572383,0.4663564710161757,0.08202266645334572,1.0257689625904063,0.5925552465715638,0.4609258707716988,1.5060749863565779,__MISSING__,__MISSING__,__MISSING__,0415_F2_T,True,16,28.0,glial_non_neuronal,oligodendrocyte_opc,True,False,False,False,False,1,2.2001527912275964,0.29316606760790176,0.15533108106894428,0.07056927171483383,False,True,True,True,True,False
2795584800450100076,microglia,1,endothelial,endothelial,endothelial,0.6211528736111105,0.34315667547622164,1.0689099122852672,0.7343011131290358,0.47421774633290037,0.6156134267804987,0.4950325941462123,0.23435178567204368,1.5940298773179884,__MISSING__,__MISSING__,__MISSING__,0610_F4_T,True,7,8.0,glial_non_neuronal,microglia,True,True,True,True,False,3,0.6869346412426268,0.24845212166996355,0.28142740788389375,0.044123853694824834,True,False,False,False,False,False
2726562700298100134,alpha_motoneuron,4,alpha_motoneuron,alpha_motoneuron,MV_in_Chrna2,0.9660194795660656,0.946708436991852,0.1715531718703299,0.99477369066372,0.9900359192581485,0.03429473242120483,0.9631584828324674,0.9545187861841209,0.24532715038226743,__MISSING__,__MISSING__,22,0422_F2_L,False,9,17.0,glial_non_neuronal,neuronal_or_other,True,False,False,False,False,1,0.767849321643568,0.9875730319378512,0.9878130652212811,0.009590095688134074,False,True,True,True,True,False
2707604000056100217,MV_in_Esrrb,4,MV_in_Esrrb,MV_in_Esrrb,MV_in_Gabra1,0.9999999940999997,0.9999999939999997,1.4175252073536734e-07,1.0,1.0,-0.0,0.3707572537779517,0.2131785162108262,2.2294352957937376,4,inhibitory,14,0415_M3_L,False,22,33.0,neuron,neuronal_or_other,True,False,False,False,False,1,-1.5968654759900827,0.854762479130566,0.854762548451229,2.950000006277528e-09,False,True,True,True,True,False
2787445900224100201,MV_in_Esrrb,3,MV_in_Esrrb,MV_in_Esrrb,oligodendrocyte_progenitor_2,0.9999999940999997,0.9999999939999997,1.4175252073536734e-07,1.0,1.0,-0.0,0.40604127764285125,0.2646110276597326,2.060743585300796,4,inhibitory,14,0503_F5_S,False,19,31.0,neuron,neuronal_or_other,True,False,False,False,False,1,-1.440798357670469,0.6915365331968883,0.6915366008205439,2.950000006277528e-09,False,True,True,True,True,False
2726543700466100088,MV_in_Chrna2,2,MV_in_Gm26673,MV_in_Gm26673,oligodendrocyte_1,0.940157193260878,0.8803143923217561,0.2265349034721238,0.9998387245625159,0.9996774491250318,0.0015695835562490258,0.24507386816957774,0.06647936449568098,2.4633717158836292,4,inhibitory,19,0422_M3_L,False,1,1.0,neuron,neuronal_or_other,True,False,False,False,False,1,-1.8270902494906234,0.9229711406861246,0.9244426871856171,0.02985957631383654,True,False,False,False,False,False
2656144900635100149,meninges_1,0,meninges_3,meninges_1,meninges_3,0.3673980851967401,0.10546617051339213,1.4541230536135061,0.44525417971068887,0.15904840949639465,1.0959166225448158,0.4232757558965547,0.128483782913057,1.2840020998545487,__MISSING__,__MISSING__,__MISSING__,0328_M2_L,True,3,25.0,glial_non_neuronal,meningeal,False,True,False,False,False,2,1.4167844018773368,0.02474443596321883,0.057548913129866,0.0717781367025796,False,False,True,False,True,False
2946331700000016260,oligodendrocyte_progenitor_2,1,oligodendrocyte_progenitor_2,oligodendrocyte_progenitor_2,endothelial,0.6457024351506336,0.5084100625156812,1.125110472560811,0.7319154348652032,0.5508273191787869,0.7661496390967834,0.6348810079113799,0.4446106015840898,1.1288334765263408,__MISSING__,__MISSING__,__MISSING__,0415_F2_S,True,9,18.0,glial_non_neuronal,oligodendrocyte_opc,True,False,False,False,False,1,0.877028791998396,0.23906395017689852,0.322675853829169,0.04915142979323067,False,True,True,True,True,False
2795584800166100182,astrocyte_1,1,astrocyte_1,astrocyte_1,MV_in_Sema5b,0.866506491898,0.7729216386885436,0.5268667861979369,0.9332784111584149,0.8754469381866368,0.2803602979990906,0.2780320121769387,0.04657044826590104,2.0050752607811693,__MISSING__,__MISSING__,__MISSING__,0610_F3_L,True,6,9.0,glial_non_neuronal,astrocyte,True,False,False,False,False,1,-1.4486589787371138,0.5973035775957001,0.6195697155276997,0.013273995658026921,False,True,True,True,True,False
2795903600194100041,MV_in_Gm26673,1,MV_in_Gm26673,MV_in_Gm26673,oligodendrocyte_1,0.938308043174713,0.8766160921494262,0.2315979661590722,0.9994874170292145,0.998974834058429,0.004395804750826132,0.35429980504901565,0.22805694261558962,2.4728824763790778,4,inhibitory,19,0613_M5_L,False,3,4.0,neuron,neuronal_or_other,True,False,False,False,False,1,-1.3287824683880114,0.9514374479833817,0.9532069161467601,0.029656486984545097,False,True,True,True,True,False
2945606900000018159,oligodendrocyte_1,2,endothelial,endothelial,endothelial,0.3533778393959944,0.026748168404218065,1.5246704502121617,0.5605573359851509,0.35200440051356474,1.2267009417653751,0.4581173971677963,0.2610438606973573,1.9922333050158125,__MISSING__,__MISSING__,__MISSING__,0328_F1_T,True,9,14.0,glial_non_neuronal,oligodendrocyte_opc,True,True,True,True,False,3,1.5769811430089473,0.147601831301961,0.14779316658082645,0.05468512299910803,True,False,False,False,False,False
2946331700000013295,oligodendrocyte_1,4,oligodendrocyte_progenitor_2,oligodendrocyte_progenitor_2,oligodendrocyte_progenitor_2,0.7333943500092925,0.4861996221114161,0.6739019572239472,0.737935201992305,0.47713602024701396,0.5843615439141878,0.6249707158173721,0.28277619335686544,0.8410949836408106,__MISSING__,__MISSING__,__MISSING__,0415_F2_S,True,8,15.0,glial_non_neuronal,oligodendrocyte_opc,True,True,True,True,False,3,0.5719840190143867,0.01655531578174893,0.021554975243748723,0.008197452711985173,True,False,False,False,False,False
2787889600312100274,MV_in_Gabra1,0,MV_in_Gabra1,MV_in_Gabra1,DM_ex_Zfhx3,0.9999999940999997,0.9999999939999997,1.4175252073536734e-07,1.0,1.0,-0.0,0.5639226024439996,0.43272136695713215,1.7706476515663279,4,inhibitory,16,0503_M4_C,False,15,29.0,neuron,neuronal_or_other,True,False,False,False,False,1,-0.930683345302441,0.9561363139689596,0.9561363803051015,2.950000006277528e-09,False,True,True,True,True,False
2787889600355100079,oligodendrocyte_progenitor_2,0,oligodendrocyte_2,oligodendrocyte_2,oligodendrocyte_2,0.476181048757768,0.15834687929431973,1.2586655783738112,0.5283689614492902,0.19730685553685684,1.0241290642681027,0.34616279483509294,0.022428505163899826,1.4396296533765367,__MISSING__,__MISSING__,__MISSING__,0503_M4_C,True,8,9.0,glial_non_neuronal,oligodendrocyte_opc,True,True,True,True,False,3,0.9243592836743342,0.026533413699366324,0.0562505774645104,0.020775357801739544,True,False,False,False,False,False
2787889600546100097,DH_ex_Prkcg/Nts,4,DH_ex_Prkcg/Nts,DH_ex_Prkcg/Nts,astrocyte_1,0.7848993710611587,0.6500772313585009,0.701216689112558,0.7612050707294259,0.5254914258985576,0.5681365216843698,0.22640630610249926,0.10092958085983833,2.7697060095675843,1,excitatory,8,0503_M4_S,False,31,45.0,neuron,neuronal_or_other,True,False,False,False,False,1,-0.3691870850898774,0.680850522498628,0.6986202614144099,0.042485193224025754,False,True,True,True,True,False
2796212800715100159,oligodendrocyte_progenitor_2,2,oligodendrocyte_1,oligodendrocyte_1,oligodendrocyte_1,0.5535447927499307,0.3583302157555057,1.3352616049860868,0.746339034352766,0.534241233321928,0.71104984049608,0.3184377160331697,0.08905704000032563,2.37260480726092,__MISSING__,__MISSING__,__MISSING__,0613_F3_T,True,8,8.0,glial_non_neuronal,oligodendrocyte_opc,True,True,True,True,False,3,0.09975120826141215,0.30355015994664686,0.35202466035538704,0.08083890430813928,True,False,False,False,False,False
2795903600435100030,oligodendrocyte_precursor_cell,0,astrocyte_1,astrocyte_1,astrocyte_1,0.8934463325283795,0.8401764052927558,0.5069820972251573,0.9844486549071433,0.9766187139259247,0.09641848962954674,0.4838903006382866,0.3428428827192391,1.8429331941110878,__MISSING__,__MISSING__,__MISSING__,0613_M5_C,True,9,11.0,glial_non_neuronal,oligodendrocyte_opc,True,True,True,True,False,3,-0.8708630698143506,0.19938075153552845,0.28928688917906037,0.033686390476155535,True,False,False,False,False,False
2707737900062100244,MV_in_Gabra1,0,MV_in_Gabra1,MV_in_Gabra1,DH_in_Cdh3,0.9999999940999997,0.9999999939999997,1.4175252073536734e-07,1.0,1.0,-0.0,0.3874943659999665,0.24720027709555578,2.1628746261859972,4,inhibitory,16,0415_F1_L,False,21,45.0,neuron,neuronal_or_other,True,False,False,False,False,1,-1.4936296426259392,0.6932508685537297,0.6932509385052128,2.950000006277528e-09,False,True,True,True,True,False
2726544600245100298,DH_in_Pdyn,0,DH_in_Pdyn,DH_in_Pdyn,DH_ex_Prkcg/Nts,0.9999999940999997,0.9999999939999997,1.4175252073536737e-07,1.0,1.0,-0.0,0.11587125078388744,0.009409628412783227,2.9340894810177836,1,inhibitory,2,0422_F1_T,False,9,11.0,neuron,neuronal_or_other,True,False,False,False,False,1,-2.2151829997887265,0.8849377073460006,0.8849377783918335,2.950000006277528e-09,False,True,True,True,True,False
2795584800086100119,DH_ex_Gpr83,1,DH_ex_Gpr83,DH_ex_Gpr83,DM_ex_Zfhx3,0.9418762596553147,0.88375252511063,0.2217735324517964,0.9750844893868424,0.9501689787736849,0.1165971704695136,0.23828615691023247,0.07043012607901691,2.4167315713935,1,excitatory,2,0610_F3_T,False,10,15.0,neuron,neuronal_or_other,True,False,False,False,False,1,-1.7229934825005928,0.6056264018048669,0.629726517134114,0.005133974448801423,False,True,True,True,True,False
2656143800192100137,MV_in_Sema5b,4,MV_in_Sema5b,MV_in_Sema5b,DH_in_Cdh3,0.9999999940999997,0.9999999939999997,1.4175252073536734e-07,1.0,1.0,-0.0,0.16160033994551998,0.0054116887129631586,2.652192961836185,4,inhibitory,15,0328_M3_T,False,8,11.0,neuron,neuronal_or_other,True,False,False,False,False,1,-2.2273143717670587,0.8580484551519516,0.8580485276098643,2.950000006277528e-09,False,True,True,True,True,False
2787445900584100130,DH_in_Cdh3,1,DH_in_Cdh3,DH_in_Klhl14,DH_in_Npy,0.8273843108441944,0.6547686274883892,0.460009703698353,0.7221802681518192,0.44436053630363853,0.5908823294833334,0.3927219832126136,0.23491651396903498,1.829297052985441,1,inhibitory,10,0503_F3_C,False,29,83.0,neuron,neuronal_or_other,False,False,False,False,True,1,0.19001236206706706,0.5264111952591812,0.5050524012006057,0.23394314933912375,False,False,True,True,False,False
2707604800014100240,endothelial,0,astrocyte_1,astrocyte_1,astrocyte_1,0.622001732137414,0.39520723259457724,1.0869627494086727,0.7104696197535483,0.5662361408669565,0.8499997236681894,0.19758055636551447,0.061013990110629884,2.652586995951366,__MISSING__,__MISSING__,__MISSING__,0415_M1_S,True,2,2.0,glial_non_neuronal,vascular,True,True,True,True,False,3,-0.11486901669841687,0.32732140676660737,0.36271886294850875,0.022826328246734664,True,False,False,False,False,False
2946331700000002516,meninges_1,2,meninges_3,meninges_3,meninges_3,0.5429038136427384,0.19945613725901934,1.0451588558738556,0.8882039779672957,0.7887717157176756,0.3901399726414756,0.4536969035329398,0.17442761602800183,1.1231050691004856,__MISSING__,__MISSING__,__MISSING__,0415_F2_C,True,2,34.0,glial_non_neuronal,meningeal,True,True,True,True,False,3,0.13805115901891518,0.05107898600122206,0.1914940160270967,0.11758741037838154,True,False,False,False,False,False
2946331700000006518,DH_ex_Maf/Cck,0,DH_ex_Maf/Cck,DH_ex_Maf/Cck,MV_in_Gabra1,0.8475729320266895,0.7778395138659188,0.5891895434093898,0.8647184031434438,0.7743779931295323,0.5129946800996262,0.758873995874013,0.6942546507513111,1.169157731558232,1,excitatory,10,0415_F2_C,False,18,25.0,neuron,neuronal_or_other,True,False,False,False,False,1,0.7084739366543071,0.988134960266831,0.9883244422168426,0.020270411433133385,False,True,True,True,True,False
2656144900185100079,endothelial,3,astrocyte_1,astrocyte_1,astrocyte_1,0.5944685649939322,0.40284714060792,1.2659047547647067,0.860447655942079,0.7847375925231107,0.5328428884520625,0.2997776246475653,0.03434914351597168,1.8575480550835886,__MISSING__,__MISSING__,__MISSING__,0328_M2_C,True,8,12.0,glial_non_neuronal,vascular,True,True,True,True,False,3,-0.6431391497573045,0.17234427033950503,0.3258866369717365,0.08146849746669783,True,False,False,False,False,False
2656144900421100083,astrocyte_1,1,astrocyte_1,astrocyte_1,endothelial,0.6870811038656608,0.47829420139473455,1.0000430457143012,0.680298419419078,0.42849406656150796,0.859305881339597,0.7178168316465824,0.5931403677568755,1.149126042147666,__MISSING__,__MISSING__,__MISSING__,0328_M2_T,True,14,22.0,glial_non_neuronal,astrocyte,True,False,False,False,False,1,1.6244526071845948,0.31099644994484,0.2878290572695406,0.037213601557241495,False,True,True,True,True,False
2795584800413100228,oligodendrocyte_progenitor_2,4,oligodendrocyte_1,oligodendrocyte_1,M_in_Tfap2b,0.5409007390097273,0.35418649380246603,1.3548931149040178,0.8740122053889772,0.7786514934633288,0.4629431817690314,0.6492235746243239,0.5147072619609814,1.3427285975311654,__MISSING__,__MISSING__,__MISSING__,0610_F4_T,True,12,25.0,glial_non_neuronal,oligodendrocyte_opc,True,False,False,False,False,1,0.913661891494369,0.5399946412961308,0.5802539775208149,0.1487579863148386,True,False,False,False,False,False
2707604800219100169,endothelial,3,endothelial,endothelial,gamma_motoneuron,0.8327305132137265,0.7783092171473985,0.8154836503686991,0.7657687805442703,0.602858782244769,0.772293459148898,0.8066731746795041,0.6862313227350774,0.795966620500143,__MISSING__,__MISSING__,__MISSING__,0415_M1_T,True,6,6.0,glial_non_neuronal,vascular,True,False,False,False,False,1,1.0237169849165166,0.6390535151185471,0.6087462505187933,0.09493748332157403,False,True,True,True,True,False
2795584800446100124,astrocyte_1,2,astrocyte_1,astrocyte_1,DH_ex_Cpne4,0.6213181714988804,0.39313149767975647,1.1628409288487216,0.9087268340129524,0.8707834322517932,0.41525768711107286,0.45623115148845234,0.34931318797310323,2.232983057037698,__MISSING__,__MISSING__,__MISSING__,0610_F4_T,True,13,20.0,glial_non_neuronal,astrocyte,True,False,False,False,False,1,0.1592009505881524,0.5565640303840996,0.6338036518332621,0.11692667422586807,False,True,True,True,True,False
2707604800340100075,oligodendrocyte_progenitor_2,0,oligodendrocyte_progenitor_2,oligodendrocyte_progenitor_2,oligodendrocyte_1,0.570591468843689,0.21400160585205508,1.0065961250921802,0.6476181347714492,0.2972603372056461,0.6635407620441729,0.4800411253305131,0.013677375124239277,0.9796137259202478,__MISSING__,__MISSING__,__MISSING__,0415_M1_C,True,11,32.0,glial_non_neuronal,oligodendrocyte_opc,True,False,False,False,False,1,0.599776135630665,0.027955901697933994,0.04017787481472224,0.03404664102427466,False,True,True,True,True,False
2946331700000003192,oligodendrocyte_progenitor_2,3,oligodendrocyte_progenitor_2,oligodendrocyte_progenitor_2,MV_in_Gabra1,0.6820807162005744,0.5977548585691044,1.197024926996861,0.9151910271016226,0.8404584484873586,0.3320088380892776,0.6299943212193452,0.4925037254275954,1.38550182326976,__MISSING__,__MISSING__,__MISSING__,0415_F2_C,True,12,19.0,glial_non_neuronal,oligodendrocyte_opc,True,False,False,False,False,1,0.28753934928119873,0.8529012828194629,0.8664317976587766,0.11556383847973764,False,True,True,True,True,False
2656144900166100142,M_ex_Vsx2,4,M_ex_Vsx2,M_ex_Vsx2,oligodendrocyte_1,0.9446773523339225,0.8893547104678451,0.21389888238280386,0.9996912136007725,0.999382427201545,0.0028046161969752757,0.7227351906891739,0.5860108056403994,1.1276311582998702,3,excitatory,20,0328_M1_C,False,4,7.0,neuron,neuronal_or_other,True,False,False,False,False,1,-0.2662207862548305,0.894724688531826,0.8944708274227346,0.026998188107857056,False,True,True,True,True,False
2795903600563100287,DH_ex_Prkcg/Nts,3,DH_ex_Prkcg/Cck,DH_ex_Prkcg/Cck,DH_ex_Prkcg/Cck,0.7208269166373574,0.4606841511586784,0.6700087792631597,0.9527261207041728,0.9056768519502422,0.19192595208044522,0.5782701163073187,0.4207530544412482,1.615070056899714,1,excitatory,8,0613_M4_C,False,5,7.0,neuron,neuronal_or_other,True,True,True,True,False,3,0.18577903027096887,0.12923014635126043,0.18728565622495974,0.07909382653754236,True,False,False,False,False,False
2787445900266200023,DH_in_Klhl14,2,DH_in_Cdh3,DH_in_Cdh3,DH_ex_Tac2,0.9756306353823212,0.9512612765646428,0.11458836968175229,0.9978694916186452,0.9957389832372905,0.015233835095978164,0.2645106055101007,0.05263800026958784,2.5158709900810656,1,inhibitory,10,0503_F5_L,False,17,26.0,neuron,neuronal_or_other,True,False,False,False,False,1,-1.988293693916547,0.5741964110926355,0.5898333058486288,0.007992965326837678,True,False,False,False,False,False
2946331700000004265,DH_in_Cdh3,1,DH_in_Cdh3,DH_in_Cdh3,DH_ex_Prkcg/Nts,0.9551097801135687,0.9102195660271377,0.18318573419697481,0.9995944123470426,0.9991888246940853,0.0035732153495141882,0.3545673827228172,0.13525295856492148,2.1667290691845325,1,inhibitory,10,0415_F2_C,False,16,31.0,neuron,neuronal_or_other,True,False,False,False,False,1,-1.670974329298473,0.8595965968657914,0.8726459786801527,0.02134216350287337,False,True,True,True,True,False
2707737900113100018,oligodendrocyte_progenitor_2,1,oligodendrocyte_progenitor_2,oligodendrocyte_progenitor_2,oligodendrocyte_1,0.47646257900712924,0.2461672282257235,1.373855643277553,0.6505693006385385,0.35928177671741607,0.8488989911798905,0.3282300150938471,0.10840592947697544,1.675414231365445,__MISSING__,__MISSING__,__MISSING__,0415_F1_L,True,9,14.0,glial_non_neuronal,oligodendrocyte_opc,True,False,False,False,False,1,0.7065334371949714,0.09513639785698108,0.23463889137098892,0.08385553632132954,False,True,True,True,True,False
2795584800713100064,endothelial,3,astrocyte_1,astrocyte_1,astrocyte_1,0.8363657901227478,0.7426844884590715,0.6723521695038507,0.9381470740763038,0.8818960068390207,0.25781862257024984,0.28988588823502426,0.1873500696314404,2.507031697829876,__MISSING__,__MISSING__,__MISSING__,0610_F5_S,True,13,23.0,glial_non_neuronal,vascular,True,True,True,True,False,3,-0.9801412650187259,0.41101711202697944,0.43581867908736377,0.031155864462355607,True,False,False,False,False,False
2946331700000010921,DH_in_Pdyn,2,DH_in_Pdyn,DH_in_Pdyn,DM_ex_Zfhx3,0.9999999940999997,0.9999999939999997,1.4175252073536737e-07,1.0,1.0,-0.0,0.26515243254818927,0.015504480289408012,1.8107596529709031,1,inhibitory,2,0415_F2_T,False,29,52.0,neuron,neuronal_or_other,True,False,False,False,False,1,-2.196688745042589,0.9955162016456439,0.9955162665202587,2.950000006277528e-09,False,True,True,True,True,False
2796212800946100203,MV_ex_Syt2,1,MV_ex_Syt2,MV_ex_Syt2,DM_ex_Zfhx3,0.9999999940999997,0.9999999939999997,1.4175252073536734e-07,1.0,1.0,-0.0,0.34324002746479476,0.11844170976518584,2.2749643711121994,4,excitatory,14,0613_F3_C,False,14,16.0,neuron,neuronal_or_other,True,False,False,False,False,1,-1.8843354043341798,0.787094094704572,0.7870941650401501,2.950000006277528e-09,False,True,True,True,True,False
2726562700178100238,DH_ex_Prkcg/Cck,3,DH_ex_Prkcg/Cck,DH_ex_Prkcg/Cck,DH_ex_Prkcg/Nts,0.6801756872340415,0.37932690325401813,0.7001335709078379,0.9676148331043856,0.9356838065256791,0.1454509966508618,0.2140772661377334,0.07141250313752875,2.8232479297953073,1,excitatory,8,0422_F2_T,False,6,6.0,neuron,neuronal_or_other,True,False,False,False,False,1,-0.7881611699772672,0.45631747506044823,0.6228138046755486,0.11687114462868307,False,True,True,True,True,False
2796212801050100127,DM_ex_Zfhx3,0,DM_ex_Zfhx3,DM_ex_Zfhx3,DH_ex_Gpr83,0.9999999940999997,0.9999999939999997,1.4175252073536737e-07,1.0,1.0,-0.0,0.24846031881512418,0.11694661026006892,2.487080421767349,2,excitatory,11,0613_F4_C,False,20,36.0,neuron,neuronal_or_other,True,False,False,False,False,1,-1.8888721431554305,0.7066999057099357,0.7066999763147441,2.950000006277528e-09,False,True,True,True,True,False
2787889600351100314,oligodendrocyte_progenitor_1,3,oligodendrocyte_precursor_cell,oligodendrocyte_precursor_cell,oligodendrocyte_precursor_cell,0.8344004529420769,0.7051025369127855,0.5937066999316069,0.9324035445781214,0.8648965158021545,0.2481709151410388,0.6172339052615357,0.2370516157798227,0.6877802368120292,__MISSING__,__MISSING__,__MISSING__,0503_M4_C,True,15,33.0,glial_non_neuronal,oligodendrocyte_opc,True,True,True,True,False,3,-0.7283010744507133,0.07361902210945195,0.11128832013781564,0.026853981381720158,True,False,False,False,False,False
2656144300187100018,M_ex_Vsx2,3,M_ex_Vsx2,M_ex_Vsx2,MV_in_Gabra1,0.9745888304818856,0.9491776667637714,0.11840986253164504,0.9999918697043805,0.999983739408761,0.00010341662211702708,0.48902748445841543,0.1978560643176992,1.5545818743338364,3,excitatory,20,0328_F2_L,False,18,29.0,neuron,neuronal_or_other,True,False,False,False,False,1,-1.55233769434347,0.980083577736094,0.9800206699615741,0.012774463725406148,False,True,True,True,True,False
2787445900550100129,DH_ex_Prkcg/Nts,1,DH_ex_Prkcg/Nts,DH_ex_Prkcg/Nts,DH_ex_Prkcg/Rxfp1,0.8408887572398198,0.7559747268618685,0.5912648061838188,0.9971715679026893,0.9948857821385798,0.02095329034719191,0.16407074265368443,0.005993295907024965,2.6258959916468245,1,excitatory,8,0503_F3_C,False,16,22.0,neuron,neuronal_or_other,True,False,False,False,False,1,-1.7785068338937444,0.7258222314402247,0.7857357537879538,0.0764287650841768,False,True,True,True,True,False
2656144300188100154,M_ex_Vsx2,2,M_ex_Vsx2,M_ex_Vsx2,DM_ex_Zfhx3,0.9032607574656667,0.8094818536256534,0.33373377291854034,0.999946308547927,0.9998926170958541,0.0005815981526364148,0.24707818037835327,0.01615370104524491,2.174114418651625,3,excitatory,20,0328_F2_L,False,26,95.0,neuron,neuronal_or_other,True,False,False,False,False,1,-1.8534103610555221,0.47279427627028886,0.5710465000621996,0.04984089333101989,False,True,True,True,True,False
2707604700222100065,oligodendrocyte_2,4,oligodendrocyte_2,oligodendrocyte_2,oligodendrocyte_progenitor_2,0.6088155791707838,0.2239415800807742,0.7100466377145797,0.7803344746624291,0.5607261958360161,0.5271671486192735,0.5399902352218625,0.09663228357171622,0.8054084578047745,__MISSING__,__MISSING__,__MISSING__,0415_M2_T,True,8,13.0,glial_non_neuronal,oligodendrocyte_opc,True,False,False,False,False,1,0.31077389054703264,0.02439392240378223,0.0923142899675681,0.02717460747262156,False,True,True,True,True,False
2787889600244100030,DH_in_Cdh3,0,DH_in_Cdh3,DH_in_Cdh3,DH_in_Npy,0.972103237608814,0.9442064810176284,0.12735343389611906,0.9990982156163616,0.9981964312327232,0.007223909806702726,0.4920624328994186,0.2889843410980089,1.5787201370757284,1,inhibitory,10,0503_M4_C,False,24,52.0,neuron,neuronal_or_other,True,False,False,False,False,1,-1.263369883168027,0.5706360688618706,0.6027748702448937,0.011639267426509503,False,True,True,True,True,False
2656143800153100282,DH_in_Cdh3,1,DH_in_Cdh3,DH_in_Cdh3,astrocyte_1,0.9942234864347486,0.9884469786694974,0.035531797534999875,0.9984521544928164,0.9969043089856329,0.011562587017994463,0.3385801127388767,0.26812749957400395,2.600441089285006,1,inhibitory,10,0328_M3_C,False,8,8.0,neuron,neuronal_or_other,True,False,False,False,False,1,-1.4032996428860278,0.9687503335870649,0.9700618597297319,0.0009407028780368832,False,True,True,True,True,False
2945606900000014601,DH_in_Npy,2,DH_in_Npy,DH_in_Npy,MV_in_Gabra1,0.9998733855177245,0.9997467768354494,0.001262978173482449,0.999972056672868,0.999944113345736,0.0003209380025078897,0.30635370865269684,0.10384420798522495,2.236268144843955,1,inhibitory,4,0328_F1_T,False,11,16.0,neuron,neuronal_or_other,True,False,False,False,False,1,-1.928065878248585,0.6060450440355603,0.6065659135851283,2.4591671233668358e-05,False,True,True,True,True,False
2795903600300100103,DH_ex_Tac2,4,DH_ex_Tac2,DH_ex_Tac2,DH_ex_Prkcg/Rxfp1,0.4604575792139716,0.15128245494825804,1.2175219742559784,0.6634143652671348,0.33715906144666147,0.691961498035722,0.2805967970789412,0.0034658874377828663,1.8657353356590447,1,excitatory,8,0613_M5_T,False,11,36.0,neuron,neuronal_or_other,True,False,False,False,False,1,0.601889247597388,0.4124029107227293,0.45816917986093664,0.10319531549610227,False,True,True,True,True,False
2787445900252100162,DH_ex_Prkcg/Cck,0,DH_ex_Prkcg/Nts,DH_ex_Prkcg/Nts,DH_ex_Nmu/Tac2,0.6449996496204927,0.30400541221003213,0.718731012246149,0.9802760526457676,0.9658249956168174,0.10857564527585499,0.5019674955932846,0.13822118965165325,1.1847726221786978,1,excitatory,8,0503_F4_C,False,13,23.0,neuron,neuronal_or_other,True,False,False,False,False,1,-0.5104082302607955,0.08553048563263231,0.37239419772041865,0.1620807136489244,True,False,False,False,False,False
2795903600032100139,MV_ex_Shox2,0,MV_ex_Shox2,MV_ex_Shox2,M_ex_Vsx2/Shox2,0.9999999940999997,0.9999999939999997,1.4175252073536737e-07,1.0,1.0,-0.0,0.4637730982783081,0.11774263819950259,1.2020223077570926,4,excitatory,18,0613_M5_S,False,14,15.0,neuron,neuronal_or_other,True,False,False,False,False,1,-1.8864566712465247,0.4465795312957396,0.44657958460181946,2.950000006277528e-09,False,True,True,True,True,False
2707737900063100081,DH_ex_Tac2,3,DH_ex_Nmu/Tac2,DH_ex_Nmu/Tac2,astrocyte_1,0.889999852746929,0.8155376056836742,0.43195873461281853,0.9729070218480886,0.9499099840375117,0.13802311433220213,0.5173996086624353,0.102340911836242,1.0109478443582853,1,excitatory,8,0415_F1_L,False,19,39.0,neuron,neuronal_or_other,True,False,False,False,False,1,-1.5035201792397936,0.3523523359501351,0.3572295143178899,0.021969367812343144,True,False,False,False,False,False
2787889600195100212,DH_ex_Grp,4,DH_ex_Prkcg/Rxfp1,DH_ex_Prkcg/Rxfp1,DH_in_Cdh3,0.8455304198118619,0.6934397448194054,0.4426729306260763,0.9542590570308103,0.9119824802867663,0.1980478012402478,0.42088576936707556,0.27154598783116424,2.213278649986922,1,excitatory,6,0503_M5_T,False,15,43.0,neuron,neuronal_or_other,True,False,False,False,False,1,-0.6962064621580819,0.9490190862254979,0.9517007312430387,0.02619610053165984,True,False,False,False,False,False
2796212800461200087,oligodendrocyte_1,2,oligodendrocyte_1,oligodendrocyte_1,oligodendrocyte_progenitor_2,0.4538653801918468,0.0399500173178412,1.2076131751672647,0.5830176134209294,0.2505015246310212,0.9572896643489106,0.24304329487564555,0.016444882441967318,2.1744575846059155,__MISSING__,__MISSING__,__MISSING__,0613_F4_L,True,10,15.0,glial_non_neuronal,oligodendrocyte_opc,True,False,False,False,False,1,1.0125946757930409,0.2859313886327055,0.3212401537157721,0.023776067030347264,False,True,True,True,True,False
2795584800493100180,DH_in_Npy,4,DH_in_Npy,DH_in_Npy,oligodendrocyte_precursor_cell,0.999869310803277,0.9997386274065542,0.0012994809281201376,0.9999976506120518,0.9999953012241037,3.2800638087729726e-05,0.6052363678954498,0.41495935684803353,1.4392102278202774,1,inhibitory,4,0610_F4_L,False,10,12.0,neuron,neuronal_or_other,True,False,False,False,False,1,-0.9841032290248559,0.9872211110815313,0.9876058031193351,5.800193345258734e-05,False,True,True,True,True,False
2787445900321100105,oligodendrocyte_1,0,pericyte,pericyte,pericyte,0.6968656283786328,0.5905821399707515,1.190239350051433,0.9758223463391492,0.9554475073992494,0.12705808389986245,0.4525559520823506,0.21388255546767174,1.3685349136243454,__MISSING__,__MISSING__,__MISSING__,0503_F4_C,True,8,15.0,glial_non_neuronal,oligodendrocyte_opc,True,True,True,True,False,3,-0.773298071104761,0.12395091253262985,0.29042400713986954,0.13606198505079767,True,False,False,False,False,False
2945606900000016601,DH_ex_Reln/Npff,0,DH_ex_Reln/Npff,DH_ex_Reln/Npff,oligodendrocyte_1,0.9999999940999997,0.9999999939999997,1.4175252073536737e-07,1.0,1.0,-0.0,0.5164859448168763,0.4149525286859416,1.9146618932259385,1,excitatory,1,0328_F1_T,False,5,32.0,neuron,neuronal_or_other,True,False,False,False,False,1,-0.9846012137236015,0.7556318811490699,0.7556319501869196,2.950000006277527e-09,False,True,True,True,True,False
2795584800161100313,meninges_2,4,meninges_2,meninges_2,meninges_1,0.7384737289524036,0.5568501222735058,0.7832476278983928,0.9475803607565072,0.9075813403173436,0.23797180443941282,0.40313598168799974,0.057739871131775145,1.1164990698569988,__MISSING__,__MISSING__,__MISSING__,0610_F3_T,True,4,73.0,glial_non_neuronal,meningeal,True,False,False,False,False,1,-1.0917016451649686,0.20938707141499022,0.4300563343382121,0.06494276751923544,False,True,True,True,True,False
2656143800442200162,oligodendrocyte_progenitor_2,1,oligodendrocyte_progenitor_2,oligodendrocyte_progenitor_2,oligodendrocyte_1,0.785374258328952,0.6380605764467343,0.7662960581271896,0.9462862941880996,0.8986459820968827,0.23833271551751362,0.5753297229381722,0.23662035573994267,1.1125110969782714,__MISSING__,__MISSING__,__MISSING__,0328_M3_L,True,9,12.0,glial_non_neuronal,oligodendrocyte_opc,True,False,False,False,False,1,-0.6765664144044234,0.18831826491079753,0.331977547873763,0.05146593209794811,False,True,True,True,True,False
2787445900134100141,oligodendrocyte_1,1,oligodendrocyte_progenitor_2,oligodendrocyte_progenitor_2,DH_in_Cdh3,0.719944431159145,0.5300576314971394,0.9128885193362609,0.9972702433946247,0.9954342433536988,0.021447715404654413,0.3151245278791397,0.07889227793928777,2.1103571105767793,__MISSING__,__MISSING__,__MISSING__,0503_F5_C,True,15,27.0,glial_non_neuronal,oligodendrocyte_opc,True,False,False,False,False,1,-1.153918336103884,0.7352668375878456,0.7847841547605722,0.146785710711272,True,False,False,False,False,False
2787889600546100314,MV_in_Gm26673,3,MV_in_Gm26673,MV_in_Gm26673,astrocyte_1,0.9073204551505184,0.8146409161010371,0.30869398970342404,0.9999459407988404,0.9998918815976807,0.0005852126797154137,0.5598499944342821,0.47066795065380673,1.7752099186220596,4,inhibitory,19,0503_M4_S,False,9,19.0,neuron,neuronal_or_other,True,False,False,False,False,1,-0.4834647190698786,0.838665046992114,0.8362275717953697,0.04766046450475786,False,True,True,True,True,False
2787889600132100205,oligodendrocyte_1,3,oligodendrocyte_progenitor_2,oligodendrocyte_progenitor_2,oligodendrocyte_progenitor_2,0.7036503829772552,0.44954162367068773,0.7982387943577585,0.8564881050359924,0.714153214417959,0.41999559983010637,0.6192177418069348,0.31793461527029493,0.9453849294967782,__MISSING__,__MISSING__,__MISSING__,0503_M5_C,True,8,21.0,glial_non_neuronal,oligodendrocyte_opc,True,True,True,True,False,3,0.27386988746335705,0.018261294152347323,0.07152792666525239,0.03505800161703629,True,False,False,False,False,False
2656144900504100138,M_ex_Vsx2,3,M_ex_Vsx2,M_ex_Vsx2,astrocyte_1,0.9775887244720268,0.9551892561772388,0.10740358744006495,0.9999992187644687,0.9999984375289375,1.176727328954597e-05,0.3407889226184716,0.08835226881102393,1.902462151890325,3,excitatory,20,0328_M2_L,False,26,45.0,neuron,neuronal_or_other,True,False,False,False,False,1,-1.8954087185399477,0.9244005008321794,0.9241577929604506,0.011291279853855939,False,True,True,True,True,False
2787889600349100193,MV_ex_Shox2,4,MV_ex_Shox2,MV_ex_Shox2,oligodendrocyte_progenitor_2,0.9999999940999997,0.9999999939999997,1.4175252073536737e-07,1.0,1.0,-0.0,0.47201726673352123,0.316100082772812,1.7387428054371885,4,excitatory,18,0503_M4_C,False,10,16.0,neuron,neuronal_or_other,True,False,False,False,False,1,-1.2845596629203426,0.6861533244268344,0.6861533928722615,2.950000006277528e-09,False,True,True,True,True,False
2796212800364200078,oligodendrocyte_progenitor_2,3,oligodendrocyte_progenitor_2,oligodendrocyte_progenitor_2,oligodendrocyte_1,0.6190860444275751,0.2542514090985461,0.7607657563410462,0.7610973918045736,0.5231422820183095,0.5572712835658233,0.5162291125328189,0.05955429174972221,0.8575195294650968,__MISSING__,__MISSING__,__MISSING__,0613_F4_L,True,9,31.0,glial_non_neuronal,oligodendrocyte_opc,True,False,False,False,False,1,0.21859509940446298,0.0257026226165848,0.07703387360943645,0.02114900179396926,False,True,True,True,True,False
2946331700000017344,oligodendrocyte_progenitor_1,2,oligodendrocyte_progenitor_1,oligodendrocyte_progenitor_1,MV_in_Gabra1,0.5659290018556528,0.35826976325947735,1.3623183189379209,0.8592396363791378,0.7792193402071668,0.5732082433599861,0.18144457587788948,0.02778104651666033,2.442465871903932,__MISSING__,__MISSING__,__MISSING__,0415_F2_L,True,13,18.0,glial_non_neuronal,oligodendrocyte_opc,True,False,False,False,False,1,-0.5723074725621395,0.4999262313954542,0.5942407753278197,0.10441590590459403,False,True,True,True,True,False
2787889600276100013,meninges_1,2,meninges_2,meninges_1,oligodendrocyte_1,0.5943585054000459,0.44795989639977574,1.3495056906151326,0.4084226545792907,0.038523913772377905,1.250151712601772,0.3601096278835767,0.1691269634776819,1.705874870689635,__MISSING__,__MISSING__,__MISSING__,0503_M4_C,True,7,29.0,glial_non_neuronal,meningeal,False,False,False,False,True,1,1.1661427898071712,0.24848448022537042,0.27589667834782466,0.1572226781770347,False,False,True,False,True,False
2656144900369100130,DH_in_Cdh3,4,DH_in_Cdh3,DH_in_Cdh3,MV_in_Gabra1,0.9793494673132316,0.9586989404264634,0.10056030353737912,0.9990753176969246,0.9981506353938492,0.007384141013089505,0.6951090382461506,0.5999915819642778,1.2790170496473006,1,inhibitory,10,0328_M2_T,False,27,55.0,neuron,neuronal_or_other,True,False,False,False,False,1,-0.345503426770162,0.8353966226697696,0.8458933118937857,0.008105025347420785,False,True,True,True,True,False
2726544600107200114,oligodendrocyte_precursor_cell,0,microglia,microglia,microglia,0.8445303759586871,0.7911354532635101,0.6867371984324554,0.9716640184142475,0.9534709105301936,0.1605183351097738,0.48185094140914914,0.3786990890844071,2.0313748011412716,__MISSING__,__MISSING__,__MISSING__,0422_F1_C,True,11,16.0,glial_non_neuronal,oligodendrocyte_opc,True,True,True,True,False,3,-0.6283164495479927,0.29304915770960577,0.3001113883051861,0.0442120630972376,True,False,False,False,False,False
2726562800241100012,oligodendrocyte_progenitor_2,3,astrocyte_1,astrocyte_1,astrocyte_1,0.6359636589245619,0.32221485392912635,0.8887505599811178,0.593886972069111,0.20181018336504258,0.7526046216266489,0.3892604906553188,0.05489202828206674,1.6611210768388855,__MISSING__,__MISSING__,__MISSING__,0422_M2_L,True,7,13.0,glial_non_neuronal,oligodendrocyte_opc,True,True,True,True,False,3,0.7205466465586088,0.10437036645405477,0.13255112894754417,0.014697209969711425,True,False,False,False,False,False
2795103300110100181,MV_in_Sema5b,3,MV_in_Sema5b,MV_in_Sema5b,MV_in_Gm26673,0.9999999940999997,0.9999999939999997,1.4175252073536734e-07,1.0,1.0,-0.0,0.4924822155251596,0.27404311459707287,1.5078317340988134,4,inhibitory,15,0610_M4_C,False,10,20.0,neuron,neuronal_or_other,True,False,False,False,False,1,-1.4121775770283822,0.9113861978056408,0.911386258472047,2.950000006277528e-09,False,True,True,True,True,False
2707604800283100110,DH_in_Rorb,2,DH_in_Rorb,DH_in_Rorb,oligodendrocyte_precursor_cell,0.9999999940999997,0.9999999939999997,1.4175252073536737e-07,1.0,1.0,-0.0,0.19282498772315845,0.03102228408298549,2.826097974780489,1,inhibitory,7,0415_M1_T,False,9,11.0,neuron,neuronal_or_other,True,False,False,False,False,1,-2.149601429014503,0.9145001245868281,0.9145001992383605,2.950000006277528e-09,False,True,True,True,True,False
2787445900677100038,DH_in_Pdyn/Gal,4,DH_in_Pdyn/Gal,DH_in_Pdyn/Gal,DH_in_Pdyn,0.9999999940999997,0.9999999939999997,1.4175252073536737e-07,1.0,1.0,-0.0,0.4827859529957296,0.2721200527980116,1.7416575311034357,1,inhibitory,5,0503_F3_L,False,8,9.0,neuron,neuronal_or_other,True,False,False,False,False,1,-1.4180129271770556,0.5963685170973746,0.5963685806719082,2.950000006277528e-09,False,True,True,True,True,False
2796212800918100051,M_ex_Vsx2,4,M_ex_Vsx2,M_ex_Vsx2,MV_ex_Syt2,0.8879987073895698,0.7759974205791396,0.3506793005787834,0.99999988408453,0.99999976816906,1.967132419886001e-06,0.8973319882738641,0.8211384565935569,0.4302948879282604,3,excitatory,20,0613_F4_C,False,33,102.0,neuron,neuronal_or_other,True,False,False,False,False,1,0.6489765391620275,0.9450945572935697,0.9439411778893461,0.05839726892748748,False,True,True,True,True,False
2707737900086100089,astrocyte_1,2,astrocyte_1,astrocyte_1,alpha_motoneuron,0.5029257629492728,0.33378914460397935,1.5177924394618163,0.740937010347628,0.5802927836209166,0.8341440733619907,0.6322570758393434,0.502309535161432,1.310423773584078,__MISSING__,__MISSING__,__MISSING__,0415_F1_L,True,14,19.0,glial_non_neuronal,astrocyte,True,False,False,False,False,1,1.3062615182426636,0.6158251521102425,0.6187641147491646,0.10138348889444275,False,True,True,True,True,False
2787889600422100054,oligodendrocyte_progenitor_1,2,oligodendrocyte_precursor_cell,oligodendrocyte_precursor_cell,oligodendrocyte_precursor_cell,0.7614368650014719,0.6052359274819072,0.8342115094637786,0.9119375018552225,0.8239549379432637,0.29874118758660834,0.8161737812133295,0.6339181504783324,0.48987476579554917,__MISSING__,__MISSING__,__MISSING__,0503_M4_C,True,27,46.0,glial_non_neuronal,oligodendrocyte_opc,True,True,True,True,False,3,0.7360103875088756,0.03939911167260292,0.01465052961468052,0.052635820522849104,True,False,False,False,False,False
2796212800431100265,astrocyte_1,3,astrocyte_1,astrocyte_1,DH_ex_Cpne4,0.4037922259952605,0.095987309056418,1.4615627227547108,0.5562644934267517,0.3309635356671071,1.1052467681943132,0.3863065965043911,0.2847820896103214,2.48666603755682,__MISSING__,__MISSING__,__MISSING__,0613_F4_L,True,16,19.0,glial_non_neuronal,astrocyte,True,False,False,False,False,1,1.5668116185691536,0.6666216938630614,0.6614203999232703,0.042227505611192685,False,True,True,True,True,False
2656144900582100162,MV_in_Sema5b,4,MV_in_Sema5b,MV_in_Sema5b,astrocyte_1,0.9999999940999997,0.9999999939999997,1.4175252073536734e-07,1.0,1.0,-0.0,0.40182335576199774,0.2227841524077788,2.1140413084876504,4,inhibitory,15,0328_M2_L,False,16,25.0,neuron,neuronal_or_other,True,False,False,False,False,1,-1.5677180764435095,0.8919660549338173,0.8919661261804137,2.950000006277528e-09,False,True,True,True,True,False
2656144900447100099,DH_ex_Sox5,4,DH_ex_Sox5,DH_ex_Sox5,DH_ex_Reln/Nmur2,0.9968620360884484,0.993724077976897,0.021220933613074797,0.999988888280389,0.999977776560778,0.00013786871252046014,0.4831575441320781,0.4091897884316023,2.0977458731185004,1,excitatory,5,0328_M2_T,False,8,12.0,neuron,neuronal_or_other,True,False,False,False,False,1,-0.9908074756138769,0.8058393755873697,0.8057557134146556,0.001523040612037693,False,True,True,True,True,False
2796212800273100138,MV_in_Sema5b,1,MV_in_Sema5b,MV_in_Sema5b,oligodendrocyte_1,0.9999999940999997,0.9999999939999997,1.4175252073536734e-07,1.0,1.0,-0.0,0.39527154217597177,0.281265704912115,2.5749592308337292,4,inhibitory,15,0613_F5_L,False,5,5.0,neuron,neuronal_or_other,True,False,False,False,False,1,-1.3902613060644111,0.8607905117731488,0.8607905871293456,2.950000006277528e-09,False,True,True,True,True,False
2787445900859100074,MV_in_Gm26673,2,MV_in_Gm26673,MV_in_Gm26673,MV_in_Gabra1,0.894635179263245,0.7892703643264902,0.3367133942369615,0.9987913233821617,0.9975826467643234,0.009328112447899873,0.6835730896077563,0.6027561004485759,1.337198630302387,4,inhibitory,19,0503_F3_S,False,13,16.0,neuron,neuronal_or_other,True,False,False,False,False,1,-0.03264998715040518,0.8709632267656442,0.8689363037037273,0.05058198014336158,False,True,True,True,True,False
2795903600696100023,DH_in_Npy,3,DH_in_Npy,DH_in_Npy,MV_in_Gabra1,0.9735953888759337,0.9474614959096644,0.12363088313313715,0.9999691761345512,0.9999383522691023,0.00035099770261342607,0.7538361028055943,0.679316279707237,1.1639195270835792,1,inhibitory,4,0613_M4_C,False,30,52.0,neuron,neuronal_or_other,True,False,False,False,False,1,-0.0882293157984434,0.8859691136099362,0.9173098248731725,0.013172669771378456,False,True,True,True,True,False
2946331700000004413,DH_in_Npy2r,0,DH_in_Kcnip2,DH_in_Kcnip2,DH_in_Cdh3,0.6324957779461083,0.2649915616922169,0.6576141457456143,0.7986052136864487,0.5972104273728973,0.5023299390340095,0.7017149653280637,0.6095525109154407,1.2152716907680918,1,inhibitory,9,0415_F2_C,False,20,31.0,neuron,neuronal_or_other,True,False,False,False,False,1,1.721274380586972,0.7730624307558577,0.7900408196024762,0.024720267850952486,True,False,False,False,False,False
2726543700098100127,MV_in_Gabra1,1,MV_in_Gabra1,MV_in_Gabra1,MV_in_Gm26673,0.9999999940999997,0.9999999939999997,1.4175252073536734e-07,1.0,1.0,-0.0,0.3145502762485192,0.13051451697202074,2.056767821527608,4,inhibitory,16,0422_M3_C,False,10,19.0,neuron,neuronal_or_other,True,False,False,False,False,1,-1.8477016064168694,0.6590008118254548,0.6590008776887345,2.950000006277528e-09,False,True,True,True,True,False
2707604700338100110,astrocyte_1,1,astrocyte_1,astrocyte_1,oligodendrocyte_2,0.8045823723354658,0.6725262782443375,0.7454502696616021,0.8638003131487301,0.7822320656686281,0.5104469375788196,0.4467599296924774,0.02627377090224353,1.1102769140164745,__MISSING__,__MISSING__,__MISSING__,0415_M2_C,True,14,25.0,glial_non_neuronal,astrocyte,True,False,False,False,False,1,-1.1454917579548918,0.47012123627346664,0.47664580103316545,0.029782547406004757,False,True,True,True,True,False
2795584800102100067,oligodendrocyte_2,2,oligodendrocyte_progenitor_2,oligodendrocyte_progenitor_2,oligodendrocyte_progenitor_2,0.596436431957757,0.30172620986554827,1.045551430434128,0.6683668642966794,0.3582870735345527,0.7327634628488283,0.5602268178666036,0.19183554869423824,1.0125355582629063,__MISSING__,__MISSING__,__MISSING__,0610_F3_S,True,8,15.0,glial_non_neuronal,oligodendrocyte_opc,True,True,True,True,False,3,0.8621967053538092,0.020274745038271372,0.020367896820462982,0.03411510464335418,True,False,False,False,False,False
2787445900330200031,DH_ex_Grpr,3,DH_ex_Grpr,DH_ex_Grpr,endothelial,0.7577917002652249,0.5155834063304503,0.5536121811354199,0.7303878335125292,0.46077566702505846,0.582872710476566,0.8834370445958577,0.8626527996818417,0.7199341321965053,1,excitatory,2,0503_F4_C,False,17,21.0,neuron,neuronal_or_other,True,False,False,False,False,1,2.311429514877373,0.9869213628535837,0.986751774246534,0.0007114723094219117,False,True,True,True,True,False
2946331700000004525,DH_in_Cdh3,0,DH_in_Cdh3,DH_in_Cdh3,DM_ex_Zfhx3,0.9361705625477111,0.8723411308954226,0.23737698236370017,0.9989140124039365,0.997828024807873,0.008497551348215325,0.1792493708256721,0.057521539639039665,2.911100244343649,1,inhibitory,10,0415_F2_C,False,13,17.0,neuron,neuronal_or_other,True,False,False,False,False,1,-1.8363262286119952,0.6999098423601384,0.7193531476643907,0.029210343758088904,False,True,True,True,True,False
2795103300108100038,endothelial,2,astrocyte_1,astrocyte_1,astrocyte_1,0.7644936617192294,0.651201232532702,0.8654244634050232,0.9637800667330879,0.9348860826366859,0.18562048491984687,0.48012747756052915,0.1516761516101861,1.3217043669991293,__MISSING__,__MISSING__,__MISSING__,0610_M4_C,True,9,10.0,glial_non_neuronal,vascular,True,True,True,True,False,3,-1.029777136028521,0.17919109557186236,0.2671885663096329,0.07569206615963012,True,False,False,False,False,False
2787445900395100073,beta_motoneuron,2,alpha_motoneuron,alpha_motoneuron,alpha_motoneuron,0.8248176175892417,0.6780513517116368,0.5416701192745793,0.9608942582204147,0.9243160488218601,0.17445866756136788,0.6260276421543303,0.42605965929889267,1.3084231471455348,__MISSING__,__MISSING__,22,0503_F4_C,False,13,17.0,glial_non_neuronal,neuronal_or_other,True,True,True,True,False,3,-0.22427813357854598,0.09109967390621647,0.15313002327983138,0.03848399885154262,True,False,False,False,False,False
2796212800454200071,oligodendrocyte_1,2,oligodendrocyte_1,oligodendrocyte_progenitor_2,oligodendrocyte_progenitor_2,0.5647145288290746,0.17966919767745948,0.924466215171651,0.6363279335016794,0.2764249226658345,0.6801562273957564,0.5343388768797579,0.11736546293774563,0.9577988222656761,__MISSING__,__MISSING__,__MISSING__,0613_F3_L,True,6,15.0,glial_non_neuronal,oligodendrocyte_opc,False,False,True,False,False,2,1.0172290818973273,0.027964378127804574,0.022282631436147848,0.05742992754898404,False,False,True,True,False,False
2707604000124100196,oligodendrocyte_1,0,astrocyte_1,astrocyte_1,astrocyte_1,0.8582701149343167,0.8121098077617613,0.6853648533357041,0.9055176387925685,0.8452369109358637,0.39775576597788076,0.5237463960832759,0.2973040428993793,1.5373979596375489,__MISSING__,__MISSING__,__MISSING__,0415_M3_T,True,15,20.0,glial_non_neuronal,oligodendrocyte_opc,True,True,True,True,False,3,-0.698031602975265,0.15938331574862902,0.1680242455774601,0.030574716678665466,True,False,False,False,False,False
2707604800362100014,endothelial,1,endothelial,endothelial,MV_in_Gabra1,0.6004914355659551,0.2500594884346155,0.9010334767986254,0.7291741635544359,0.47351817110123673,0.651086477635858,0.36654920074268266,0.16181385880847904,2.0150477591733322,__MISSING__,__MISSING__,__MISSING__,0415_M1_C,True,13,16.0,glial_non_neuronal,vascular,True,False,False,False,False,1,0.6348907225521576,0.4252081390037256,0.4451973497856384,0.025954868552238008,False,True,True,True,True,False
2795584800137100097,MV_in_Esrrb,2,MV_in_Esrrb,MV_in_Esrrb,MV_ex_Shox2,0.9999999940999997,0.9999999939999997,1.4175252073536734e-07,1.0,1.0,-0.0,0.7591247327078808,0.6331887553869193,0.9141808671523287,4,inhibitory,14,0610_F3_S,False,17,38.0,neuron,neuronal_or_other,True,False,False,False,False,1,-0.3223839108022274,0.8202243735914793,0.8202244347216995,2.950000006277528e-09,False,True,True,True,True,False
2795584800451100007,microglia,2,oligodendrocyte_2,oligodendrocyte_2,oligodendrocyte_2,0.5498119320138776,0.37864657250558276,1.3545459926700256,0.5478731552649813,0.19490749998717838,1.0047942438702087,0.5927848301388273,0.3582113300417511,1.2828762542610666,__MISSING__,__MISSING__,__MISSING__,0610_F4_T,True,10,15.0,glial_non_neuronal,microglia,True,True,True,True,False,3,1.5536080781803396,0.045411457493582774,0.14749328084598104,0.08113653838397988,True,False,False,False,False,False
2707604800162100101,oligodendrocyte_progenitor_2,0,oligodendrocyte_2,oligodendrocyte_2,oligodendrocyte_2,0.7924242952129971,0.6150916922641317,0.6614453607051263,0.702581804219404,0.4068473464511844,0.6200752888204287,0.7437809788956983,0.5085364624393512,0.6800883367297734,__MISSING__,__MISSING__,__MISSING__,0415_M1_L,True,12,20.0,glial_non_neuronal,oligodendrocyte_opc,True,True,True,True,False,3,1.1657780817116854,0.01231001848179105,0.01055353552024431,0.025790877209884152,True,False,False,False,False,False
2656144900615100280,microglia,1,microglia,microglia,endothelial,0.6511080767001037,0.38950914971843154,0.9911449935477266,0.8941733961166397,0.7902465732756413,0.3493378050728627,0.47651484421177326,0.23958160270845177,1.6661269160073102,__MISSING__,__MISSING__,__MISSING__,0328_M1_L,True,9,10.0,glial_non_neuronal,microglia,True,False,False,False,False,1,-0.007434990154801285,0.16149463875816492,0.3770596569694562,0.07803031663738391,False,True,True,True,True,False
2795903600211100265,M_ex_Vsx2/Shox2,3,M_ex_Vsx2/Shox2,M_ex_Vsx2/Shox2,MV_ex_Shox2,0.9688713893381136,0.9377427844762272,0.1386438245701445,0.9999977375084577,0.9999954750169153,3.167271586363585e-05,0.5007357257878307,0.036407442814264945,0.9109504308402852,3,excitatory,20,0613_M4_S,False,15,21.0,neuron,neuronal_or_other,True,False,False,False,False,1,-2.02178913592086,0.33941971746118754,0.34016607913834324,0.015725741343728315,False,True,True,True,True,False
2796212800759100078,DH_in_Pdyn,0,DH_in_Pdyn,DH_in_Pdyn,DH_in_Pdyn/Gal,0.9999999940999997,0.9999999939999997,1.4175252073536737e-07,1.0,1.0,-0.0,0.6383417348785867,0.2947601356095831,0.7629896984464966,1,inhibitory,2,0613_F4_C,False,29,80.0,neuron,neuronal_or_other,True,False,False,False,False,1,-1.349313725380747,0.44898375506322974,0.4489838076045333,2.950000006277528e-09,False,True,True,True,True,False
2946331700000013478,DH_in_Pdyn/Gal,3,DH_in_Pdyn/Gal,DH_in_Pdyn/Gal,DH_ex_Reln/Npff,0.9999918185904986,0.9999842620580442,0.00010682796506368971,1.0,1.0,-0.0,0.32432146192868655,0.21806423674201642,2.4022864216606323,1,inhibitory,5,0415_F2_S,False,29,56.0,neuron,neuronal_or_other,True,False,False,False,False,1,-1.5820120508093631,0.8540733365826657,0.8541069530279827,4.09071682150441e-06,False,True,True,True,True,False
2656144900615100019,MV_in_Gabra1,4,MV_in_Gabra1,MV_in_Gabra1,MV_in_Gm26673,0.9999999940999997,0.9999999939999997,1.4175252073536734e-07,1.0,1.0,-0.0,0.7557668894888754,0.6443611483652788,0.8842668779666661,4,inhibitory,16,0328_M1_L,False,39,69.0,neuron,neuronal_or_other,True,False,False,False,False,1,-0.28848233516948774,0.7389577229000944,0.7389577759486226,2.950000006277528e-09,False,True,True,True,True,False
2796212801042100136,oligodendrocyte_progenitor_2,2,oligodendrocyte_progenitor_2,oligodendrocyte_1,oligodendrocyte_1,0.5126965160719611,0.07965503327725759,0.9117004303332333,0.558993593440402,0.1268043052769135,0.7304774856171291,0.5378032063824781,0.10888800934199411,0.8671721353473008,__MISSING__,__MISSING__,__MISSING__,0613_F3_C,True,7,16.0,glial_non_neuronal,oligodendrocyte_opc,False,False,True,False,False,2,1.4675318401459239,0.016020790718884386,0.007833462200456137,0.02267324157269036,False,False,True,True,False,False
2945606900000028641,MV_in_Sema5b,1,MV_in_Sema5b,MV_in_Sema5b,MV_in_Chrna2,0.9999999940999997,0.9999999939999997,1.4175252073536734e-07,1.0,1.0,-0.0,0.7684687740757538,0.64482963855151,1.0101201779423299,4,inhibitory,15,0328_F1_S,False,15,17.0,neuron,neuronal_or_other,True,False,False,False,False,1,-0.2870607457649191,0.7190788067557207,0.7190788749803035,2.950000006277528e-09,False,True,True,True,True,False
2707604700107100149,MV_in_Sema5b,0,MV_in_Sema5b,MV_in_Sema5b,endothelial,0.998051362628207,0.9965237248748784,0.015125345319594224,1.0,1.0,-0.0,0.3941176213031609,0.2691043929466592,2.0997285320279215,4,inhibitory,15,0415_M2_L,False,21,34.0,neuron,neuronal_or_other,True,False,False,False,False,1,-1.420939904861027,0.7092511193042444,0.7168962206884917,0.0009750041268089824,False,True,True,True,True,False
2787445900210100014,astrocyte_2,1,oligodendrocyte_2,oligodendrocyte_2,oligodendrocyte_2,0.7538945079557897,0.5997423995996083,0.8594326191516419,0.8874809694552652,0.7779285673284068,0.3664021351390444,0.8657378368600102,0.7446231919986162,0.45121307647883235,__MISSING__,__MISSING__,__MISSING__,0503_F5_C,True,20,53.0,glial_non_neuronal,astrocyte,True,True,True,True,False,3,1.1731225810879045,0.030556915033371403,0.0031201672797850815,0.04586770017427999,True,False,False,False,False,False
2795903600346100134,MV_in_Chrna2,4,MV_in_Chrna2,MV_in_Chrna2,astrocyte_1,0.7176918726158243,0.43538375103164884,0.5951201963113483,0.8270218170085485,0.654043634017097,0.4605772156902386,0.26345938812844516,0.1351338742912439,2.5320367442407425,4,inhibitory,19,0613_M4_L,False,8,8.0,neuron,neuronal_or_other,True,False,False,False,False,1,-0.13616910245630848,0.6596801076186133,0.6713653552978753,0.012355500989857734,False,True,True,True,True,False
2795903600668100212,MV_in_Gabra1,3,MV_in_Gabra1,MV_in_Gabra1,MV_ex_Syt2,0.9999999940999997,0.9999999939999997,1.4175252073536734e-07,1.0,1.0,-0.0,0.7148117230599424,0.6134287507740774,1.043044031217947,4,inhibitory,16,0613_M4_C,False,32,79.0,neuron,neuronal_or_other,True,False,False,False,False,1,-0.38234378620073034,0.9069609254888282,0.9069609821015762,2.950000006277528e-09,False,True,True,True,True,False
2726544600410100062,DH_in_Klhl14,1,DH_in_Cdh3,DH_in_Cdh3,DH_in_Cdh3,0.9511962537694771,0.9023925133389546,0.1949778903577827,0.9980708132206658,0.9961416264413318,0.013986009012327796,0.29921812518023627,0.15498729013170828,2.6535422012176046,1,inhibitory,10,0422_F1_S,False,6,8.0,neuron,neuronal_or_other,True,True,True,True,False,3,-1.5910310916061376,0.45437465135370314,0.48867273743443546,0.01985839616129891,True,False,False,False,False,False
2787445900089100059,DH_ex_Maf/Slc17a8,2,DH_ex_Maf/Slc17a8,DH_ex_Maf/Slc17a8,DH_ex_Maf/Cpne4,0.6713752646914936,0.40061450817208766,0.8154220759130846,0.9569545919068686,0.9266918024494926,0.20503093917114432,0.29335833880816975,0.00207508156111319,1.4183677282913922,1,excitatory,10,0503_F5_T,False,45,145.0,neuron,neuronal_or_other,True,False,False,False,False,1,-1.0188241793173471,0.24239605146829415,0.40346485139680066,0.12909675716856622,False,True,True,True,True,False
2707604000124100020,astrocyte_1,1,oligodendrocyte_progenitor_1,oligodendrocyte_progenitor_1,oligodendrocyte_progenitor_1,0.46030374826640746,0.09664999964889337,1.143155336755382,0.8042958298848228,0.6244003415539534,0.5639059497835907,0.3857299612539076,0.13023061372519767,1.6043443217025763,__MISSING__,__MISSING__,__MISSING__,0415_M3_T,True,21,27.0,glial_non_neuronal,astrocyte,True,True,True,True,False,3,0.5142421210664281,0.07920836408508257,0.21154599802242505,0.1154646135393211,True,False,False,False,False,False
2787445900770100037,astrocyte_1,4,astrocyte_2,astrocyte_2,astrocyte_2,0.802977992566158,0.7096131406880845,0.7658217522047565,0.9979145687800541,0.9967312188341939,0.018038024596203215,0.39516017029701744,0.00924055902129245,1.5331168147598175,__MISSING__,__MISSING__,__MISSING__,0503_M5_C,True,8,9.0,glial_non_neuronal,astrocyte,True,True,True,True,False,3,-1.6893123947404478,0.16904032220167545,0.39101620323383995,0.09955701515187172,True,False,False,False,False,False
2787889600396100087,MV_in_Sema5b,2,MV_in_Sema5b,MV_in_Sema5b,pericyte,0.9999999940999997,0.9999999939999997,1.4175252073536734e-07,1.0,1.0,-0.0,0.8888212040703433,0.8687109162573896,0.6483783314079353,4,inhibitory,15,0503_M5_S,False,9,10.0,neuron,neuronal_or_other,True,False,False,False,False,1,0.392285933465008,0.9489359971075473,0.9489360636527538,2.950000006277528e-09,False,True,True,True,True,False
2796212800110100094,DH_in_Npy2r,4,DH_in_Npy2r,DH_in_Npy2r,DH_in_Cdh3,0.953047420955254,0.9060948477105083,0.189442723204305,0.9137551616324958,0.8275103232649916,0.29376255959394315,0.43417234545483924,0.26276832240160836,2.147678936369222,1,inhibitory,9,0613_F5_S,False,17,23.0,neuron,neuronal_or_other,True,False,False,False,False,1,-0.9359100613212769,0.8422124628090562,0.8063841878663666,0.00454170086208396,False,True,True,True,True,False
2656144900315100160,DH_ex_Nmu/Tac2,4,DH_ex_Nmu/Tac2,DH_ex_Nmu/Tac2,DH_ex_Reln/Nmur2,0.8301488482762014,0.7473847574820134,0.6026592759588036,0.9981192035710246,0.9966539366993987,0.014964263144261709,0.48512516072567935,0.29652999651704076,1.7368456770904268,1,excitatory,8,0328_M2_C,False,25,29.0,neuron,neuronal_or_other,True,False,False,False,False,1,-0.8850308617908647,0.5514338539833044,0.618722012895043,0.08435197003800286,False,True,True,True,True,False
2787889600378100136,DM_ex_Zfhx3,2,DM_ex_Zfhx3,DM_ex_Zfhx3,oligodendrocyte_progenitor_2,0.9999999940999997,0.9999999939999997,1.4175252073536737e-07,1.0,1.0,-0.0,0.7550879451586667,0.674632255796977,1.1754208258902166,2,excitatory,11,0503_M4_T,False,27,81.0,neuron,neuronal_or_other,True,False,False,False,False,1,-0.1966275069272041,0.793434110092247,0.7934341776510889,2.950000006277528e-09,False,True,True,True,True,False
2945606900000016668,DH_in_Npy,4,DH_in_Npy,DH_in_Npy,DH_in_Cdh3,0.9991895972804392,0.9983792003608787,0.006578602061505628,0.9999860774970428,0.9999721549940856,0.00016960389131431608,0.2428138593534854,0.10571508922826456,2.627991811490091,1,inhibitory,4,0328_F1_T,False,11,14.0,neuron,neuronal_or_other,True,False,False,False,False,1,-1.9199960735062758,0.6942596313179412,0.697996850446,0.0003613335398158344,False,True,True,True,True,False
2796212800849100208,DH_in_Klhl14,2,DH_in_Cdh3,DH_in_Cdh3,DH_ex_Prkcg/Rxfp1,0.9919386262775176,0.9838772583550356,0.04689013751550817,0.9993062480647473,0.9986124961294947,0.005739443856271355,0.41408426408638566,0.13713417131614203,1.8503985834398629,1,inhibitory,10,0613_F3_C,False,28,46.0,neuron,neuronal_or_other,True,False,False,False,False,1,-1.795995548081566,0.9716794620079512,0.9731843290865059,0.0026385856127468144,True,False,False,False,False,False
2796212800330100077,oligodendrocyte_2,4,oligodendrocyte_progenitor_2,oligodendrocyte_progenitor_2,oligodendrocyte_progenitor_2,0.9158963557387296,0.8867793328442818,0.43423408825389487,0.9893103044715978,0.9822755610912326,0.0675682746834982,0.8984123568245945,0.8416607263502767,0.4546757376134472,__MISSING__,__MISSING__,__MISSING__,0613_F4_L,True,8,14.0,glial_non_neuronal,oligodendrocyte_opc,True,True,True,True,False,3,0.5480892713117651,0.010366333424503311,0.03303717672361854,0.028047162601849997,True,False,False,False,False,False
2707604700249100076,MV_in_Sema5b,1,MV_in_Sema5b,MV_in_Sema5b,DH_ex_Nmu/Tac2,0.9999999940999997,0.9999999939999997,1.4175252073536734e-07,1.0,1.0,-0.0,0.46508682071979185,0.3526788895573164,2.0914239166618813,4,inhibitory,15,0415_M2_T,False,7,8.0,neuron,neuronal_or_other,True,False,False,False,False,1,-1.1735647142855932,0.7372977405185743,0.7372978132046528,2.950000006277528e-09,False,True,True,True,True,False
2945606900000016917,oligodendrocyte_1,3,oligodendrocyte_progenitor_2,oligodendrocyte_progenitor_2,oligodendrocyte_progenitor_2,0.8532474505934217,0.7726623180722937,0.5825975961753191,0.9480899718703472,0.8965000990155818,0.2067146946460942,0.6580701520682267,0.32806198271034903,0.7252000115429476,__MISSING__,__MISSING__,__MISSING__,0328_F1_T,True,11,29.0,glial_non_neuronal,oligodendrocyte_opc,True,True,True,True,False,3,-0.6358212706699191,0.09517251162821076,0.10590584043859605,0.03670024647178912,True,False,False,False,False,False
2795103300446100249,DH_in_Cdh3,4,DH_in_Cdh3,DH_in_Cdh3,MV_in_Gabra1,0.9258750933923138,0.8517501925846278,0.2641805464371411,0.9979134711217302,0.9958269422434605,0.014962935560928075,0.5750870685188484,0.3224156538118749,1.30521885180129,1,inhibitory,10,0610_M5_L,False,12,18.0,neuron,neuronal_or_other,True,False,False,False,False,1,-0.9916931161461918,0.5237240988042502,0.5411018250046015,0.03217915586348132,False,True,True,True,True,False
2787445900053200095,astrocyte_1,1,oligodendrocyte_progenitor_2,oligodendrocyte_progenitor_2,oligodendrocyte_progenitor_2,0.9312928644016599,0.8871714055614779,0.335022924691552,0.9598560795345372,0.9222936953172258,0.17957729561309152,0.6940992043432959,0.42814949575809685,0.8614708470174246,__MISSING__,__MISSING__,__MISSING__,0503_F5_T,True,37,162.0,glial_non_neuronal,astrocyte,True,True,True,True,False,3,-0.5883220646600796,0.09713460812764292,0.10349918297683784,0.009143535352864048,True,False,False,False,False,False
2787445900716100170,MV_in_Gabra1,1,MV_in_Gabra1,MV_in_Gabra1,DH_in_Rorb,0.9999999940999997,0.9999999939999997,1.4175252073536734e-07,1.0,1.0,-0.0,0.24845984999806273,0.05954622184643141,2.3560224180785894,4,inhibitory,16,0503_F3_L,False,15,16.0,neuron,neuronal_or_other,True,False,False,False,False,1,-2.063048222794128,0.866277768788661,0.8662778396110932,2.950000006277528e-09,False,True,True,True,True,False
2795903600268100291,oligodendrocyte_progenitor_2,3,oligodendrocyte_progenitor_1,oligodendrocyte_progenitor_1,oligodendrocyte_progenitor_1,0.44682474090149554,0.14752402841522627,1.437925989184949,0.8718848836596846,0.8033400114414153,0.5226286622498971,0.5479144848697601,0.222760871757759,1.2570237068000107,__MISSING__,__MISSING__,__MISSING__,0613_M4_L,True,31,82.0,glial_non_neuronal,oligodendrocyte_opc,True,True,True,True,False,3,0.34877578611203675,0.07570051480544647,0.13970427451974626,0.16305317900374583,True,False,False,False,False,False
2787889600406100092,DH_in_Npy2r,3,DH_in_Npy2r,DH_in_Npy2r,DH_in_Pdyn,0.9938246016386598,0.9876492090773199,0.037571775747441756,0.9996290461481669,0.9992580922963339,0.003301210098410934,0.35084781860359177,0.20770949715572418,2.1962619203350466,1,inhibitory,9,0503_M4_L,False,17,22.0,neuron,neuronal_or_other,True,False,False,False,False,1,-1.589875868116335,0.843109293939344,0.8466099282525541,0.0022512840482537357,False,True,True,True,True,False
2787445900545200035,astrocyte_2,0,meninges_1,meninges_1,oligodendrocyte_progenitor_2,0.5466636591102781,0.2767532678297445,1.2156214330889878,0.7802790848254133,0.6058344884594413,0.6810907909315973,0.9084922693893714,0.8803901242566089,0.4979044824450827,__MISSING__,__MISSING__,__MISSING__,0503_F3_C,True,9,42.0,glial_non_neuronal,astrocyte,True,False,False,False,False,1,2.5049310346943714,0.4161614651263831,0.8303525385982609,0.13151796055235154,True,False,False,False,False,False
2656144900397100106,endothelial,0,astrocyte_1,astrocyte_1,astrocyte_2,0.6815107290614182,0.5334578062397738,1.0935004100217722,0.9413420559024972,0.9101848227189839,0.2901216182380169,0.47207914904171183,0.18372853567037734,1.3168023094826946,__MISSING__,__MISSING__,__MISSING__,0328_M2_T,True,11,17.0,glial_non_neuronal,vascular,True,False,False,False,False,1,-0.6726876969276652,0.300114416952081,0.43057608849355095,0.10936522320296123,True,False,False,False,False,False
2726543700099100133,oligodendrocyte_progenitor_2,1,oligodendrocyte_1,oligodendrocyte_1,oligodendrocyte_1,0.4817914685785514,0.27344980194567564,1.3532226232616331,0.8221511626612116,0.6792361083987342,0.6014250266539899,0.3096045084262375,0.15508382557348374,2.365771452546055,__MISSING__,__MISSING__,__MISSING__,0422_M3_C,True,6,11.0,glial_non_neuronal,oligodendrocyte_opc,True,True,True,True,False,3,0.16428469779465693,0.23551940805976712,0.35403883205030323,0.1349854047946883,True,False,False,False,False,False
2707737900101100037,astrocyte_1,2,oligodendrocyte_1,oligodendrocyte_1,endothelial,0.30716816902572125,0.0765803290386361,1.6569691976572483,0.5255851762490152,0.29732961550525033,1.212886697723547,0.19266248190390242,0.07134743098564121,2.501989050607994,__MISSING__,__MISSING__,__MISSING__,0415_F1_L,True,14,23.0,glial_non_neuronal,astrocyte,True,False,False,False,False,1,1.0206659685937316,0.5769706371525267,0.5685346931178052,0.10890441314887814,True,False,False,False,False,False
2787445900137100055,astrocyte_2,1,meninges_1,meninges_1,oligodendrocyte_1,0.5032762342522109,0.25741350021034815,1.4314081410411097,0.8107510093268663,0.7200758897016876,0.6954844934426716,0.3881671202880719,0.1931102252481033,1.700823240651515,__MISSING__,__MISSING__,__MISSING__,0503_F5_C,True,6,16.0,glial_non_neuronal,astrocyte,True,False,False,False,False,1,0.2273244305397108,0.12889798894867488,0.35813620018544173,0.09831076647518562,True,False,False,False,False,False
2726544600056100123,oligodendrocyte_1,2,oligodendrocyte_precursor_cell,oligodendrocyte_precursor_cell,endothelial,0.7617965303612502,0.6839755776034098,0.9475919770493773,0.894027837846849,0.8245303968123381,0.43678865029367553,0.19311439965750835,0.06786493504124846,2.574304864107439,__MISSING__,__MISSING__,__MISSING__,0422_F1_C,True,5,5.0,glial_non_neuronal,oligodendrocyte_opc,True,False,False,False,False,1,-1.1237390058225665,0.47668304711545645,0.5656723865190997,0.04567361749579849,True,False,False,False,False,False
2787889600163100092,pericyte,1,endothelial,endothelial,endothelial,0.9638073577673262,0.9439838625051662,0.1979423484146585,0.9992832602520094,0.9985985666886296,0.006088386554960277,0.9637319358441125,0.936508306980161,0.1945300022910194,__MISSING__,__MISSING__,__MISSING__,0503_M5_C,True,5,9.0,glial_non_neuronal,vascular,True,True,True,True,False,3,0.7010810970374446,0.01199079452427935,0.016263230579877608,0.016915402963619815,True,False,False,False,False,False
2795903600670100187,oligodendrocyte_progenitor_2,3,oligodendrocyte_1,oligodendrocyte_1,oligodendrocyte_1,0.4354133764515615,0.025899781053702275,1.258548165596893,0.4436734018512106,0.044207737108619694,1.0943358743152847,0.511416979251156,0.316563142446156,1.6969120798248274,__MISSING__,__MISSING__,__MISSING__,0613_M4_C,True,12,16.0,glial_non_neuronal,oligodendrocyte_opc,True,True,True,True,False,3,2.357880560916913,0.1523422005564145,0.15940672967565359,0.05457994074208021,True,False,False,False,False,False
2787445900585100050,oligodendrocyte_1,2,oligodendrocyte_progenitor_2,oligodendrocyte_progenitor_2,oligodendrocyte_progenitor_2,0.5915122684218478,0.3059847532581428,1.072866396331057,0.8179002945490503,0.6743146454373425,0.5721176238339376,0.6190776766418327,0.38996441148138783,1.143248443715602,__MISSING__,__MISSING__,__MISSING__,0503_F3_C,True,20,64.0,glial_non_neuronal,oligodendrocyte_opc,True,True,True,True,False,3,0.8285266874356292,0.02762719713894202,0.05082010667318606,0.05438956437262284,True,False,False,False,False,False
2787889600056100182,oligodendrocyte_progenitor_2,3,oligodendrocyte_progenitor_2,oligodendrocyte_progenitor_2,DH_ex_Sox5/Tac1,0.8887538645870013,0.8398516834763206,0.5322408986995738,0.9977616791807857,0.9962524074360072,0.018001329971885548,0.6573304914524725,0.5231172185635646,1.3604346171193593,__MISSING__,__MISSING__,__MISSING__,0503_M5_C,True,20,53.0,glial_non_neuronal,oligodendrocyte_opc,True,False,False,False,False,1,-0.362224991248848,0.6720866285469738,0.6981924795956119,0.05187386323973995,False,True,True,True,True,False
2796212800487200120,oligodendrocyte_1,3,oligodendrocyte_progenitor_2,oligodendrocyte_1,oligodendrocyte_progenitor_2,0.5280228580468276,0.0647208481059609,0.7484696033707484,0.5343014336365588,0.06898703963503094,0.6944373061205658,0.525155207978283,0.07149467600087606,0.8412025029473825,__MISSING__,__MISSING__,__MISSING__,0613_F3_L,True,7,15.0,glial_non_neuronal,oligodendrocyte_opc,False,True,False,False,False,2,1.495558058693801,0.007415772311854896,0.013394510996974683,0.006778055809890931,False,False,True,False,True,False
2795584800639100111,oligodendrocyte_1,3,oligodendrocyte_progenitor_2,oligodendrocyte_progenitor_2,oligodendrocyte_progenitor_2,0.6189152593400952,0.2661977056507909,0.8056515155580963,0.600469550871592,0.2015460050644477,0.678352247911388,0.7214370125299799,0.4835888235369673,0.7561609007210199,__MISSING__,__MISSING__,__MISSING__,0610_F5_L,True,8,15.0,glial_non_neuronal,oligodendrocyte_opc,True,True,True,True,False,3,2.1222017128300283,0.0185670664741846,0.037994610805994374,0.014160601910023066,True,False,False,False,False,False
2707604800362100074,astrocyte_1,1,astrocyte_1,astrocyte_1,oligodendrocyte_1,0.4350724217979728,0.25003460581185655,1.8050987527508995,0.7152873598763294,0.5347345785885323,0.9268995146673569,0.32205450382770373,0.13079804000748363,2.1660855002301904,__MISSING__,__MISSING__,__MISSING__,0415_M1_C,True,8,11.0,glial_non_neuronal,astrocyte,True,False,False,False,False,1,0.4193188288919316,0.14571807143086074,0.32587162872711756,0.16626113537458684,False,True,True,True,True,False
2787889600360100223,endothelial,4,endothelial,endothelial,astrocyte_2,0.8515236385058498,0.7758414267697219,0.6413602585097866,0.9922037422125556,0.9855519538370536,0.050230882187746115,0.47159968513322803,0.07624577532608107,1.1727263379764399,__MISSING__,__MISSING__,__MISSING__,0503_M5_S,True,11,12.0,glial_non_neuronal,vascular,True,False,False,False,False,1,-1.5823750427066472,0.20109286617374625,0.38079680118743653,0.06470435856633101,False,True,True,True,True,False
2796212801050100054,DM_ex_Zfhx3,3,DM_ex_Zfhx3,DM_ex_Zfhx3,DH_ex_Tac2,0.9999999940999997,0.9999999939999997,1.4175252073536737e-07,1.0,1.0,-0.0,0.21410877831956698,0.0957652057491187,2.792183196999839,2,excitatory,11,0613_F4_C,False,12,14.0,neuron,neuronal_or_other,True,False,False,False,False,1,-1.9531451228498014,0.8951276954210247,0.8951277681171642,2.950000006277528e-09,False,True,True,True,True,False
2796212800387100075,MV_in_Gm26673,1,MV_in_Gm26673,MV_in_Gm26673,oligodendrocyte_progenitor_2,0.9922141771870436,0.9844283601740873,0.04555922501972821,0.9999806250467802,0.9999612500935604,0.00022962263995815138,0.4209485574241233,0.2337029272861639,1.9762792034818288,4,inhibitory,19,0613_F3_S,False,10,13.0,neuron,neuronal_or_other,True,False,False,False,False,1,-1.5066304060942066,0.9458466240199582,0.9481589295162169,0.0038157239552043002,False,True,True,True,True,False
2796212800297100043,DH_in_Cdh3,4,DH_in_Cdh3,DH_in_Cdh3,MV_in_Gabra1,0.9332437790759979,0.8687491038994567,0.2555615296345616,0.9994584587629262,0.9989169175258522,0.0046143756860970485,0.7849709515203882,0.6877418641973054,0.9063614055025623,1,inhibitory,10,0613_F4_S,False,25,75.0,neuron,neuronal_or_other,True,False,False,False,False,1,0.08028784890962781,0.7178483405983755,0.7611116085838836,0.032207739129809156,False,True,True,True,True,False
2795903600455100139,DH_ex_Prkcg/Cck,4,DH_ex_Prkcg/Nts,DH_ex_Prkcg/Cck,DH_ex_Grp,0.6081565297114848,0.3232812257756097,0.9267676423407027,0.5689630065929221,0.2952175716861711,1.0094584958162625,0.15299521224617763,0.0024397204421804375,2.484882057651194,1,excitatory,8,0613_M4_T,False,19,38.0,neuron,neuronal_or_other,False,False,False,False,True,1,0.3740815968128318,0.6121474781325755,0.608099922181074,0.0851416654881838,False,False,True,False,True,False
2787445900050100090,oligodendrocyte_progenitor_2,3,oligodendrocyte_progenitor_2,oligodendrocyte_progenitor_2,oligodendrocyte_2,0.9141865127761629,0.8590203157513415,0.3968488626680425,0.9992724402976865,0.9986413387676687,0.006452606321797875,0.56904203096952,0.1458439560617984,0.7323768034661498,__MISSING__,__MISSING__,__MISSING__,0503_F5_T,True,30,90.0,glial_non_neuronal,oligodendrocyte_opc,True,False,False,False,False,1,-1.546085424539116,0.25516396570693856,0.3715771626159113,0.04174886493012194,False,True,True,True,True,False
2707604800364100115,DH_in_Npy,2,DH_in_Npy,DH_in_Npy,MV_in_Chrna2,0.9777300318655364,0.955460069531073,0.10674670327623807,0.9991039653757886,0.9982079307515772,0.007183584268094949,0.5657432899005685,0.381797292427982,1.6734892254502522,1,inhibitory,4,0415_M1_C,False,15,22.0,neuron,neuronal_or_other,True,False,False,False,False,1,-1.0019084635021231,0.9759445093309501,0.9929428055081764,0.00893043023293744,False,True,True,True,True,False
2656144900446100022,DH_in_Npy,1,DH_in_Npy,DH_in_Npy,astrocyte_1,0.9597014241075412,0.9194028540150826,0.1688920006983921,0.999987609167869,0.9999752183357381,0.00015238923762163852,0.19183376741146854,0.036859753824436126,2.839758617860474,1,inhibitory,4,0328_M2_T,False,12,14.0,neuron,neuronal_or_other,True,False,False,False,False,1,-1.9875414350765594,0.7913316111696668,0.8441492334855378,0.02037298459000144,False,True,True,True,True,False
2656144300102100167,DH_in_Pdyn,4,DH_in_Pdyn,DH_in_Pdyn,DH_ex_Prkcg/Cck,0.9999999940999997,0.9999999939999997,1.4175252073536737e-07,1.0,1.0,-0.0,0.3479657416671069,0.1794374882916782,2.1602103190826525,1,inhibitory,2,0328_F2_T,False,17,20.0,neuron,neuronal_or_other,True,False,False,False,False,1,-1.6992494515755296,0.8949770797638918,0.8949771472890569,2.950000006277528e-09,False,True,True,True,True,False
2796212800586100041,DH_in_Rorb,0,DH_in_Rorb,DH_in_Rorb,DH_in_Pdyn,0.9999999940999997,0.9999999939999997,1.4175252073536737e-07,1.0,1.0,-0.0,0.3836589258603172,0.2705955925976181,2.1652254777471227,1,inhibitory,7,0613_F3_L,False,8,9.0,neuron,neuronal_or_other,True,False,False,False,False,1,-1.422638758266496,0.7362153189802481,0.7362153847180729,2.950000006277528e-09,False,True,True,True,True,False
2787445900658100034,oligodendrocyte_1,1,oligodendrocyte_progenitor_2,oligodendrocyte_progenitor_2,oligodendrocyte_progenitor_2,0.807830457747463,0.670839216384614,0.6925811644665706,0.931155074522659,0.8672563177587218,0.27133591984900995,0.48572894153378027,0.08401382019155751,1.1433131836681012,__MISSING__,__MISSING__,__MISSING__,0503_F3_C,True,18,46.0,glial_non_neuronal,oligodendrocyte_opc,True,True,True,True,False,3,-1.1360200539127094,0.09506036456184573,0.19495831734538863,0.03323993217541976,True,False,False,False,False,False
2795584800472100167,meninges_3,1,meninges_3,meninges_3,meninges_1,0.7026698605930858,0.573448707928035,0.9574109950662626,0.9212489198608438,0.8469793883626987,0.29897391263614537,0.43217035150138333,0.10604826182334198,1.2278056071668555,__MISSING__,__MISSING__,__MISSING__,0610_F4_C,True,3,25.0,glial_non_neuronal,meningeal,True,False,False,False,False,1,-0.8545494601146186,0.12326241374545334,0.31638245435131734,0.09049367401917856,False,True,True,True,True,False
2726544200026100065,oligodendrocyte_progenitor_2,0,astrocyte_1,astrocyte_1,astrocyte_1,0.6118069931669831,0.28792878675901734,0.9348998145253975,0.8548336004900886,0.7130563537802254,0.4333061691323105,0.3640262026417807,0.20946770706580206,2.356146564148475,__MISSING__,__MISSING__,__MISSING__,0422_M1_C,True,8,9.0,glial_non_neuronal,oligodendrocyte_opc,True,True,True,True,False,3,0.23625877243894672,0.23827205881155647,0.30584329573320324,0.06552916381092157,True,False,False,False,False,False
2795584800624100037,endothelial,0,astrocyte_1,endothelial,astrocyte_1,0.46963485270848526,0.05205590572442709,1.1306785658036025,0.6117641872000822,0.2603893008557987,0.8289520750065704,0.5243273007462363,0.22685255205938043,1.40548693261835,__MISSING__,__MISSING__,__MISSING__,0610_F5_C,True,6,8.0,glial_non_neuronal,vascular,False,True,False,False,False,2,1.6097579287728627,0.057463810719415954,0.11050150510919035,0.043713828235532236,False,False,True,False,True,False
2656144900183100082,DH_in_Klhl14,3,DH_in_Cdh3,DH_in_Cdh3,DH_in_Cdh3,0.9875773389135479,0.9751546836270962,0.06685882313547319,0.9929488099130896,0.9858976198261793,0.041961808196592516,0.40346551137636716,0.18206943464999348,1.78948134602205,1,inhibitory,10,0328_M2_C,False,18,32.0,neuron,neuronal_or_other,True,True,True,True,False,3,-1.6187908167742115,0.3673261172391818,0.3755345608903192,0.0005466261499459592,True,False,False,False,False,False
2796212801042100021,oligodendrocyte_progenitor_2,2,oligodendrocyte_progenitor_2,oligodendrocyte_progenitor_2,MV_in_Gabra1,0.9516953213874354,0.9315343249175837,0.2825669217638777,0.9924559768297019,0.985299300138789,0.046430365226350245,0.3140630654462857,0.13950665253358008,2.0518773925773344,__MISSING__,__MISSING__,__MISSING__,0613_F3_C,True,39,137.0,glial_non_neuronal,oligodendrocyte_opc,True,False,False,False,False,1,-1.6686600744646,0.7420270319050286,0.7503042139788588,0.015635143939804124,False,True,True,True,True,False
2726543700228100181,DH_ex_Nmu/Tac2,0,DH_ex_Nmu/Tac2,DH_ex_Nmu/Tac2,DM_ex_Zfhx3,0.9680697987403432,0.9386823946082598,0.1519885335164351,0.9976041831076671,0.9956856269338312,0.018344285063972458,0.4212051991255628,0.18540186449743287,1.6467031408434898,1,excitatory,8,0422_M3_C,False,15,36.0,neuron,neuronal_or_other,True,False,False,False,False,1,-1.5628076604322714,0.5935161806426025,0.6055275189627373,0.014268086501324793,False,True,True,True,True,False
2796212800595100100,DM_ex_Zfhx3,4,DM_ex_Zfhx3,DM_ex_Zfhx3,astrocyte_1,0.9999999940999997,0.9999999939999997,1.4175252073536737e-07,1.0,1.0,-0.0,0.4766429432564672,0.3937780211335677,2.125444606198652,2,excitatory,11,0613_F4_T,False,15,22.0,neuron,neuronal_or_other,True,False,False,False,False,1,-1.0488532652458913,0.9679987777415657,0.9679988499318596,2.950000006277528e-09,False,True,True,True,True,False
2656143800129100064,oligodendrocyte_1,0,oligodendrocyte_progenitor_2,oligodendrocyte_progenitor_2,oligodendrocyte_progenitor_2,0.7569766767219968,0.5406263337109971,0.6791281823779252,0.9669500546147693,0.9340089192041816,0.14615152989641586,0.6146738304866727,0.25746913767846147,0.8475834327618584,__MISSING__,__MISSING__,__MISSING__,0328_M3_C,True,15,44.0,glial_non_neuronal,oligodendrocyte_opc,True,True,True,True,False,3,-0.5090488751560164,0.035879430238906655,0.15582044385700722,0.07675481383631186,True,False,False,False,False,False
2787445900324100115,MV_ex_Syt2,3,MV_ex_Syt2,MV_ex_Syt2,MV_in_Gm26673,0.9999999940999997,0.9999999939999997,1.4175252073536734e-07,1.0,1.0,-0.0,0.641637249239481,0.4562902099235455,1.041615973580075,4,excitatory,14,0503_F4_C,False,20,77.0,neuron,neuronal_or_other,True,False,False,False,False,1,-0.8591659081741818,0.6292573932168523,0.6292574447729862,2.950000006277528e-09,False,True,True,True,True,False
2656144900510100004,oligodendrocyte_progenitor_1,4,oligodendrocyte_precursor_cell,oligodendrocyte_precursor_cell,oligodendrocyte_precursor_cell,0.864378900570847,0.8209611820923587,0.6404119420974944,0.9944135775059288,0.9892424036574474,0.03655785330216101,0.8223017974041819,0.6510442979159576,0.5100627241533061,__MISSING__,__MISSING__,__MISSING__,0328_M1_L,True,12,14.0,glial_non_neuronal,oligodendrocyte_opc,True,True,True,True,False,3,0.07369181845499295,0.06691401938528214,0.07984735939338079,0.0603323387660097,True,False,False,False,False,False
2945606900000003671,oligodendrocyte_progenitor_1,1,oligodendrocyte_precursor_cell,oligodendrocyte_precursor_cell,oligodendrocyte_precursor_cell,0.9569334973663456,0.9328313341198781,0.23276424637189208,0.9975953891177355,0.9957683477882134,0.018851771353730118,0.8797975150234209,0.7930954438658028,0.48481537062137664,__MISSING__,__MISSING__,__MISSING__,0328_F1_C,True,10,15.0,glial_non_neuronal,oligodendrocyte_opc,True,True,True,True,False,3,0.2914926435156715,0.019494994692792696,0.05572741602586041,0.01668544129556455,True,False,False,False,False,False
2707604700343100079,DH_ex_Maf/Slc17a8,4,DH_ex_Maf/Cck,DH_ex_Maf/Cck,DH_ex_Maf/Cck,0.8006496998816475,0.6163122742191481,0.5607692530437418,0.995867635392471,0.9938680253966777,0.03029732378804625,0.6256585571309717,0.34331927340514157,1.0134014538522624,1,excitatory,10,0415_M2_C,False,27,48.0,neuron,neuronal_or_other,True,True,True,True,False,3,-0.5028573698626712,0.051563738955656274,0.2051719205274359,0.09823202113889018,True,False,False,False,False,False
2946331700000002954,MV_ex_Syt2,1,MV_ex_Syt2,MV_ex_Syt2,MV_in_Gm26673,0.9999998115048548,0.999999684664694,3.3334130874025573e-06,1.0,1.0,-0.0,0.5790481299029855,0.21085530420714477,0.8904234026924503,4,excitatory,14,0415_F2_C,False,30,59.0,neuron,neuronal_or_other,True,False,False,False,False,1,-1.6039144904768423,0.4252323130109117,0.42523381474865346,9.424757905358854e-08,False,True,True,True,True,False
2945606900000014812,oligodendrocyte_progenitor_2,4,oligodendrocyte_1,oligodendrocyte_1,oligodendrocyte_1,0.7588277228916445,0.5482787639463677,0.6912127690209187,0.9164542144550336,0.8331184270741283,0.2890551098617329,0.643757925319363,0.33097271882682777,0.8835128309460595,__MISSING__,__MISSING__,__MISSING__,0328_F1_T,True,6,11.0,glial_non_neuronal,oligodendrocyte_opc,True,True,True,True,False,3,-0.09946306699497243,0.021860382811716695,0.08930169915887817,0.040551100262724904,True,False,False,False,False,False
2946331700000017402,oligodendrocyte_1,3,astrocyte_1,astrocyte_1,astrocyte_1,0.840255258056857,0.7438640464985748,0.6149843574793908,0.9926988642984128,0.9875504063016713,0.049624687010775624,0.5421003783095641,0.41353464387081484,1.6850836991440774,__MISSING__,__MISSING__,__MISSING__,0415_F2_L,True,22,39.0,glial_non_neuronal,oligodendrocyte_opc,True,True,True,True,False,3,-0.5056193219363361,0.1358616902070469,0.25854544221545894,0.07111735111900436,True,False,False,False,False,False
2707604700132100321,astrocyte_2,4,astrocyte_1,astrocyte_1,astrocyte_1,0.5695818039895025,0.4221916302019552,1.4089269598398568,0.6165244931409561,0.3981316329631447,1.1587631533516491,0.16372756653271425,0.03428039258530402,2.993134918191113,__MISSING__,__MISSING__,__MISSING__,0415_M2_L,True,7,8.0,glial_non_neuronal,astrocyte,True,True,True,True,False,3,0.08935126625579703,0.45818527454357155,0.47415922958135837,0.046347260651516946,True,False,False,False,False,False
2946331700000001926,oligodendrocyte_progenitor_2,1,astrocyte_1,astrocyte_1,astrocyte_1,0.8359089518551178,0.7565924451223566,0.6824004979067606,0.9799796509644222,0.9688687612828051,0.1201829430433253,0.8105104812705274,0.7545318881775419,0.8944962100614343,__MISSING__,__MISSING__,__MISSING__,0415_F2_C,True,6,9.0,glial_non_neuronal,oligodendrocyte_opc,True,True,True,True,False,3,0.5433955664630953,0.041829486361830856,0.06974855971304851,0.05469352364886133,True,False,False,False,False,False
2656144900641100169,DH_ex_Prkcg/Nts,3,DH_ex_Tac2,DH_ex_Tac2,astrocyte_1,0.6676745407086723,0.42950764680147674,0.8587990939650832,0.7964613505057438,0.60262695761139,0.5469885327866616,0.18096952587558626,0.07042641036780214,2.951269990814078,1,excitatory,8,0328_M1_L,False,9,11.0,neuron,neuronal_or_other,True,False,False,False,False,1,-0.21994607208959938,0.7796310603222746,0.8091203060434211,0.03441172296358488,True,False,False,False,False,False
2787889600197100027,oligodendrocyte_progenitor_2,3,astrocyte_2,astrocyte_2,astrocyte_2,0.748711872244777,0.5410190371521776,0.7388701464551154,0.9821112143470174,0.9642810889479703,0.0901697979786339,0.6421060971109351,0.3146505883975069,0.799188779030005,__MISSING__,__MISSING__,__MISSING__,0503_M5_T,True,9,21.0,glial_non_neuronal,oligodendrocyte_opc,True,True,True,True,False,3,-0.39632419129733354,0.020324534280865857,0.1628503282751308,0.10069694789324289,True,False,False,False,False,False
2787889600326100171,astrocyte_1,0,endothelial,endothelial,endothelial,0.6547780775013291,0.46299267598035354,1.0688713842171216,0.9189096231833566,0.840652782603856,0.2965921882536184,0.5881497997668444,0.31357667242889314,1.0417552723402417,__MISSING__,__MISSING__,__MISSING__,0503_M5_S,True,13,16.0,glial_non_neuronal,astrocyte,True,True,True,True,False,3,-0.014511425106645673,0.19216072760395173,0.17408239820702542,0.10557289654837264,True,False,False,False,False,False
2795584800237100094,DM_ex_Zfhx3,3,DM_ex_Zfhx3,DM_ex_Zfhx3,DH_ex_Cpne4,0.9999999940999997,0.9999999939999997,1.4175252073536737e-07,1.0,1.0,-0.0,0.5997308229584184,0.4568584661885746,1.575979327661639,2,excitatory,11,0610_F3_L,False,10,14.0,neuron,neuronal_or_other,True,False,False,False,False,1,-0.8574415879873627,0.9724496120467345,0.9724496795641913,2.950000006277528e-09,False,True,True,True,True,False
2946331700000021324,MV_in_Esrrb,1,MV_in_Esrrb,MV_in_Esrrb,astrocyte_1,0.9999999940999997,0.9999999939999997,1.4175252073536734e-07,1.0,1.0,-0.0,0.5374780849050815,0.4756653523928136,2.0449657739948224,4,inhibitory,14,0415_F2_L,False,10,11.0,neuron,neuronal_or_other,True,False,False,False,False,1,-0.8003738607507438,0.9795766757802072,0.9795767491228149,2.950000006277528e-09,False,True,True,True,True,False
2795584800512100034,oligodendrocyte_progenitor_2,0,oligodendrocyte_2,oligodendrocyte_2,oligodendrocyte_2,0.8308685635963088,0.7380644834579598,0.7067164952074168,0.958910748574226,0.9225753671777601,0.19112596389572295,0.8701576764460383,0.7594746672099262,0.4709614512654777,__MISSING__,__MISSING__,__MISSING__,0610_F4_C,True,14,16.0,glial_non_neuronal,oligodendrocyte_opc,True,True,True,True,False,3,0.6834483822889713,0.02338860080957553,0.01970274703132669,0.04189716382515457,True,False,False,False,False,False
2796212800461100233,beta_motoneuron,4,alpha_motoneuron,beta_motoneuron,oligodendrocyte_progenitor_2,0.4407026616343839,0.027444996592567772,1.007256764754609,0.5184864179050601,0.04712824462680354,0.7417000768415487,0.6540249818098021,0.5820077535298294,1.4822021489603647,__MISSING__,__MISSING__,22,0613_F4_L,False,10,15.0,glial_non_neuronal,neuronal_or_other,False,False,False,False,True,1,3.1547841793414255,0.8801147045054967,0.8792168331799289,0.055661106355588026,False,False,True,False,True,False
2796212800746100242,DM_ex_Zfhx3,1,DM_ex_Zfhx3,DM_ex_Zfhx3,M_ex_Vsx2,0.9999999940999997,0.9999999939999997,1.4175252073536737e-07,1.0,1.0,-0.0,0.40392595659605174,0.21074102050908497,2.0167898517255987,2,excitatory,11,0613_F3_T,False,14,25.0,neuron,neuronal_or_other,True,False,False,False,False,1,-1.604261827429485,0.7945189937659648,0.794519063112156,2.950000006277528e-09,False,True,True,True,True,False
2787445900328100174,oligodendrocyte_progenitor_2,0,oligodendrocyte_2,oligodendrocyte_2,oligodendrocyte_2,0.73005904619375,0.5358314582884661,0.8748814162334853,0.9394947878646139,0.8790723259998557,0.2291557633165891,0.6778306361053006,0.3723114912597584,0.7203049898860402,__MISSING__,__MISSING__,__MISSING__,0503_F4_C,True,14,22.0,glial_non_neuronal,oligodendrocyte_opc,True,True,True,True,False,3,-0.042948292066283214,0.027058513436093664,0.08806092857084494,0.07366075073551219,True,False,False,False,False,False
2656143800052200067,DH_in_Cdh3,4,DH_in_Cdh3,DH_in_Cdh3,oligodendrocyte_1,0.99479080183583,0.9895816094716603,0.03258218586549837,0.9998460046486608,0.9996920092973216,0.001505845258653566,0.2729963561880882,0.01995724540260352,2.3474552030662266,1,inhibitory,10,0328_M3_C,False,17,22.0,neuron,neuronal_or_other,True,False,False,False,False,1,-2.1639133356816744,0.7959534134147709,0.8001880288887808,0.002182351539086731,False,True,True,True,True,False
2946331700000014829,oligodendrocyte_progenitor_2,0,oligodendrocyte_precursor_cell,oligodendrocyte_precursor_cell,oligodendrocyte_1,0.7932203220587053,0.7354730966513793,0.8821967121653941,0.9042927666593636,0.8510105419340264,0.42711547490683843,0.2567469143842948,0.1513255244468244,2.778217985041197,__MISSING__,__MISSING__,__MISSING__,0415_F2_S,True,3,5.0,glial_non_neuronal,oligodendrocyte_opc,True,False,False,False,False,1,-1.0152421674152894,0.5009202991198539,0.5875752258330401,0.03388538591003887,True,False,False,False,False,False
2787445900717100055,astrocyte_1,0,astrocyte_1,astrocyte_1,astrocyte_2,0.9142938790328057,0.8331589210809415,0.3158298582856518,0.9959764809269619,0.9931813462760323,0.029400560240536465,0.5290486675052252,0.12643587710872878,1.0181147074370616,__MISSING__,__MISSING__,__MISSING__,0503_F3_L,True,7,10.0,glial_non_neuronal,astrocyte,True,False,False,False,False,1,-1.5478393661033494,0.23125780843038202,0.3852038324816322,0.042021005888738396,False,True,True,True,True,False
2787445900210100079,oligodendrocyte_1,3,oligodendrocyte_1,oligodendrocyte_1,oligodendrocyte_progenitor_2,0.4834717651148747,0.0026310878470490184,0.8641244671551926,0.6365896894389974,0.2739752087428842,0.6619146474994255,0.5207930093124122,0.05515103084787992,0.7825253727391858,__MISSING__,__MISSING__,__MISSING__,0503_F5_C,True,7,16.0,glial_non_neuronal,oligodendrocyte_opc,True,False,False,False,False,1,1.1502686144285017,0.010183047362124905,0.02503595687812983,0.02934277671409669,False,True,True,True,True,False
2787445900325100219,oligodendrocyte_precursor_cell,2,astrocyte_1,astrocyte_1,astrocyte_1,0.958454856405539,0.9423558893389109,0.2494613353509441,0.9993876280134013,0.99891101034565,0.005707688184775592,0.7680261049431956,0.6801551743448937,1.028623357352569,__MISSING__,__MISSING__,__MISSING__,0503_F4_C,True,18,27.0,glial_non_neuronal,oligodendrocyte_opc,True,True,True,True,False,3,-0.07450385634736478,0.1034380945327476,0.12480532678835538,0.01929485864559302,True,False,False,False,False,False
2795584800450100058,endothelial,0,endothelial,endothelial,astrocyte_1,0.5395872184522092,0.13243294780599857,0.9201931628967045,0.7733241155133934,0.5499015638471985,0.5569092016839419,0.5976914224016139,0.30069858108573366,1.2206601941932036,__MISSING__,__MISSING__,__MISSING__,0610_F4_T,True,11,19.0,glial_non_neuronal,vascular,True,False,False,False,False,1,1.1153115307626753,0.07839407493226432,0.19001541464266833,0.05621518736392014,False,True,True,True,True,False
2795903600516100119,MV_ex_Syt2,2,MV_ex_Syt2,MV_ex_Syt2,oligodendrocyte_progenitor_2,0.9999999940999997,0.9999999939999997,1.4175252073536734e-07,1.0,1.0,-0.0,0.4596791825474499,0.34796451661958283,1.8767632318916947,4,excitatory,14,0613_M5_C,False,18,42.0,neuron,neuronal_or_other,True,False,False,False,False,1,-1.1878700355376375,0.7671677296796549,0.7671677962891881,2.950000006277528e-09,False,True,True,True,True,False
2795584800139100144,microglia,4,oligodendrocyte_1,oligodendrocyte_1,oligodendrocyte_1,0.5687672958956097,0.3189323257144131,1.1379598425728175,0.7339096556776135,0.600516845249019,0.8075333434379983,0.3332013009070277,0.014694527475289265,1.4338206751508698,__MISSING__,__MISSING__,__MISSING__,0610_F3_S,True,6,7.0,glial_non_neuronal,microglia,True,True,True,True,False,3,-0.18690192965413355,0.058261604579368444,0.13190884387744015,0.03833964137074527,True,False,False,False,False,False
2787445900622100118,MV_ex_Syt2,2,MV_ex_Syt2,MV_ex_Syt2,MV_in_Gm26673,0.9999999940999997,0.9999999939999997,1.4175252073536734e-07,1.0,1.0,-0.0,0.5624185620033598,0.43150353333985314,1.3906003384198204,4,excitatory,14,0503_F3_C,False,31,118.0,neuron,neuronal_or_other,True,False,False,False,False,1,-0.9343787468662998,0.7082263679345037,0.7082264253454984,2.950000006277528e-09,False,True,True,True,True,False
2707604700201100067,alpha_motoneuron,3,alpha_motoneuron,alpha_motoneuron,endothelial,0.988094665155029,0.9770555726445744,0.06768805439750053,0.9994138378406834,0.9988472186563415,0.005033837546192654,0.5586148985224312,0.34812320596261326,1.4572603482521582,__MISSING__,__MISSING__,22,0415_M2_T,False,11,11.0,glial_non_neuronal,neuronal_or_other,True,False,False,False,False,1,-1.1440217988927444,0.5897739035996346,0.5953168239617596,0.004568523529968012,False,True,True,True,True,False
2946331700000004296,DH_in_Npy2r,1,DH_in_Npy2r,DH_in_Npy2r,DH_ex_Prkcg/Cck,0.9344470991372595,0.8688942040745193,0.24198083845214882,0.999578563358576,0.999157126717152,0.0036966864390679186,0.5864810512482198,0.41874864945326506,1.4536712805164145,1,inhibitory,9,0415_F2_C,False,19,26.0,neuron,neuronal_or_other,True,False,False,False,False,1,-0.7366833063972004,0.9180065419300488,0.9279616035831166,0.03193916349553245,False,True,True,True,True,False
2656144900542100245,DH_ex_Gpr83,2,DH_ex_Gpr83,DH_ex_Gpr83,oligodendrocyte_progenitor_2,0.6274643783551738,0.25492876251034785,0.6602915366707863,0.8575014225131775,0.715002845026355,0.409473330033703,0.7846107240663935,0.6174072397040744,0.7178165599476825,1,excitatory,2,0328_M1_S,False,11,17.0,neuron,neuronal_or_other,True,False,False,False,False,1,1.5293313168706675,0.9966953995419239,0.9967021878934089,0.05130434444970909,False,True,True,True,True,False
2796212800659100083,astrocyte_2,3,astrocyte_2,astrocyte_2,astrocyte_1,0.7916307908200673,0.713789045009079,0.7777750951182902,0.9997142854431453,0.9996070791884122,0.003011022187416671,0.5613652808888699,0.2605338484277784,1.2252744375246996,__MISSING__,__MISSING__,__MISSING__,0613_F4_T,True,7,9.0,glial_non_neuronal,astrocyte,True,False,False,False,False,1,-0.9399708843816406,0.2860619190772337,0.49091694647386835,0.11162691299075496,False,True,True,True,True,False
2796212800783100090,meninges_2,1,meninges_2,meninges_1,meninges_3,0.4067866128463455,0.07370594093441923,1.1387974414427156,0.7408914559615978,0.57691470785732,0.753021737272174,0.40290087384510603,0.06639876191930894,1.107467476701524,__MISSING__,__MISSING__,__MISSING__,0613_F3_C,True,2,33.0,glial_non_neuronal,meningeal,False,False,False,False,True,1,0.4558775213224613,0.0066466753049148454,0.17892727137755082,0.19177876124839077,False,False,True,True,False,False
2787445900391100109,peripheral_glia,4,peripheral_glia,peripheral_glia,Schwann_cell,0.6222211546609234,0.3496131245144111,1.1198082731236023,0.946796728268364,0.8936838149658424,0.20866430862190818,0.7130478327998944,0.4265420813746646,0.6035328320205853,__MISSING__,__MISSING__,__MISSING__,0503_F4_T,True,8,20.0,glial_non_neuronal,remaining_glial_non_neuronal,True,False,False,False,False,1,0.42600562953628296,0.1706324355612631,0.3784407707873147,0.1349293747935733,False,True,True,True,True,False
2787445900170100231,MV_in_Esrrb,2,MV_in_Esrrb,MV_in_Esrrb,MV_in_Gabra1,0.9999999940999997,0.9999999939999997,1.4175252073536734e-07,1.0,1.0,-0.0,0.8143673020454529,0.6962518497134347,0.7613456406951603,4,inhibitory,14,0503_F5_C,False,28,62.0,neuron,neuronal_or_other,True,False,False,False,False,1,-0.1310248826973206,0.7279529922536703,0.7279530511241331,2.950000006277528e-09,False,True,True,True,True,False
2656144900617100113,MV_in_Gm26673,1,MV_in_Gm26673,MV_in_Gm26673,MV_ex_Syt2,0.9978894987664868,0.9957956734413534,0.015208718197227323,0.9999942117550444,0.9999884235100889,7.559261839978824e-05,0.5967179961095492,0.23257427572599665,0.872338031162852,4,inhibitory,19,0328_M1_L,False,26,49.0,neuron,neuronal_or_other,True,False,False,False,False,1,-1.5304606615804643,0.42827061960742335,0.4290562986759885,0.0010301667764853405,False,True,True,True,True,False
2795584800202100134,MV_in_Esrrb,4,MV_in_Esrrb,MV_in_Esrrb,MV_in_Gm26673,0.9999999940999997,0.9999999939999997,1.4175252073536734e-07,1.0,1.0,-0.0,0.6548413267534963,0.41415498583535226,0.9531094164044678,4,inhibitory,14,0610_F3_L,False,27,72.0,neuron,neuronal_or_other,True,False,False,False,False,1,-0.9870212824879188,0.8116152907561187,0.8116153403781468,2.950000006277528e-09,False,True,True,True,True,False
2945606900000001942,pericyte,2,astrocyte_1,astrocyte_1,astrocyte_1,0.7521922277594463,0.6025316249409245,0.921475467784353,0.7531756579341856,0.5261623712239913,0.6473935953979986,0.5568669475726162,0.2961244756822555,1.5380062940153518,__MISSING__,__MISSING__,__MISSING__,0328_F1_C,True,7,8.0,glial_non_neuronal,vascular,True,True,True,True,False,3,0.3069053271159468,0.0646374224066845,0.08153415398342856,0.0346491782953472,True,False,False,False,False,False
2945606900000008074,meninges_1,1,microglia,meninges_1,microglia,0.3091590425700921,0.0045227000591635536,1.7554848274428114,0.8373041048600257,0.7330237684905165,0.6378491178657236,0.926891284761555,0.8998402499702551,0.38672235997210347,__MISSING__,__MISSING__,__MISSING__,0328_F1_C,True,6,26.0,glial_non_neuronal,meningeal,False,True,False,False,False,2,2.798895868884861,0.33088996680383415,0.6265317525295646,0.23811735560790342,False,False,True,False,True,False
2707737900063100045,DH_ex_Prkcg/Cck,2,DH_ex_Prkcg/Nts,DH_ex_Prkcg/Nts,DH_ex_Prkcg/Nts,0.5147975266148094,0.12283561661399339,0.9541290844782224,0.7418621338677271,0.6084300569846202,0.7686608443030393,0.2736380248608476,0.014559785141997406,1.9745332079781255,1,excitatory,8,0415_F1_L,False,19,41.0,neuron,neuronal_or_other,True,True,True,True,False,3,0.14806599986338076,0.21063834968924017,0.2746791412889708,0.07336127030238707,True,False,False,False,False,False
2787889600351100169,pericyte,1,endothelial,endothelial,endothelial,0.5887736825414842,0.4015488874211449,1.2088882508053123,0.7847423330419316,0.5982019988702512,0.6243760460802263,0.418598113399591,0.13127178644859366,1.5155150599776785,__MISSING__,__MISSING__,__MISSING__,0503_M4_C,True,10,12.0,glial_non_neuronal,vascular,True,True,True,True,False,3,0.02352224905087552,0.03530177264719385,0.14732493759093188,0.07417226923262925,True,False,False,False,False,False
2787889600481100084,MV_in_Gm26673,2,MV_in_Gm26673,MV_in_Gm26673,MV_ex_Syt2,0.9730625932508292,0.9461251923016585,0.12392964693398392,0.9999753739872274,0.9999507479744547,0.00028594974767865496,0.8775037632391135,0.7913914862375991,0.5051326501679958,4,inhibitory,19,0503_M4_L,False,36,72.0,neuron,neuronal_or_other,True,False,False,False,False,1,0.2542202127502023,0.7825450586301201,0.7828922577330273,0.01347134856809283,False,True,True,True,True,False
2796212800716100181,DH_ex_Prkcg/Nts,4,DH_ex_Prkcg/Cck,DH_ex_Prkcg/Cck,DH_ex_Prkcg/Cck,0.8327926086285127,0.6850769769736594,0.5164508092200535,0.9998736610514846,0.9997567248745676,0.0013003282468023343,0.4874633278908871,0.21227010440192245,1.4308867751114263,1,excitatory,8,0613_F3_T,False,11,27.0,neuron,neuronal_or_other,True,True,True,True,False,3,-1.0353148749450765,0.28571926312506635,0.3207160144961353,0.08842898410933005,True,False,False,False,False,False
2787445900550100185,DH_ex_Prkcg/Nts,3,DH_ex_Nmu/Tac2,DH_ex_Nmu/Tac2,DH_ex_Nmu/Tac2,0.9202008707731582,0.8797330744054197,0.3573722958105885,0.9996388391115733,0.9994720606380398,0.003574725163541532,0.5489467847637213,0.41951969849161574,1.74424584812107,1,excitatory,8,0503_F3_C,False,36,98.0,neuron,neuronal_or_other,True,True,True,True,False,3,-0.7543741430893243,0.2088578060863768,0.27197207210739516,0.03960171444566357,True,False,False,False,False,False
2656143800028200185,DH_ex_Sox5/Tac1,0,DH_ex_Sox5/Tac1,DH_ex_Sox5/Tac1,oligodendrocyte_progenitor_2,0.9609687681388952,0.9219375420777906,0.16485315506553777,0.9999312751040721,0.9998625502081442,0.0007274780856489283,0.4204528634167589,0.11375112236847762,1.6880187533183066,1,excitatory,5,0328_M3_C,False,15,52.0,neuron,neuronal_or_other,True,False,False,False,False,1,-1.7585361800870922,0.4882368102537114,0.4861704106522194,0.0194652007127001,False,True,True,True,True,False
2787445900298100030,MV_in_Sema5b,0,MV_in_Sema5b,MV_in_Sema5b,endothelial,0.9999999940999997,0.9999999939999997,1.4175252073536734e-07,1.0,1.0,-0.0,0.3545057940667131,0.19208376716807346,2.1217081972453653,4,inhibitory,15,0503_F5_S,False,5,5.0,neuron,neuronal_or_other,True,False,False,False,False,1,-1.6608755078169037,0.7380290199544914,0.7380290895725549,2.950000006277528e-09,False,True,True,True,True,False
2656144900086100088,MV_ex_Syt2,1,MV_ex_Syt2,MV_ex_Syt2,astrocyte_1,0.9999999940999997,0.9999999939999997,1.4175252073536734e-07,1.0,1.0,-0.0,0.4400190477701767,0.12204414297821653,1.8204988364193204,4,excitatory,14,0328_M1_C,False,16,20.0,neuron,neuronal_or_other,True,False,False,False,False,1,-1.873404159589208,0.9904655233376631,0.990465595682054,2.950000006277528e-09,False,True,True,True,True,False
2795903600463100205,pericyte,4,endothelial,endothelial,oligodendrocyte_precursor_cell,0.756935070617602,0.6561048453320653,0.9880400019974963,0.8876643228178569,0.7890212481355892,0.40752543027482396,0.35124021464716837,0.05433642328376276,1.8543846850113856,__MISSING__,__MISSING__,__MISSING__,0613_M5_C,True,8,14.0,glial_non_neuronal,vascular,True,False,False,False,False,1,-1.0444131891275423,0.21805259841631736,0.3106863525397731,0.07086315261211176,True,False,False,False,False,False
2796212800715100169,endothelial,3,microglia,microglia,oligodendrocyte_2,0.3819253799150711,0.014048978587435368,1.3975038506621684,0.6944798773568208,0.48591839747757903,0.8519477346510825,0.5710710930788441,0.3100092359879861,1.1781326161178867,__MISSING__,__MISSING__,__MISSING__,0613_F3_T,True,9,10.0,glial_non_neuronal,vascular,True,False,False,False,False,1,1.4825065591156088,0.16702523365720412,0.3210206647398369,0.08598586133452259,True,False,False,False,False,False
2796212800879100121,beta_motoneuron,1,beta_motoneuron,beta_motoneuron,oligodendrocyte_progenitor_2,0.7076310843474811,0.4496002970104178,0.710041039035557,0.6411153133238419,0.2909077080785783,0.6936439497690566,0.5450349654248314,0.32274107945443925,1.3624499895257096,__MISSING__,__MISSING__,22,0613_F3_C,False,11,14.0,glial_non_neuronal,neuronal_or_other,True,False,False,False,False,1,1.1284040499221342,0.432952145376036,0.4334314589929269,0.012148287805651671,False,True,True,True,True,False
2787889600617100185,oligodendrocyte_1,3,oligodendrocyte_progenitor_2,oligodendrocyte_progenitor_2,oligodendrocyte_progenitor_2,0.888408799150291,0.7799782580079415,0.3686762517340144,0.8717321805446681,0.7435504244279608,0.3840342019652008,0.5050845803584608,0.0574505729866045,0.9301862157407305,__MISSING__,__MISSING__,__MISSING__,0503_M4_S,True,7,22.0,glial_non_neuronal,oligodendrocyte_opc,True,True,True,True,False,3,-1.1664909306399949,0.1392631127268826,0.12666266722051306,0.0020599944020431474,True,False,False,False,False,False
2787445900262100065,DM_ex_Zfhx3,4,DM_ex_Zfhx3,DM_ex_Zfhx3,DH_ex_Reln/Npff,0.9999999940999997,0.9999999939999997,1.4175252073536737e-07,1.0,1.0,-0.0,0.6277269375061745,0.4111970843146512,1.21193887048518,2,excitatory,11,0503_F5_S,False,18,57.0,neuron,neuronal_or_other,True,False,False,False,False,1,-0.995996756436291,0.589019916446595,0.589019976929343,2.950000006277528e-09,False,True,True,True,True,False
2707604000054100131,oligodendrocyte_progenitor_1,1,oligodendrocyte_precursor_cell,oligodendrocyte_precursor_cell,oligodendrocyte_precursor_cell,0.820920709350374,0.7163427244074332,0.7299397496326878,0.9738766275106858,0.9478032263402447,0.12142294891185702,0.7521535820181715,0.5083969019346385,0.5910141764130102,__MISSING__,__MISSING__,__MISSING__,0415_M3_L,True,27,44.0,glial_non_neuronal,oligodendrocyte_opc,True,True,True,True,False,3,-0.08960586574647504,0.054893512481799175,0.08530855507170867,0.0599234308994471,True,False,False,False,False,False
2795584800589100125,oligodendrocyte_progenitor_2,0,astrocyte_1,astrocyte_1,astrocyte_1,0.8942924737692556,0.8505071942013702,0.5098581894516764,0.9945835584536661,0.9920329661868665,0.03969740570842355,0.7720612989528602,0.6665732325553808,0.8915102553577535,__MISSING__,__MISSING__,__MISSING__,0610_F5_C,True,9,13.0,glial_non_neuronal,oligodendrocyte_opc,True,True,True,True,False,3,0.062376349555549604,0.03751040560161268,0.10895030302920998,0.04297783014253766,True,False,False,False,False,False
2707604000110100203,oligodendrocyte_precursor_cell,3,endothelial,endothelial,endothelial,0.8702855419345471,0.8236729236771582,0.606608453691166,0.9988802179289098,0.9980690079050538,0.00991055803569314,0.9721412300899074,0.962894593797181,0.19571727355808533,__MISSING__,__MISSING__,__MISSING__,0415_M3_T,True,14,14.0,glial_non_neuronal,oligodendrocyte_opc,True,True,True,True,False,3,0.9975982502703715,0.059037471079261564,0.01227924831257609,0.06448130442762393,True,False,False,False,False,False
2795584800588100034,MV_in_Esrrb,4,MV_in_Esrrb,MV_in_Esrrb,alpha_motoneuron,0.9999999940999997,0.9999999939999997,1.4175252073536734e-07,1.0,1.0,-0.0,0.18901473868808205,0.027199954307430524,2.3190125019967596,4,inhibitory,14,0610_F5_C,False,12,21.0,neuron,neuronal_or_other,True,False,False,False,False,1,-2.1611999291952833,0.8705397523791857,0.8705398202468108,2.950000006277528e-09,False,True,True,True,True,False
2787889600277100054,meninges_2,3,meninges_1,meninges_1,meninges_1,0.656153098910948,0.5627722671271652,1.2682640636256268,0.6856024697938173,0.5449167334815899,1.0112220266472054,0.48131373141436773,0.2072404276090018,1.314638451418883,__MISSING__,__MISSING__,__MISSING__,0503_M4_C,True,9,28.0,glial_non_neuronal,meningeal,True,True,True,True,False,3,0.07115492439637883,0.09015104051468192,0.10096945194791346,0.06452093300810982,True,False,False,False,False,False
2787889600095100121,oligodendrocyte_progenitor_2,2,oligodendrocyte_2,oligodendrocyte_progenitor_2,oligodendrocyte_2,0.5529984526112651,0.14350669736597205,0.8752292996272791,0.7352568287878458,0.4887339402833125,0.6629625515769845,0.9130370096290407,0.8759936606574003,0.40875213314384246,__MISSING__,__MISSING__,__MISSING__,0503_M5_C,True,22,48.0,glial_non_neuronal,oligodendrocyte_opc,False,True,False,False,False,2,2.9625694184335343,0.1858300198367216,0.45087317865418713,0.08260782856915624,False,False,True,False,True,False
2787889600450100232,oligodendrocyte_progenitor_2,3,oligodendrocyte_progenitor_2,oligodendrocyte_progenitor_2,MV_ex_Shox2,0.5141127620397006,0.12970074562749356,1.1041241968959496,0.8411927913315718,0.7133982811860422,0.5237887100480959,0.22701501098946333,0.026359519024981737,2.1797163287217747,__MISSING__,__MISSING__,__MISSING__,0503_M4_T,True,34,88.0,glial_non_neuronal,oligodendrocyte_opc,True,False,False,False,False,1,-0.036759969755468413,0.4127433100713342,0.45756290979009223,0.10025919786183556,False,True,True,True,True,False
2787445900400100148,oligodendrocyte_1,1,endothelial,endothelial,endothelial,0.4531748595032476,0.29289050084225265,1.6766960247266212,0.460359167013755,0.02434178606103926,1.0554911550896238,0.4532079000069456,0.14575193440913392,1.5305744578248182,__MISSING__,__MISSING__,__MISSING__,0503_F4_C,True,10,12.0,glial_non_neuronal,oligodendrocyte_opc,True,True,True,True,False,3,1.4009914284571456,0.11310697661841669,0.05440666910704576,0.1851672371847434,True,False,False,False,False,False
2795103300400100174,DH_ex_Reln/Nmur2,1,DH_ex_Cpne4,DH_ex_Cpne4,DH_in_Cdh3,0.5380796466761656,0.0761592991523316,0.6902443863600262,0.7460045666846048,0.49200913336920954,0.5666821572459784,0.42997113002059173,0.30279079054809427,2.195711238465941,1,excitatory,3,0610_M5_T,False,13,14.0,neuron,neuronal_or_other,True,False,False,False,False,1,1.3373144485559703,0.9723080337419006,0.9720345411874277,0.034294273948655155,True,False,False,False,False,False
2707604700086100238,oligodendrocyte_precursor_cell,3,astrocyte_1,astrocyte_1,astrocyte_1,0.6428638112018857,0.41634846124209657,1.0441271506516094,0.900843197955997,0.8386699727048148,0.43229496083423985,0.6268808802498752,0.5366137396350293,1.4705670275517926,__MISSING__,__MISSING__,__MISSING__,0415_M2_L,True,14,25.0,glial_non_neuronal,oligodendrocyte_opc,True,True,True,True,False,3,0.7497187816873562,0.10833681242101148,0.14956282011311933,0.12230061333137164,True,False,False,False,False,False
2796212800494200034,oligodendrocyte_1,2,oligodendrocyte_progenitor_2,oligodendrocyte_progenitor_2,oligodendrocyte_progenitor_2,0.48339284962076473,0.17455492794823246,1.283191086605272,0.5398409991698491,0.2841420431483325,1.0878600512473953,0.47026870178013763,0.1537917406770084,1.3138314069215138,__MISSING__,__MISSING__,__MISSING__,0613_F4_L,True,7,13.0,glial_non_neuronal,oligodendrocyte_opc,True,True,True,True,False,3,1.1216006760760322,0.035374106805569974,0.08383848295650057,0.026858208360068327,True,False,False,False,False,False
2707604700091100092,DH_ex_Maf/Cck,2,DH_ex_Maf/Cck,DH_ex_Maf/Cck,MV_ex_Syt2,0.8865018387326721,0.7846285660004547,0.3982829384658072,0.9650392750911514,0.9453552576381733,0.18605623275871272,0.3231930710608196,0.04717577833890768,1.6438220038238678,1,excitatory,10,0415_M3_S,False,31,45.0,neuron,neuronal_or_other,True,False,False,False,False,1,-1.6065352244042013,0.3673525498647932,0.47154907404312063,0.03713289658230626,False,True,True,True,True,False
2707604800143100337,DH_ex_Reln,4,DH_ex_Reln,DH_ex_Reln,DH_ex_Nmu/Tac2,0.9617107046325082,0.9298043502803828,0.1797228178393718,0.9995468420781699,0.9992849239663696,0.00425061114773975,0.6080469905018447,0.47466235545959,1.5705325629113231,1,excitatory,6,0415_M1_L,False,17,23.0,neuron,neuronal_or_other,True,False,False,False,False,1,-0.676322907400096,0.6929923993268823,0.7026218881178617,0.01791353353644454,False,True,True,True,True,False
2787445900358100094,oligodendrocyte_progenitor_1,3,oligodendrocyte_progenitor_1,oligodendrocyte_progenitor_1,M_ex_Vsx2,0.4289628905083864,0.18404956433272823,1.652457413893975,0.7454602127302471,0.6292859925386474,0.8439077947693485,0.3013672999924456,0.06468081300745612,2.052653963343283,__MISSING__,__MISSING__,__MISSING__,0503_F4_C,True,27,44.0,glial_non_neuronal,oligodendrocyte_opc,True,False,False,False,False,1,0.1491640986678906,0.3541378866641581,0.36599501102743437,0.11636263467161,False,True,True,True,True,False
2796212800418100022,MV_in_Sema5b,1,MV_in_Sema5b,MV_in_Sema5b,DH_ex_Tac2,0.9999999940999997,0.9999999939999997,1.4175252073536734e-07,1.0,1.0,-0.0,0.24191274328841977,0.054788353146400265,2.3206472931787228,4,inhibitory,15,0613_F3_S,False,5,12.0,neuron,neuronal_or_other,True,False,False,False,False,1,-2.077485527845712,0.6953085279826364,0.6953085986832694,2.950000006277528e-09,False,True,True,True,True,False
2707604700133100099,astrocyte_2,0,oligodendrocyte_progenitor_2,oligodendrocyte_progenitor_2,oligodendrocyte_progenitor_2,0.6614500385805416,0.3874234892079673,0.8751185332659287,0.6314898778394615,0.2879468102502569,0.7542562073669227,0.49750655774300745,0.10813688007407773,1.0568320789663814,__MISSING__,__MISSING__,__MISSING__,0415_M2_L,True,10,14.0,glial_non_neuronal,astrocyte,True,True,True,True,False,3,0.5944031662610192,0.03178197337748292,0.03127402426267816,0.014998887862927567,True,False,False,False,False,False
2795903600454100196,oligodendrocyte_2,2,oligodendrocyte_progenitor_2,oligodendrocyte_progenitor_2,oligodendrocyte_progenitor_2,0.6738272693875985,0.49737606464664214,0.9833120810300412,0.9973899651780991,0.996004202192323,0.021612298208790858,0.5978492094436083,0.41092566848432743,1.4378911271684716,__MISSING__,__MISSING__,__MISSING__,0613_M4_T,True,16,29.0,glial_non_neuronal,oligodendrocyte_opc,True,True,True,True,False,3,-0.08901386126748567,0.07168604661776075,0.22888954194104283,0.17684982594392487,True,False,False,False,False,False
2796212800667100273,oligodendrocyte_1,1,astrocyte_1,astrocyte_1,MV_in_Sema5b,0.5037512957043214,0.22438945230635066,1.4415375312972045,0.7278385014985719,0.6078594015163238,0.9662853602678224,0.4204377992302683,0.2779607205023267,2.1690183298832015,__MISSING__,__MISSING__,__MISSING__,0613_F5_C,True,9,10.0,glial_non_neuronal,oligodendrocyte_opc,True,False,False,False,False,1,0.7666464999977898,0.5064259884849789,0.5415830990357012,0.06324254970356125,True,False,False,False,False,False
2707604800383100170,MV_in_Gabra1,4,MV_in_Gabra1,MV_in_Gabra1,endothelial,0.9999999940999997,0.9999999939999997,1.4175252073536734e-07,1.0,1.0,-0.0,0.46414862540492735,0.2951879902964305,1.671686725707516,4,inhibitory,16,0415_M1_C,False,28,52.0,neuron,neuronal_or_other,True,False,False,False,False,1,-1.3480154405769387,0.8160190657824702,0.8160191304509857,2.950000006277528e-09,False,True,True,True,True,False
2707604700068100243,astrocyte_1,2,astrocyte_1,astrocyte_1,DH_ex_Tac2,0.40467103186699355,0.2034346896662176,1.651987798528689,0.294654556980778,0.010042532512747393,1.5171056486448227,0.36209605306184783,0.22885068768700134,2.26050633806897,__MISSING__,__MISSING__,__MISSING__,0415_M3_S,True,9,10.0,glial_non_neuronal,astrocyte,True,False,False,False,False,1,1.8416855559387355,0.876030178968837,0.8818265485301581,0.03852381512128305,False,True,True,True,True,False
2945606900000005334,oligodendrocyte_1,2,oligodendrocyte_1,oligodendrocyte_1,DH_in_Cdh3,0.4698364346621388,0.1257610027158526,1.3122781194546005,0.4826587768901434,0.08302890334583723,1.0599869728231537,0.4047847266920351,0.18152483575607858,2.0610783909681913,__MISSING__,__MISSING__,__MISSING__,0328_F1_C,True,14,22.0,glial_non_neuronal,oligodendrocyte_opc,True,False,False,False,False,1,1.6922804524400938,0.8271914776253666,0.838627405113247,0.023561070903430962,False,True,True,True,True,False
2656144300186100045,oligodendrocyte_progenitor_2,1,oligodendrocyte_progenitor_2,oligodendrocyte_progenitor_2,MV_in_Sema5b,0.5527243389651058,0.24563610803845576,1.203890521946911,0.9654083226452325,0.9438482370560105,0.17996118080236484,0.30421907294607886,0.10307838955019102,2.4047334691670796,__MISSING__,__MISSING__,__MISSING__,0328_F2_L,True,12,15.0,glial_non_neuronal,oligodendrocyte_opc,True,False,False,False,False,1,-0.4689246288005253,0.46173886266456143,0.5551741191530168,0.20243465389554513,False,True,True,True,True,False
2787889600057100160,MV_in_Esrrb,1,MV_in_Esrrb,MV_in_Esrrb,MV_in_Gabra1,0.9999999940999997,0.9999999939999997,1.4175252073536734e-07,1.0,1.0,-0.0,0.8328440096467793,0.7232701840932929,0.6566777927770713,4,inhibitory,14,0503_M5_C,False,18,38.0,neuron,neuronal_or_other,True,False,False,False,False,1,-0.04904028832943508,0.7420071522578352,0.742007207888975,2.950000006277528e-09,False,True,True,True,True,False
2796212800980100248,endothelial,1,endothelial,endothelial,MV_ex_Syt2,0.7421938924418622,0.64884829688046,1.0317921053586814,0.9059873242113993,0.8356053078767853,0.3905070055440807,0.12396470463445396,0.021596080180855293,2.965448731279687,__MISSING__,__MISSING__,__MISSING__,0613_F3_C,True,11,13.0,glial_non_neuronal,vascular,True,False,False,False,False,1,-1.2232285629949835,0.7249773822112574,0.7395602395410077,0.054759613836855986,False,True,True,True,True,False
2795903600401100113,DH_in_Npy2r,1,DH_in_Npy2r,DH_in_Npy2r,astrocyte_1,0.8866415263458125,0.7732830584916253,0.3534800620444893,0.9754050416931225,0.950810083386245,0.11541957076387406,0.45864288101754275,0.35359313413890836,2.227650400789851,1,inhibitory,9,0613_M4_T,False,12,13.0,neuron,neuronal_or_other,True,False,False,False,False,1,-0.6672547810382617,0.8352782906884123,0.847588656245787,0.02385380509946192,False,True,True,True,True,False
2795903600353200105,microglia,3,oligodendrocyte_progenitor_2,oligodendrocyte_progenitor_2,oligodendrocyte_progenitor_2,0.9085483632762653,0.8625913627274898,0.4343884498940447,0.9871256096472589,0.9764028248752816,0.07701890259742256,0.6791065423995583,0.4967127541201012,1.038476468631475,__MISSING__,__MISSING__,__MISSING__,0613_M5_T,True,15,36.0,glial_non_neuronal,microglia,True,True,True,True,False,3,-0.44366167127881173,0.09920708444492551,0.1507606696342576,0.028138984759912875,True,False,False,False,False,False
2946331700000020347,oligodendrocyte_progenitor_2,4,oligodendrocyte_1,oligodendrocyte_1,oligodendrocyte_1,0.6480659981813777,0.3266665297675326,0.8069044316743964,0.9194464440652328,0.8392165668075368,0.282504266439625,0.6500471390681497,0.34496650702740106,0.8772678680843469,__MISSING__,__MISSING__,__MISSING__,0415_F2_L,True,5,14.0,glial_non_neuronal,oligodendrocyte_opc,True,True,True,True,False,3,0.3276609680980076,0.013796320396003243,0.08855699209068599,0.08734349209130926,True,False,False,False,False,False
2787889600444100216,DM_ex_Zfhx3,4,DM_ex_Zfhx3,DM_ex_Zfhx3,cholinergic_interneuron,0.9999998573148926,0.9999997355687087,2.500610441505954e-06,1.0,1.0,-0.0,0.9960502957995612,0.9935799325848519,0.0301316236069358,2,excitatory,11,0503_M4_L,False,26,129.0,neuron,neuronal_or_other,True,False,False,False,False,1,0.7711896811847567,0.9937925624741901,0.9937929010838515,7.134255735079974e-08,False,True,True,True,True,False
2787889600347100126,oligodendrocyte_progenitor_2,2,astrocyte_2,astrocyte_2,astrocyte_2,0.8104904751963954,0.7021063348384459,0.7387898902215436,0.9810898426930098,0.962547790121819,0.09588802660892781,0.854241843108381,0.7602565093270665,0.5623557267359472,__MISSING__,__MISSING__,__MISSING__,0503_M4_C,True,9,14.0,glial_non_neuronal,oligodendrocyte_opc,True,True,True,True,False,3,0.6708617280551443,0.010976456134312312,0.04760957884868783,0.07042353690188709,True,False,False,False,False,False
2656143800242100162,DH_ex_Gpr83,2,DH_ex_Gpr83,DH_ex_Gpr83,oligodendrocyte_progenitor_2,0.7412345116903143,0.4824690291806291,0.5717618236055162,0.9697988451946653,0.9395976903893306,0.1354407083909186,0.8794377326865609,0.8351662659232226,0.60167606629658,1,excitatory,2,0328_M3_T,False,11,18.0,neuron,neuronal_or_other,True,False,False,False,False,1,1.3369484385072388,0.9952565394982913,0.9957010443855986,0.08572216242230458,False,True,True,True,True,False
2656143800052100222,endothelial,2,oligodendrocyte_progenitor_2,oligodendrocyte_progenitor_2,DH_ex_Reln/Nmur2,0.4768335946783231,0.17160110228226283,1.4359076553767345,0.7399228449819754,0.5110831871276644,0.710851852926899,0.3545715448736801,0.07571679722500435,1.9020584585196103,__MISSING__,__MISSING__,__MISSING__,0328_M3_C,True,11,12.0,glial_non_neuronal,vascular,True,False,False,False,False,1,0.43954695508663544,0.9301398671747368,0.9763968459318874,0.10098346924164518,True,False,False,False,False,False
2707604700250100319,meninges_1,1,meninges_1,meninges_1,Schwann_cell,0.3907405954925061,0.16297179964465286,1.7839176822048732,0.8221252694652813,0.6983463963128821,0.6443407016911681,0.2933490001520726,0.03825634021673879,1.5785235290209054,__MISSING__,__MISSING__,__MISSING__,0415_M2_T,True,11,25.0,glial_non_neuronal,meningeal,True,False,False,False,False,1,-0.030352342360428886,0.1979310898291846,0.38075615157714776,0.17357210500217982,False,True,True,True,True,False
2796212800635100072,DH_in_Rorb,1,DH_in_Rorb,DH_in_Rorb,DH_in_Pdyn,0.9999999940999997,0.9999999939999997,1.4175252073536737e-07,1.0,1.0,-0.0,0.22016929811493335,0.04849601190014943,2.6195356284111546,1,inhibitory,7,0613_F5_C,False,6,10.0,neuron,neuronal_or_other,True,False,False,False,False,1,-2.096579045508398,0.6478757686833799,0.647875837931838,2.950000006277528e-09,False,True,True,True,True,False
2656144300125100179,endothelial,1,endothelial,endothelial,astrocyte_2,0.49124043942337187,0.20279376649412012,1.283528012746157,0.5288223085724786,0.13643442687541818,0.9553463853445097,0.523107707013058,0.31334375667049696,1.4279982152607131,__MISSING__,__MISSING__,__MISSING__,0328_F2_T,True,7,8.0,glial_non_neuronal,vascular,True,False,False,False,False,1,1.8483576413410625,0.18549170243345126,0.37531557742892285,0.09070775680285889,False,True,True,True,True,False
2787445900387100064,DH_ex_Gpr83,4,DH_ex_Gpr83,DH_ex_Grpr,DH_ex_Reln/Npff,0.5725728128773079,0.14514563155461624,0.6825763876412131,0.8540587901416182,0.7081175802832365,0.4156036163838408,0.5417323968616513,0.29317254984052304,1.4655855035649963,1,excitatory,2,0503_F4_T,False,12,35.0,neuron,neuronal_or_other,False,False,False,False,True,1,0.7556883303266424,0.8279354448691889,0.8742992869278237,0.14989540276987204,False,False,True,True,False,False
2787445900582100036,DH_in_Npy,2,DH_in_Npy,DH_in_Npy,DH_in_Cdh3,0.9583723588863362,0.9168243877915925,0.1736661652774455,0.9997187654757005,0.999437530951401,0.002580658898484766,0.4997956494988824,0.3544708126938133,1.7747896575761448,1,inhibitory,4,0503_F3_C,False,38,108.0,neuron,neuronal_or_other,True,False,False,False,False,1,-1.0180969813112595,0.7250450633268383,0.8273837983588698,0.020052388133276384,False,True,True,True,True,False
2795584800381100069,oligodendrocyte_progenitor_2,3,oligodendrocyte_2,oligodendrocyte_progenitor_2,oligodendrocyte_2,0.4744101695349156,0.040037110169790724,1.066597469680682,0.7483145180552606,0.5029717095394802,0.6022641098559813,0.7045765669762137,0.4530497551626658,0.7861254672654963,__MISSING__,__MISSING__,__MISSING__,0610_F4_L,True,10,15.0,glial_non_neuronal,oligodendrocyte_opc,False,True,False,False,False,2,1.8361742756231214,0.05043525601137351,0.19057854834692048,0.08997087780150761,False,False,True,False,True,False
2787445900353100101,DH_ex_Gpr83,4,DH_ex_Gpr83,DH_ex_Gpr83,DH_ex_Prkcg/Nts,0.5906693955353363,0.1813387968706729,0.6766141177622234,0.8045068067951355,0.6090136135902711,0.4940908278574746,0.3663532122541375,0.24244319707638776,2.0827931702611657,1,excitatory,2,0503_F4_T,False,16,26.0,neuron,neuronal_or_other,True,False,False,False,False,1,0.733657033951487,0.5791308226123861,0.599679621059029,0.03973422304106546,False,True,True,True,True,False
2787889600245100078,DH_in_Pdyn,2,DH_in_Pdyn,DH_in_Pdyn,DH_in_Pdyn/Gal,0.9999999940999997,0.9999999939999997,1.4175252073536737e-07,1.0,1.0,-0.0,0.45899841802309294,0.10499066693706072,1.4121868375912423,1,inhibitory,2,0503_M4_C,False,22,43.0,neuron,neuronal_or_other,True,False,False,False,False,1,-1.9251513286093267,0.4388116207711198,0.4388116840296274,2.950000006277528e-09,False,True,True,True,True,False
2795584800125200038,MV_in_Sema5b,4,MV_in_Sema5b,MV_in_Sema5b,endothelial,0.9999999940999997,0.9999999939999997,1.4175252073536734e-07,1.0,1.0,-0.0,0.6724776781239284,0.5042089246272331,1.2494823508818989,4,inhibitory,15,0610_F3_T,False,8,11.0,neuron,neuronal_or_other,True,False,False,False,False,1,-0.7137610755749908,0.9019605359430125,0.901960603111353,2.950000006277528e-09,False,True,True,True,True,False
2796212800632100120,MV_in_Sema5b,3,MV_in_Sema5b,MV_in_Sema5b,oligodendrocyte_progenitor_2,0.9999999940999997,0.9999999939999997,1.4175252073536734e-07,1.0,1.0,-0.0,0.391499377801793,0.0803204742323928,1.8030968270842804,4,inhibitory,15,0613_F5_C,False,11,17.0,neuron,neuronal_or_other,True,False,False,False,False,1,-2.0000107079268603,0.48171201659509216,0.4817120855246945,2.950000006277528e-09,False,True,True,True,True,False
2707604700227100029,oligodendrocyte_progenitor_2,0,oligodendrocyte_2,oligodendrocyte_2,oligodendrocyte_2,0.8457063533723654,0.7728099899409454,0.653723236296716,0.9968635403292636,0.9942044177659382,0.0230992597083871,0.8025043443562763,0.6988353859324988,0.795492509232758,__MISSING__,__MISSING__,__MISSING__,0415_M2_T,True,7,7.0,glial_non_neuronal,oligodendrocyte_opc,True,True,True,True,False,3,0.2950685769088015,0.04533747918323067,0.0968374878590356,0.0747349741848204,True,False,False,False,False,False
2796212801050200059,DH_ex_Reln/Nmur2,3,DH_ex_Reln/Nmur2,DH_ex_Reln/Nmur2,DH_ex_Sox5,0.9701030684413046,0.9402061426826096,0.134383828367453,0.9983340980058836,0.996668196011767,0.012321935974157231,0.1362826927188602,0.035585242670311754,2.909106714611279,1,excitatory,3,0613_F4_C,False,6,8.0,neuron,neuronal_or_other,True,False,False,False,False,1,-2.022090354569636,0.7569323112810582,0.769873046797834,0.011223125188473914,False,True,True,True,True,False
2707604700091100170,DH_in_Cdh3,0,DH_in_Cdh3,DH_in_Cdh3,DH_in_Npy,0.9860296712928004,0.9720593483856012,0.07353715394406732,0.965700787834551,0.9314015756691021,0.14938280247538577,0.37473741743063305,0.12373572931404297,1.827412370967835,1,inhibitory,10,0415_M3_S,False,19,40.0,neuron,neuronal_or_other,True,False,False,False,False,1,-1.68209387571447,0.51758357548938,0.4942798537333568,0.0032627672910569418,False,True,True,True,True,False
2656144300147100030,oligodendrocyte_1,4,oligodendrocyte_progenitor_2,oligodendrocyte_progenitor_2,oligodendrocyte_progenitor_2,0.8109134717230793,0.6357900037512307,0.5524469161400841,0.951210096576218,0.9033211282783553,0.20053508312272594,0.6756096018219546,0.37358289912903464,0.7649897874441989,__MISSING__,__MISSING__,__MISSING__,0328_F2_T,True,8,18.0,glial_non_neuronal,oligodendrocyte_opc,True,True,True,True,False,3,-0.2661805204723014,0.022124320044940478,0.1005005200444636,0.036994641697940776,True,False,False,False,False,False
2787889600486100091,oligodendrocyte_progenitor_1,1,oligodendrocyte_progenitor_1,oligodendrocyte_progenitor_1,oligodendrocyte_precursor_cell,0.6874174673426301,0.4738378456084832,0.9580105352124881,0.8825066361477469,0.7651122513148534,0.36283196444309546,0.5075969384862588,0.017122077573791583,0.7105550279422914,__MISSING__,__MISSING__,__MISSING__,0503_M4_T,True,24,51.0,glial_non_neuronal,oligodendrocyte_opc,True,False,False,False,False,1,-0.7835594521276126,0.10203290770987533,0.13642884222477628,0.06802945789222824,False,True,True,True,True,False
2787445900207100059,oligodendrocyte_1,2,oligodendrocyte_progenitor_2,oligodendrocyte_progenitor_2,oligodendrocyte_progenitor_2,0.5724846845648521,0.31346656200981343,1.1793403778534117,0.833032733205585,0.6709280656629772,0.4765826538600135,0.26258046921548284,0.025384573107240377,1.641521978365667,__MISSING__,__MISSING__,__MISSING__,0503_F5_C,True,5,56.0,glial_non_neuronal,oligodendrocyte_opc,True,True,True,True,False,3,-0.2844299820504729,0.1275888362526319,0.35909429982377905,0.10126069336933712,True,False,False,False,False,False
2795903600616100113,oligodendrocyte_1,4,astrocyte_1,astrocyte_1,DH_ex_Cpne4,0.6225683309343131,0.4338932381950723,1.1757000266109126,0.5784795893260606,0.3762044272629607,1.0673384300030548,0.47491363989844115,0.25984392869073686,2.045905121814157,__MISSING__,__MISSING__,__MISSING__,0613_M4_C,True,10,13.0,glial_non_neuronal,oligodendrocyte_opc,True,False,False,False,False,1,0.7963735092131069,0.48146269962532023,0.5081243027477745,0.03276799090445922,True,False,False,False,False,False
2707737900134200082,astrocyte_2,3,oligodendrocyte_progenitor_2,oligodendrocyte_progenitor_2,oligodendrocyte_progenitor_2,0.6613392799148576,0.4459564963470821,1.0392828413396948,0.6085755233259864,0.23932096465749308,0.7810128185849353,0.5473847268235931,0.2706289946571805,1.3827948044100316,__MISSING__,__MISSING__,__MISSING__,0415_F1_T,True,11,11.0,glial_non_neuronal,astrocyte,True,True,True,True,False,3,1.0791875036837297,0.0316291241160028,0.05917951469510461,0.04550105980078925,True,False,False,False,False,False
2787445900659100056,MV_ex_Syt2,4,MV_ex_Syt2,MV_ex_Syt2,MV_in_Gabra1,0.999999956419787,0.999999945393554,8.773807537621269e-07,1.0,1.0,-0.0,0.45968973460295126,0.27288700403254273,1.7380954634365235,4,excitatory,14,0503_F3_C,False,34,83.0,neuron,neuronal_or_other,True,False,False,False,False,1,-1.4156855987714305,0.6273120191555854,0.6273124640707672,2.1790106767790394e-08,False,True,True,True,True,False
2787445900770100020,meninges_1,1,astrocyte_2,astrocyte_2,oligodendrocyte_1,0.4993156024861592,0.3468840971866845,1.5186174593546302,0.6894988454495448,0.5204999210634417,0.9548186364239992,0.27751497204651987,0.0481471460668933,1.8598036459627945,__MISSING__,__MISSING__,__MISSING__,0503_M5_C,True,7,20.0,glial_non_neuronal,meningeal,True,False,False,False,False,1,0.02338025898660956,0.22653161350476236,0.4061117894154554,0.08127377039267608,True,False,False,False,False,False
2795584800348100087,astrocyte_2,3,astrocyte_2,astrocyte_2,astrocyte_1,0.6826198671546709,0.3935716804087373,0.7645790427530088,0.9426799532929679,0.8855395362046126,0.22104041353956755,0.8142151978006212,0.6520276782669439,0.601932206627795,__MISSING__,__MISSING__,__MISSING__,0610_F4_L,True,6,9.0,glial_non_neuronal,astrocyte,True,False,False,False,False,1,1.04768371247242,0.22755056261539527,0.5147158417174347,0.08987633116251273,False,True,True,True,True,False
2656143800469100187,peripheral_glia,2,Schwann_cell,Schwann_cell,Schwann_cell,0.9941582694503516,0.9905869343009753,0.04202373598494971,0.9982996162836166,0.9971189414391904,0.014053372319261613,0.8555474673053496,0.7122278005051966,0.42158917150075254,__MISSING__,__MISSING__,__MISSING__,0328_M3_L,True,5,24.0,glial_non_neuronal,remaining_glial_non_neuronal,True,True,True,True,False,3,-0.059976333945936156,0.066117496250783,0.07168641396597054,0.0010132991289427701,True,False,False,False,False,False
2946331700000008218,DH_ex_Reln/Npff,0,DH_ex_Reln/Npff,DH_ex_Reln/Npff,oligodendrocyte_progenitor_2,0.9999999940999997,0.9999999939999997,1.4175252073536737e-07,1.0,1.0,-0.0,0.6089058763576572,0.3392487606492996,1.266176988455338,1,excitatory,1,0415_F2_C,False,16,24.0,neuron,neuronal_or_other,True,False,False,False,False,1,-1.2143171772373063,0.9828651188120658,0.9828651857326485,2.950000006277527e-09,False,True,True,True,True,False
2707604000155100066,DH_in_Npy,1,DH_in_Npy,DH_in_Npy,DH_in_Cdh3,0.9992529121654098,0.9985058301308198,0.006125436502846271,0.9999185198264181,0.9998370396528362,0.0008486249784191169,0.4110155480617247,0.16259325188443163,1.7123731339506645,1,inhibitory,4,0415_M3_T,False,14,27.0,neuron,neuronal_or_other,True,False,False,False,False,1,-1.7473631752517291,0.7916001416486546,0.7949436266237375,0.0002222581071562202,False,True,True,True,True,False
2787889600581100124,oligodendrocyte_progenitor_2,3,oligodendrocyte_2,oligodendrocyte_progenitor_2,oligodendrocyte_2,0.5212172001560228,0.09101192548595322,0.9314880566002657,0.5661305958552131,0.13435750952310854,0.6991922518144086,0.9483163499376094,0.9036475450954825,0.2339405575615875,__MISSING__,__MISSING__,__MISSING__,0503_M4_S,True,14,40.0,glial_non_neuronal,oligodendrocyte_opc,False,True,False,False,False,2,3.843830477852798,0.19000029858937528,0.26282086437904234,0.029460185874211727,False,False,True,False,True,False
2726543700227100078,oligodendrocyte_1,2,oligodendrocyte_1,oligodendrocyte_1,DH_in_Cdh3,0.45973324706431823,0.20940960459343017,1.3392368231359806,0.6486834876708935,0.4027638396642573,0.8911586207135661,0.34876297146752566,0.1534757742990248,2.3760955705594253,__MISSING__,__MISSING__,__MISSING__,0422_M3_C,True,7,12.0,glial_non_neuronal,oligodendrocyte_opc,True,False,False,False,False,1,0.8227999995567528,0.7193692784403605,0.744277358888051,0.06362890015264067,False,True,True,True,True,False
2945606900000002040,meninges_1,4,meninges_2,meninges_1,meninges_2,0.520998997055348,0.14957479961509945,1.0526282312007227,0.5813359927640851,0.26774669955463054,0.9253148078763129,0.5210430601588318,0.1284299836322088,0.933408699317628,__MISSING__,__MISSING__,__MISSING__,0328_F1_C,True,7,72.0,glial_non_neuronal,meningeal,False,True,False,False,False,2,1.1219074793286017,0.019835284283088863,0.03304699642178341,0.05850870835040908,False,False,True,False,True,False
2707604800103100083,DH_ex_Sox5,3,DH_ex_Sox5,DH_ex_Sox5,astrocyte_1,0.9724117379876596,0.9448234817753194,0.1262562029206117,0.9999931805943157,0.9999863611886316,8.794124735523626e-05,0.35417565433678927,0.2557103421457204,2.272993666943623,1,excitatory,5,0415_M1_L,False,16,20.0,neuron,neuronal_or_other,True,False,False,False,False,1,-1.3689939934401438,0.7610032109560285,0.7609133148047806,0.013890878105123503,False,True,True,True,True,False
2787889600231100297,MV_in_Gabra1,4,MV_in_Gabra1,MV_in_Gabra1,oligodendrocyte_progenitor_2,0.9999999940999997,0.9999999939999997,1.4175252073536734e-07,1.0,1.0,-0.0,0.5630457400209856,0.46735936814990153,1.8843561877191883,4,inhibitory,16,0503_M5_T,False,17,23.0,neuron,neuronal_or_other,True,False,False,False,False,1,-0.8255775886862764,0.7657999265190611,0.7657999972039625,2.950000006277528e-09,False,True,True,True,True,False
2796212800529100125,DH_in_Npy,2,DH_in_Npy,DH_in_Npy,DH_in_Cdh3,0.998268654030659,0.9965373138613182,0.012739328768077209,0.9999903841545609,0.9999807683091217,0.00012069899051132195,0.19707520998425487,0.06900950191407318,2.5671467969293227,1,inhibitory,4,0613_F4_T,False,5,6.0,neuron,neuronal_or_other,True,False,False,False,False,1,-2.02809518925329,0.7050650822609202,0.7120070790143853,0.0008280381566609605,False,True,True,True,True,False
2796212800954100029,DH_in_Pdyn/Gal,0,DH_in_Pdyn/Gal,DH_in_Pdyn/Gal,DH_ex_Cpne4,0.9999999940999997,0.9999999939999997,1.4175252073536737e-07,1.0,1.0,-0.0,0.3332218371814675,0.038248913281377694,1.9969331429627477,1,inhibitory,5,0613_F4_C,False,12,16.0,neuron,neuronal_or_other,True,False,False,False,False,1,-2.1276729024388983,0.7325172867903919,0.732517351964505,2.950000006277528e-09,False,True,True,True,True,False
2656143800003100123,pericyte,0,microglia,microglia,astrocyte_1,0.5205665411999811,0.193649502436762,1.165053784792833,0.9563768506898471,0.9306600004312257,0.21846847770835875,0.6347594157992063,0.5097224519653123,1.379665900245569,__MISSING__,__MISSING__,__MISSING__,0328_M3_C,True,12,19.0,glial_non_neuronal,vascular,True,False,False,False,False,1,0.8842489607347088,0.3264598339965248,0.8115346120908579,0.2038038923530081,True,False,False,False,False,False
2795903600613100078,astrocyte_1,2,astrocyte_1,astrocyte_1,M_in_Tfap2b,0.8649085923815849,0.8178492104933722,0.6370050985620496,0.9851774419190062,0.9754972397040251,0.09171673017107916,0.5953124491014199,0.4706035171054712,1.3322501727335767,__MISSING__,__MISSING__,__MISSING__,0613_M4_C,True,16,24.0,glial_non_neuronal,astrocyte,True,False,False,False,False,1,-0.4409859262632049,0.6035392095885127,0.6827247951221205,0.04779144952801189,False,True,True,True,True,False
2656144900535100189,pericyte,0,endothelial,endothelial,endothelial,0.9471177275567902,0.9111961672598753,0.2736178092474517,0.9919863167102403,0.9860474142616362,0.05210858281661034,0.6836432192731686,0.6236779510124296,1.5151161871094494,__MISSING__,__MISSING__,__MISSING__,0328_M1_L,True,12,21.0,glial_non_neuronal,vascular,True,True,True,True,False,3,-0.16456012300315997,0.1640131086053146,0.16441786526672894,0.022092500035594632,True,False,False,False,False,False
2795584800436100321,DH_in_Pdyn/Gal,4,DH_in_Pdyn/Gal,DH_in_Pdyn/Gal,DH_in_Pdyn,0.9999999940999997,0.9999999939999997,1.4175252073536737e-07,1.0,1.0,-0.0,0.5214998255081627,0.36906359431458113,1.9323018127371947,1,inhibitory,5,0610_F4_C,False,5,6.0,neuron,neuronal_or_other,True,False,False,False,False,1,-1.123846868822724,0.6752208221944241,0.6752208908414089,2.950000006277528e-09,False,True,True,True,True,False
2656143800052100227,astrocyte_1,0,astrocyte_1,astrocyte_1,DM_ex_Zfhx3,0.7748734523126721,0.6921628455002156,0.8913331234547205,0.7420153435217006,0.5692220057162436,0.791328780890292,0.7062414465476385,0.6750892016652255,1.533817220478182,__MISSING__,__MISSING__,__MISSING__,0328_M3_C,True,11,14.0,glial_non_neuronal,astrocyte,True,False,False,False,False,1,1.2109019369721985,0.8718174358986145,0.8599515543698919,0.05741198072990604,False,True,True,True,True,False
2795584800089100218,MV_in_Gabra1,2,MV_in_Gabra1,MV_in_Gabra1,MV_in_Gm26673,0.9999999940999997,0.9999999939999997,1.4175252073536734e-07,1.0,1.0,-0.0,0.39862223668860364,0.1914179088809795,1.3930042212813616,4,inhibitory,16,0610_F3_T,False,24,61.0,neuron,neuronal_or_other,True,False,False,False,False,1,-1.6628959921593651,0.6007519632125544,0.6007520146898278,2.950000006277528e-09,False,True,True,True,True,False
2726544600435100028,endothelial,0,astrocyte_1,astrocyte_1,DH_ex_Maf/Cck,0.7294899514699474,0.5715669725077783,0.9441385224963796,0.9108994395956469,0.847820869806581,0.3776320149354023,0.2295871370681049,0.10829322977611872,2.8113012320504396,__MISSING__,__MISSING__,__MISSING__,0422_F1_S,True,6,9.0,glial_non_neuronal,vascular,True,False,False,False,False,1,-0.8460385060897775,0.6298506655073555,0.6665991672896396,0.05037773639114242,True,False,False,False,False,False
2795584800485100054,DH_ex_Sox5,2,DH_ex_Sox5,DH_ex_Sox5,astrocyte_2,0.9889853499742132,0.9779707057484267,0.060613747869398174,0.9999934152408947,0.9999868304817894,8.51458705971104e-05,0.47314643285885577,0.2993201081783041,1.812109175981914,1,excitatory,5,0610_F4_T,False,10,14.0,neuron,neuronal_or_other,True,False,False,False,False,1,-1.2960105154374226,0.8603193438337957,0.8605147464377464,0.005492585232028593,False,True,True,True,True,False
2795103300198100171,DH_in_Klhl14,3,DH_in_Cdh3,DH_in_Cdh3,oligodendrocyte_progenitor_2,0.8603816527744914,0.7207633113489833,0.4042701971859606,0.9947577720499557,0.9895155440999115,0.03275544791884152,0.2428316735549219,0.07550605033012503,2.5685438007839636,1,inhibitory,10,0610_M4_L,False,13,22.0,neuron,neuronal_or_other,True,False,False,False,False,1,-1.4938771505381367,0.7540100047441654,0.78025951619667,0.05968097757163199,True,False,False,False,False,False
2787889600193100015,DH_ex_Grp,1,DH_ex_Prkcg/Rxfp1,DH_ex_Prkcg/Rxfp1,astrocyte_1,0.8253900591691911,0.6722653300036385,0.5282423443301713,0.9944025995198145,0.9894775886792522,0.036661986333197165,0.4097096945991403,0.14775675606266991,1.8152391879903844,1,excitatory,6,0503_M5_T,False,10,12.0,neuron,neuronal_or_other,True,False,False,False,False,1,-1.1877352054341093,0.9714615914532029,0.9836746189932529,0.07778116661597641,True,False,False,False,False,False
2945606900000007957,DH_in_Pdyn,3,DH_in_Pdyn,DH_in_Pdyn,DH_ex_Nmu/Tac2,0.9999999940999997,0.9999999939999997,1.4175252073536737e-07,1.0,1.0,-0.0,0.742985879466389,0.6577096939119342,1.2017975801827365,1,inhibitory,2,0328_F1_C,False,10,10.0,neuron,neuronal_or_other,True,False,False,False,False,1,-0.24797742925420563,0.9582630968174322,0.9582631648916907,2.950000006277528e-09,False,True,True,True,True,False
2795584800237100106,endothelial,4,oligodendrocyte_progenitor_2,oligodendrocyte_progenitor_2,oligodendrocyte_1,0.561565806639421,0.3193585662872569,1.2835054898369838,0.8330438756095611,0.6992316675691462,0.5764250663217559,0.34583408236062735,0.022432652917189377,1.6288529310948234,__MISSING__,__MISSING__,__MISSING__,0610_F3_L,True,9,10.0,glial_non_neuronal,vascular,True,False,False,False,False,1,-0.36011286274151516,0.13034480095346068,0.3436839130160408,0.1279381728158165,True,False,False,False,False,False
2796212800944100093,oligodendrocyte_progenitor_2,3,astrocyte_1,astrocyte_1,astrocyte_1,0.8569765302592336,0.775722874485747,0.6146264486124055,0.7908606330236775,0.6052652648044328,0.6003079754054791,0.33417910942700385,0.18124396703032813,2.428835522411064,__MISSING__,__MISSING__,__MISSING__,0613_F3_C,True,16,28.0,glial_non_neuronal,oligodendrocyte_opc,True,True,True,True,False,3,-0.5087655422242146,0.3434723435375515,0.33011349773268506,0.02922283682704004,True,False,False,False,False,False
2795903600354100060,DH_in_Npy,4,DH_in_Npy,DH_in_Npy,DH_in_Cdh3,0.9041315593989132,0.809705359142762,0.32359466763004296,0.9999056672932825,0.9998113345865649,0.0009686681738174123,0.5215246029048146,0.30121097754700166,1.6443602839688078,1,inhibitory,4,0613_M5_T,False,20,38.0,neuron,neuronal_or_other,True,False,False,False,False,1,-0.9886696930999372,0.6551273540793512,0.8447811266939446,0.04918146447629527,False,True,True,True,True,False
2946331700000002594,oligodendrocyte_progenitor_2,3,oligodendrocyte_1,oligodendrocyte_1,oligodendrocyte_1,0.5471398242338372,0.35358757630055593,1.3332829155476822,0.8015129594213762,0.705925615105954,0.755756566667689,0.27590097613747233,0.0944846758370411,2.3590875666946656,__MISSING__,__MISSING__,__MISSING__,0415_F2_C,True,6,7.0,glial_non_neuronal,oligodendrocyte_opc,True,True,True,True,False,3,-0.21604597777750018,0.18850875671500816,0.28554181186488514,0.0703452635354265,True,False,False,False,False,False
2787445900326100040,M_in_Tfap2b,3,M_in_Tfap2b,M_in_Tfap2b,MV_in_Gabra1,0.999994902407846,0.9999900896933924,6.878074168270316e-05,1.0,1.0,-0.0,0.31411000633725167,0.07150668184638956,1.7446723578976322,3,inhibitory,12,0503_F4_C,False,57,179.0,neuron,neuronal_or_other,True,False,False,False,False,1,-2.0267375996763777,0.5574083273549422,0.5574461187723404,2.548800763165048e-06,False,True,True,True,True,False
2707737900008100185,oligodendrocyte_progenitor_2,4,oligodendrocyte_progenitor_2,oligodendrocyte_progenitor_2,oligodendrocyte_1,0.7032900157111461,0.43035258208392135,0.717577141569068,0.6648899458597377,0.33001684424547056,0.6400591316434631,0.5232269117759171,0.06340244719665034,0.8007658685598238,__MISSING__,__MISSING__,__MISSING__,0415_F1_S,True,9,26.0,glial_non_neuronal,oligodendrocyte_opc,True,False,False,False,False,1,0.2983021063901101,0.05598726061384113,0.03637632494492105,0.013852661656392365,False,True,True,True,True,False
2656144900536100103,endothelial,2,astrocyte_1,astrocyte_1,astrocyte_1,0.633999483481604,0.49220200972949946,1.1676914824638938,0.7483483979604074,0.5222800249353018,0.6654269658320281,0.4100386031733373,0.11631817894443658,1.6200415317732602,__MISSING__,__MISSING__,__MISSING__,0328_M1_L,True,6,10.0,glial_non_neuronal,vascular,True,True,True,True,False,3,-0.033465053576014814,0.08010181670072182,0.14364249315201735,0.099916044328275,True,False,False,False,False,False
2707737900147100172,DH_in_Klhl14,4,DH_in_Cdh3,DH_in_Cdh3,DH_in_Cdh3,0.9451311282946607,0.8902622623893218,0.21260924486071897,0.999757747285873,0.9995154945717459,0.0022591053904176405,0.21318330739887492,0.002658304664196698,2.4580015801927897,1,inhibitory,10,0415_F1_T,False,17,33.0,neuron,neuronal_or_other,True,True,True,True,False,3,-2.0382380330422585,0.5592483294138614,0.5922028289463172,0.02698627609294995,True,False,False,False,False,False
2656143800153100155,oligodendrocyte_progenitor_2,2,oligodendrocyte_1,oligodendrocyte_1,oligodendrocyte_1,0.6197194550200116,0.2558869695966388,0.7517408667638179,0.6634703307063653,0.32725926294284746,0.6416376683496755,0.4571040025230746,0.030795607287380067,1.3273224992259265,__MISSING__,__MISSING__,__MISSING__,0328_M3_C,True,8,16.0,glial_non_neuronal,oligodendrocyte_opc,True,True,True,True,False,3,0.5171884599033936,0.0676307358129643,0.07512389392001584,0.008325714550202104,True,False,False,False,False,False
2707737900147100189,meninges_2,2,meninges_2,meninges_2,endothelial,0.5494659234866064,0.3917465175513577,1.3712767581519552,0.8497084699771956,0.791814724633016,0.6451046255045776,0.49258002977304693,0.343403372084256,1.6220425092994393,__MISSING__,__MISSING__,__MISSING__,0415_F1_T,True,9,25.0,glial_non_neuronal,meningeal,True,False,False,False,False,1,0.3004842644473235,0.26254442772207814,0.4849255702485689,0.09989972973644684,False,True,True,True,True,False
2787445900859100202,DH_in_Klhl14,3,DH_in_Cdh3,DH_in_Cdh3,MV_in_Gabra1,0.796897344105438,0.5937946940108764,0.5046737809827194,0.5893836406076195,0.178767281215239,0.6770820950939411,0.4679315160341685,0.22839303550369885,1.7379754392313778,1,inhibitory,10,0503_F3_S,False,35,90.0,neuron,neuronal_or_other,True,False,False,False,False,1,0.8065299760253372,0.7395894616420502,0.7422474064055297,0.037058404333988354,True,False,False,False,False,False
2795584800240100053,DM_ex_Zfhx3,1,DM_ex_Zfhx3,DM_ex_Zfhx3,DH_ex_Sox5,0.9996953696033481,0.9995063798424709,0.0031031564672907457,1.0,1.0,-0.0,0.28783002756756,0.025138243442317132,2.1896125551575443,2,excitatory,11,0610_F3_L,False,21,26.0,neuron,neuronal_or_other,True,False,False,False,False,1,-2.166572251938684,0.7184142197939911,0.7193161317336118,0.00015233193607997605,False,True,True,True,True,False
2656144900504100163,astrocyte_1,2,astrocyte_1,astrocyte_1,MV_in_Gabra1,0.6220540241724937,0.43359765391605243,1.1617289333455378,0.4848776611419059,0.1469339240085803,1.1702806512560593,0.2209455394468656,0.008969726111968113,2.3450462043009503,__MISSING__,__MISSING__,__MISSING__,0328_M2_L,True,7,10.0,glial_non_neuronal,astrocyte,True,False,False,False,False,1,0.4907028814059071,0.7637021542108784,0.7829759941475537,0.035107763024575515,False,True,True,True,True,False
2787445900717100078,M_ex_Neurod2,1,M_ex_Neurod2,M_ex_Neurod2,endothelial,0.9999999941,0.999999994,1.4175252051332276e-07,1.0,1.0,-0.0,0.18901678604912442,0.03647826266258444,2.716333001841487,3,excitatory,13,0503_F3_L,False,6,8.0,neuron,neuronal_or_other,True,False,False,False,False,1,-2.133045775196637,0.6750715721597084,0.6750716470818153,2.950000006277528e-09,False,True,True,True,True,False
2796212800429100114,oligodendrocyte_progenitor_2,0,astrocyte_1,astrocyte_1,astrocyte_1,0.5234658457870115,0.1271779361031955,1.0552963373500972,0.9405736322793632,0.8898597379452076,0.25980772016054704,0.31073632771791215,0.10762455566967885,2.14839811216247,__MISSING__,__MISSING__,__MISSING__,0613_F4_L,True,28,50.0,glial_non_neuronal,oligodendrocyte_opc,True,True,True,True,False,3,-0.13589148341840862,0.27272242681745823,0.38822501797394815,0.1798472130918422,True,False,False,False,False,False
2795584800203100322,oligodendrocyte_progenitor_2,3,astrocyte_1,astrocyte_1,astrocyte_1,0.8573486151577838,0.7843801227006437,0.6336091654939622,0.9790548522372148,0.9607293473535741,0.11068137638889539,0.7786689051887941,0.6767016006578715,0.9924174795508135,__MISSING__,__MISSING__,__MISSING__,0610_F3_L,True,17,25.0,glial_non_neuronal,oligodendrocyte_opc,True,True,True,True,False,3,0.273632097247906,0.0701912612876041,0.09583341274835101,0.045241955236288586,True,False,False,False,False,False
2796212800913100297,oligodendrocyte_progenitor_2,4,oligodendrocyte_1,oligodendrocyte_1,MV_in_Chrna2,0.5178339019758496,0.247611556404216,1.2779987726110262,0.6716524568098569,0.3539746649807592,0.6907951167147331,0.37205264856891374,0.1110206283693711,1.8250841641050881,__MISSING__,__MISSING__,__MISSING__,0613_F3_C,True,9,12.0,glial_non_neuronal,oligodendrocyte_opc,True,False,False,False,False,1,0.7224151485611779,0.2919580321732853,0.3596685665100222,0.090254641466572,True,False,False,False,False,False
2795903600374100128,astrocyte_2,0,oligodendrocyte_2,oligodendrocyte_2,oligodendrocyte_progenitor_2,0.7318539178423619,0.5977452962316723,0.9760207907620904,0.8979726362675352,0.796216496433003,0.33179947116953756,0.5138813018082955,0.06169896019352056,0.8832566311775477,__MISSING__,__MISSING__,__MISSING__,0613_M4_L,True,8,11.0,glial_non_neuronal,astrocyte,True,False,False,False,False,1,-0.9318689817316905,0.15204336958689318,0.17892394444322762,0.07381431267466255,True,False,False,False,False,False
2795903600006100051,DH_ex_Maf/Cck,1,DH_ex_Rreb1,DH_ex_Maf/Cck,MV_in_Sema5b,0.4959045186407934,0.13549006744078618,1.049127603327754,0.5921454171295736,0.20070107719514546,0.7486782334642212,0.3195581251404036,0.042468362299725004,2.2977353773834306,1,excitatory,10,0613_M5_S,False,4,6.0,neuron,neuronal_or_other,False,False,False,False,True,1,1.01935334501868,0.8808446710382055,0.8829880022426609,0.06710646090123484,False,False,True,False,True,False
2787445900545100074,DH_ex_Prkcg/Rxfp1,3,DH_ex_Prkcg/Rxfp1,DH_ex_Prkcg/Rxfp1,DH_ex_Gpr83,0.9206211188275184,0.8608176905918337,0.3215891425572037,0.9993397216790969,0.9989773320828836,0.005949693371468063,0.38667276217170166,0.16572138963915756,1.7163726649738045,1,excitatory,6,0503_F3_C,False,17,28.0,neuron,neuronal_or_other,True,False,False,False,False,1,-1.48965403937271,0.6707628869548943,0.6842049339293824,0.038471138631663584,False,True,True,True,True,False
2656144900583100192,oligodendrocyte_1,0,oligodendrocyte_2,oligodendrocyte_2,oligodendrocyte_2,0.7097646799125334,0.5434588612614519,1.0069316369192416,0.7122470864790252,0.44697098753706804,0.6976827886522822,0.5179275105456018,0.34709144219727417,1.642629155404918,__MISSING__,__MISSING__,__MISSING__,0328_M2_L,True,7,9.0,glial_non_neuronal,oligodendrocyte_opc,True,True,True,True,False,3,0.7244995093212878,0.07197748516033073,0.14299462770951327,0.04875150813227685,True,False,False,False,False,False
2787889600486100089,oligodendrocyte_precursor_cell,1,oligodendrocyte_2,oligodendrocyte_2,oligodendrocyte_2,0.9013162830060892,0.8659838937258654,0.5070379789111034,0.9924612331321764,0.98833414057607,0.0523570347567164,0.7272982851680041,0.58786940474213,0.8776618840060593,__MISSING__,__MISSING__,__MISSING__,0503_M4_T,True,19,45.0,glial_non_neuronal,oligodendrocyte_opc,True,True,True,True,False,3,-0.19681041066874524,0.06774309925866806,0.13076019472755487,0.038209751188149094,True,False,False,False,False,False
2707604700250100313,DH_ex_Prkcg/Cck,2,DH_ex_Tac2,DH_ex_Tac2,DH_ex_Reln/Nmur2,0.5912407440942916,0.3984952878692806,1.0804210594663446,0.9195107657052944,0.8876724230708858,0.36670371935991514,0.7156999855834257,0.652641970932323,1.3135326329978951,1,excitatory,8,0415_M2_T,False,19,32.0,neuron,neuronal_or_other,True,False,False,False,False,1,1.0364993792144117,0.8953818831834982,0.9135209370083718,0.1228415026490233,True,False,False,False,False,False
2945606900000002902,astrocyte_1,2,astrocyte_1,astrocyte_1,DH_in_Cdh3,0.9205327760498025,0.8878968268087515,0.4273389643355607,0.9848462634513453,0.9796083037451215,0.10276109840920881,0.4365651377408181,0.22477792443197087,2.1114749182600945,__MISSING__,__MISSING__,__MISSING__,0328_F1_C,True,22,23.0,glial_non_neuronal,astrocyte,True,False,False,False,False,1,-1.3204903277304407,0.8390478713564625,0.8497032768515588,0.021859562247962847,False,True,True,True,True,False
2707604000110100144,DM_ex_Zfhx3,0,DM_ex_Zfhx3,DM_ex_Zfhx3,DH_ex_Prkcg/Rxfp1,0.9997741244052397,0.9996149192852478,0.002376117159153761,1.0,1.0,-0.0,0.2459196502387978,0.05159304325953132,2.059276794445383,2,excitatory,11,0415_M3_T,False,22,50.0,neuron,neuronal_or_other,True,False,False,False,False,1,-2.086491974413491,0.8484512281572542,0.8492964153702778,0.00011294699916802103,False,True,True,True,True,False
2795584800201100136,DH_ex_Reln/Npff,2,DH_ex_Reln/Npff,DH_ex_Reln/Npff,DH_ex_Grpr,0.9999999940999997,0.9999999939999997,1.4175252073536737e-07,1.0,1.0,-0.0,0.6150744714727283,0.4073107619768147,1.2906245287648686,1,excitatory,1,0610_F3_L,False,20,37.0,neuron,neuronal_or_other,True,False,False,False,False,1,-1.007789436028261,0.9577033974609253,0.9577034558308705,2.950000006277527e-09,False,True,True,True,True,False
2795584800448100039,endothelial,1,oligodendrocyte_1,oligodendrocyte_1,MV_in_Gabra1,0.5152613849502253,0.2679275606397537,1.3190724527268047,0.6865099500226209,0.44470687626292865,0.8439909233567359,0.23277604046409361,0.0428147751637675,2.4830540944874024,__MISSING__,__MISSING__,__MISSING__,0610_F4_T,True,7,9.0,glial_non_neuronal,vascular,True,False,False,False,False,1,0.29899342767718273,0.36058678043872183,0.410079313957183,0.051334988082583737,True,False,False,False,False,False
2795584800476100046,oligodendrocyte_progenitor_2,3,oligodendrocyte_1,oligodendrocyte_1,DH_ex_Reln/Nmur2,0.3006225342547188,0.025645139628601432,1.6209300327450253,0.4967863527121611,0.18123015799288922,1.2126742975611764,0.3448425881011263,0.18330279608606487,2.1982744617052314,__MISSING__,__MISSING__,__MISSING__,0610_F4_C,True,8,13.0,glial_non_neuronal,oligodendrocyte_opc,True,False,False,False,False,1,1.6820094195284634,0.9164976861806096,0.9475944826959657,0.05990804631973334,True,False,False,False,False,False
2795903600242100166,oligodendrocyte_progenitor_2,2,oligodendrocyte_progenitor_2,oligodendrocyte_progenitor_2,MV_in_Sema5b,0.4196115906041578,0.1536607958505799,1.327074019914446,0.6937063685543134,0.5028680305889643,0.8988814056514375,0.1453948221572827,0.04637733347277141,3.139243741618093,__MISSING__,__MISSING__,__MISSING__,0613_M4_L,True,8,9.0,glial_non_neuronal,oligodendrocyte_opc,True,False,False,False,False,1,0.39894402298584,0.737798385334379,0.7788431908002944,0.075692724934598,False,True,True,True,True,False
2796212800342100080,gamma_motoneuron,0,alpha_motoneuron,alpha_motoneuron,alpha_motoneuron,0.8701326356252648,0.7754957410419222,0.46204574751631367,0.9973845072256853,0.9948336062736872,0.018467430968031023,0.6722685692601432,0.3943995880728709,0.8583636226649916,__MISSING__,__MISSING__,22,0613_F5_T,False,15,42.0,glial_non_neuronal,neuronal_or_other,True,True,True,True,False,3,-0.6347704753991804,0.06414149664975574,0.17737470221935348,0.06051696787429742,True,False,False,False,False,False
2707604700388100220,DH_in_Npy,4,DH_in_Npy,DH_in_Npy,DH_in_Cdh3,0.9329192642833896,0.8663087849850921,0.24887255601467678,0.999930036964504,0.9998600739290079,0.0007393349749069934,0.541216752798141,0.40167721289195113,1.6784827126400992,1,inhibitory,4,0415_M2_C,False,21,36.0,neuron,neuronal_or_other,True,False,False,False,False,1,-0.7852513591937111,0.5481193303229851,0.6938969341032161,0.03401680938762019,False,True,True,True,True,False
2796212800747100097,oligodendrocyte_1,3,oligodendrocyte_1,oligodendrocyte_1,DM_ex_Zfhx3,0.40863582834816836,0.10642346834398603,1.4089337706240936,0.4871237540779636,0.144052347249291,1.1107524080889246,0.26903118088239947,0.13698932271080103,2.785894923878491,__MISSING__,__MISSING__,__MISSING__,0613_F3_T,True,12,19.0,glial_non_neuronal,oligodendrocyte_opc,True,False,False,False,False,1,1.4706438283778214,0.48642830954483646,0.512075573428722,0.027365914845251315,False,True,True,True,True,False
2946331700000014009,oligodendrocyte_progenitor_2,4,oligodendrocyte_2,oligodendrocyte_2,oligodendrocyte_2,0.8425353669836387,0.714524206107511,0.5523731805665307,0.9308270694884986,0.8781953870671544,0.293224098362306,0.6586926567855044,0.45890943471529555,0.9732830478011092,__MISSING__,__MISSING__,__MISSING__,0415_F2_T,True,9,10.0,glial_non_neuronal,oligodendrocyte_opc,True,True,True,True,False,3,-0.09835802835383523,0.05689481802884135,0.09144106300705138,0.020298737541339595,True,False,False,False,False,False
2656144900541100206,oligodendrocyte_1,2,astrocyte_1,astrocyte_1,astrocyte_1,0.8368169064549785,0.7768591127962267,0.7593901227008973,0.9828092208286697,0.9729893571083797,0.1066469089769133,0.569517842460419,0.44323655789485367,1.6721080352635267,__MISSING__,__MISSING__,__MISSING__,0328_M1_S,True,11,11.0,glial_non_neuronal,oligodendrocyte_opc,True,True,True,True,False,3,-0.44566390576330683,0.12624349984045152,0.21902623910240798,0.05629668345694172,True,False,False,False,False,False
2707604800082100030,DH_ex_Nmu/Tac2,3,DH_ex_Nmu/Tac2,DH_ex_Nmu/Tac2,oligodendrocyte_progenitor_2,0.9754631230151601,0.9584685243066671,0.1347424601929955,0.9848141676006769,0.9744411988183469,0.09028054987477582,0.7761674480306848,0.7077189418475847,1.0110549716807864,1,excitatory,8,0415_M1_L,False,11,12.0,neuron,neuronal_or_other,True,False,False,False,False,1,0.028855949385066915,0.822203643320814,0.8225461992883663,0.000890352209194497,False,True,True,True,True,False
2795584800124100180,oligodendrocyte_1,4,oligodendrocyte_1,oligodendrocyte_1,astrocyte_1,0.4778156810740778,0.22256572220347332,1.4369805974267063,0.5871349655121386,0.3721934879866313,1.03163655600287,0.3453066769375841,0.014242420700489311,1.6284731932695995,__MISSING__,__MISSING__,__MISSING__,0610_F3_T,True,6,10.0,glial_non_neuronal,oligodendrocyte_opc,True,False,False,False,False,1,0.43743115337805294,0.13733343100700332,0.16456512820117405,0.07203986302595279,False,True,True,True,True,False
2787889600349100073,MV_in_Gabra1,1,MV_in_Gabra1,MV_in_Gabra1,MV_in_Gm26673,0.9999999940999997,0.9999999939999997,1.4175252073536734e-07,1.0,1.0,-0.0,0.554384359075415,0.3740701862709684,1.3892064948987881,4,inhibitory,16,0503_M4_C,False,36,77.0,neuron,neuronal_or_other,True,False,False,False,False,1,-1.1086548364442987,0.636035923739152,0.6360359822719527,2.950000006277528e-09,False,True,True,True,True,False
2795584800426100121,DM_ex_Zfhx3,4,DM_ex_Zfhx3,DM_ex_Zfhx3,DH_ex_Prkcg/Rxfp1,0.9998822002919644,0.9998115170050327,0.0012874647936560826,1.0,1.0,-0.0,0.5124413175978104,0.3031202330062759,1.687779314646493,2,excitatory,11,0610_F4_S,False,28,59.0,neuron,neuronal_or_other,True,False,False,False,False,1,-1.3236083552944327,0.5973515945271448,0.5980674762448186,5.890235665901091e-05,False,True,True,True,True,False
2795903600114100170,MV_in_Sema5b,1,MV_in_Sema5b,MV_in_Sema5b,DH_in_Cdh3,0.9999999940999997,0.9999999939999997,1.4175252073536734e-07,1.0,1.0,-0.0,0.7162886339074915,0.6496492577344374,1.207473777580208,4,inhibitory,15,0613_M5_L,False,23,32.0,neuron,neuronal_or_other,True,False,False,False,False,1,-0.27243606468115295,0.8201664859806733,0.8201665492361586,2.950000006277528e-09,False,True,True,True,True,False
2795103300129100178,MV_in_Gm26673,1,MV_in_Gm26673,MV_in_Gm26673,MV_ex_Syt2,0.9954079662339613,0.9908159382679229,0.029302485075467535,0.9999929038925288,0.9999858077850576,9.122727820250139e-05,0.6647092421061982,0.3657485026463152,0.8155851831678637,4,inhibitory,19,0610_M4_L,False,31,57.0,neuron,neuronal_or_other,True,False,False,False,False,1,-1.1174353069057972,0.49463067728508336,0.49450032707536823,0.0022651106167616646,False,True,True,True,True,False
2795584800670100085,MV_in_Sema5b,3,MV_in_Sema5b,MV_in_Sema5b,MV_ex_Syt2,0.9999999940999997,0.9999999939999997,1.4175252073536734e-07,1.0,1.0,-0.0,0.4235278770051309,0.06855807920271789,1.3716593081974022,4,inhibitory,15,0610_F5_L,False,18,29.0,neuron,neuronal_or_other,True,False,False,False,False,1,-2.0357025892895257,0.9301230816539734,0.9301231392144012,2.950000006277528e-09,False,True,True,True,True,False
2787889600485100104,gamma_motoneuron,2,alpha_motoneuron,alpha_motoneuron,alpha_motoneuron,0.9553988883425514,0.9124815739381951,0.18946967410412197,0.9995723277944627,0.9991934690758959,0.0038969573468779265,0.8752988733540402,0.8033417598583927,0.5191814266326487,__MISSING__,__MISSING__,22,0503_M4_T,False,16,26.0,glial_non_neuronal,neuronal_or_other,True,True,True,True,False,3,0.35221928165356636,0.026149251117144716,0.06356066296445902,0.021146912700628857,True,False,False,False,False,False
2787889600370100102,meninges_2,3,meninges_2,meninges_2,meninges_1,0.7670939889431195,0.6046110968433678,0.7433667950295052,0.9917739429819109,0.9838444120992882,0.0491429755628445,0.4738916532817613,0.18678291883003056,1.102353254068944,__MISSING__,__MISSING__,__MISSING__,0503_M4_L,True,5,54.0,glial_non_neuronal,meningeal,True,False,False,False,False,1,-0.9370081527552367,0.1832766077806273,0.47794945063645256,0.10644712151256307,False,True,True,True,True,False
2656144900138100115,DM_ex_Zfhx3,0,DM_ex_Zfhx3,DM_ex_Zfhx3,MV_in_Chrna2,0.9999999940999997,0.9999999939999997,1.4175252073536737e-07,1.0,1.0,-0.0,0.5568677967129033,0.44121776776220134,1.8432426172184373,2,excitatory,11,0328_M1_C,False,9,13.0,neuron,neuronal_or_other,True,False,False,False,False,1,-0.9049018162193654,0.8841041328071221,0.8841042037007184,2.950000006277528e-09,False,True,True,True,True,False
2787445900426100052,astrocyte_1,0,endothelial,endothelial,astrocyte_2,0.7685357531220014,0.614026763572147,0.853994281423759,0.9712705411018348,0.9428993340170193,0.13271974851591176,0.5236878410278512,0.22713186166439142,1.1275515128422144,__MISSING__,__MISSING__,__MISSING__,0503_F4_T,True,20,24.0,glial_non_neuronal,astrocyte,True,False,False,False,False,1,-0.7501629962076115,0.31696014659287397,0.44488343242922956,0.08044297998995721,True,False,False,False,False,False
2787889600281100069,DH_ex_Prkcg/Rxfp1,4,DH_ex_Prkcg/Rxfp1,DH_ex_Prkcg/Rxfp1,DH_ex_Prkcg/Nts,0.8117440130193976,0.6966857142045576,0.6135641230863519,0.9453928549741248,0.913860067915353,0.2490565430693515,0.7416762333302735,0.6287838455536259,1.0453515983428014,1,excitatory,6,0503_M4_C,False,26,38.0,neuron,neuronal_or_other,True,False,False,False,False,1,0.37826015420530146,0.7893695283641284,0.796455150509007,0.0319305782417358,False,True,True,True,True,False
2787889600515100014,oligodendrocyte_1,4,astrocyte_1,astrocyte_1,astrocyte_1,0.8989468288224782,0.8658865010933832,0.5154640944123894,0.9962074931678685,0.9938300125966766,0.02930462262910047,0.5061205341820803,0.21126291254460472,1.624990013003117,__MISSING__,__MISSING__,__MISSING__,0503_M4_L,True,8,14.0,glial_non_neuronal,oligodendrocyte_opc,True,True,True,True,False,3,-1.3503211854548272,0.2178966923225259,0.29899230722509956,0.04472827609230356,True,False,False,False,False,False
2656144900530100130,endothelial,2,oligodendrocyte_1,oligodendrocyte_1,oligodendrocyte_1,0.4293514198233623,0.1541888231987809,1.4508842500703343,0.8684998831580053,0.811529184502477,0.5385756820594177,0.3385327881269916,0.2043714526650287,2.367593079007158,__MISSING__,__MISSING__,__MISSING__,0328_M2_L,True,7,11.0,glial_non_neuronal,vascular,True,True,True,True,False,3,0.26478866167984794,0.19906252306932892,0.296332790087796,0.17302676673783904,True,False,False,False,False,False
2787445900548100095,DH_in_Npy2r,2,DH_in_Npy2r,DH_in_Npy2r,DH_ex_Nmu/Tac2,0.913034585108671,0.8260691760173422,0.2954602276970166,0.982482382251251,0.9649647645025019,0.08821412933555914,0.44797677066517694,0.2499669217117867,1.9856929134437538,1,inhibitory,9,0503_F3_C,False,16,23.0,neuron,neuronal_or_other,True,False,False,False,False,1,-1.10429880865608,0.9794565064660712,0.979421108000924,0.01908105568741738,False,True,True,True,True,False
2787889600093100265,M_ex_Vsx2/Shox2,1,M_ex_Vsx2,M_ex_Vsx2,oligodendrocyte_progenitor_2,0.8293188759659729,0.6586377577319459,0.45696470872797024,0.9882800787975762,0.9765601575951524,0.06376319502782563,0.6047640373232144,0.37421131780007866,1.2623618950922237,3,excitatory,20,0503_M5_C,False,28,56.0,neuron,neuronal_or_other,True,False,False,False,False,1,-0.4505435167451529,0.9536236058803716,0.9677051982821716,0.06483867269964019,True,False,False,False,False,False
2796212800231100142,gamma_motoneuron,3,alpha_motoneuron,alpha_motoneuron,beta_motoneuron,0.6979220612555541,0.4913517623520796,0.8010956750987106,0.6162063297606428,0.25971642549939156,0.7643655162774244,0.39292986333317526,0.08976607897301331,1.2932631233186214,__MISSING__,__MISSING__,22,0613_F4_S,False,12,16.0,glial_non_neuronal,neuronal_or_other,True,False,False,False,False,1,0.40862156659005067,0.15238991857127437,0.1404568788392996,0.11583558262339008,True,False,False,False,False,False
2707604000136100037,astrocyte_2,2,astrocyte_2,astrocyte_2,DH_ex_Reln,0.8286663368494436,0.7215869408927301,0.7209337696059599,0.9994492490916767,0.999248504151741,0.005689756248464298,0.36727622978817975,0.0657403834572638,1.957501945399875,__MISSING__,__MISSING__,__MISSING__,0415_M3_T,True,7,9.0,glial_non_neuronal,astrocyte,True,False,False,False,False,1,-1.5443026427236908,0.35645217202100443,0.4895205549067796,0.0893424709148948,False,True,True,True,True,False
2787445900661100019,oligodendrocyte_2,2,oligodendrocyte_progenitor_2,oligodendrocyte_progenitor_2,oligodendrocyte_progenitor_2,0.6223778358538525,0.46855922468618383,1.2688660147175486,0.6935532179540399,0.5663774548576507,1.0212893465291109,0.30309266667582774,0.0229574947974448,1.6554471378007893,__MISSING__,__MISSING__,__MISSING__,0503_F3_C,True,14,18.0,glial_non_neuronal,oligodendrocyte_opc,True,True,True,True,False,3,-0.36195451339163076,0.11237015903595922,0.1920991583617048,0.02372194861343135,True,False,False,False,False,False
2787445900194100031,DH_in_Rorb,0,DH_in_Rorb,DH_in_Rorb,DH_in_Pdyn,0.9999999940999997,0.9999999939999997,1.4175252073536737e-07,1.0,1.0,-0.0,0.4693850800591764,0.11722773159967126,1.3795567789091354,1,inhibitory,7,0503_F5_L,False,18,26.0,neuron,neuronal_or_other,True,False,False,False,False,1,-1.8880191068922982,0.44060482624317016,0.4406048851330438,2.950000006277528e-09,False,True,True,True,True,False
2787889600410100296,oligodendrocyte_progenitor_2,0,oligodendrocyte_2,oligodendrocyte_progenitor_2,oligodendrocyte_2,0.4995895279030176,0.02180909014892818,0.828181538883249,0.9169389824469014,0.8339063029808716,0.2865335931534298,0.5803995139258353,0.1644495948378038,0.7088842704698576,__MISSING__,__MISSING__,__MISSING__,0503_M4_L,True,15,26.0,glial_non_neuronal,oligodendrocyte_opc,False,True,False,False,False,2,0.3362424243146567,0.011044440805069364,0.2226127812481535,0.1811612047411549,False,False,True,False,True,False
2796212800946100286,DM_ex_Zfhx3,2,DM_ex_Zfhx3,DM_ex_Zfhx3,DH_ex_Cpne4,0.9999999940999997,0.9999999939999997,1.4175252073536737e-07,1.0,1.0,-0.0,0.1865786386323217,0.000606438780577756,2.3505793345884967,2,excitatory,11,0613_F3_C,False,19,23.0,neuron,neuronal_or_other,True,False,False,False,False,1,-2.2418954507116076,0.870512509599112,0.8705125768668834,2.950000006277528e-09,False,True,True,True,True,False
2946331700000018293,DM_ex_Zfhx3,0,DM_ex_Zfhx3,DM_ex_Zfhx3,DH_in_Npy,0.9999999940999997,0.9999999939999997,1.4175252073536737e-07,1.0,1.0,-0.0,0.25117723949858345,0.08236416052418569,2.118917381593298,2,excitatory,11,0415_F2_L,False,37,62.0,neuron,neuronal_or_other,True,False,False,False,False,1,-1.9938093341007685,0.9387311441931608,0.9387312089333576,2.950000006277528e-09,False,True,True,True,True,False
2946331700000017216,astrocyte_2,3,astrocyte_2,astrocyte_2,astrocyte_1,0.6914109313878392,0.41824300027716416,0.7949902814961465,0.9928372417613075,0.9864633836906488,0.04607151670397426,0.8477326511561661,0.710629494191249,0.5014240540436167,__MISSING__,__MISSING__,__MISSING__,0415_F2_L,True,14,22.0,glial_non_neuronal,astrocyte,True,False,False,False,False,1,0.9810220901137765,0.2691204466964959,0.6699502472476707,0.15305828837213198,False,True,True,True,True,False
2796212800295100265,MV_in_Esrrb,4,MV_in_Esrrb,MV_in_Esrrb,oligodendrocyte_1,0.9999999940999997,0.9999999939999997,1.4175252073536734e-07,1.0,1.0,-0.0,0.31358600395549385,0.10936446834873048,2.002875747765838,4,inhibitory,14,0613_F4_S,False,11,18.0,neuron,neuronal_or_other,True,False,False,False,False,1,-1.9118794396194285,0.9008138200932168,0.900813889019395,2.950000006277528e-09,False,True,True,True,True,False
2795103300125100241,oligodendrocyte_1,2,astrocyte_1,astrocyte_1,MV_in_Chrna2,0.7757834367309352,0.6983645259544748,0.8638846527443952,0.587389166617085,0.40103878397441534,1.1162926460280629,0.3715372908348698,0.17712541706861357,2.011673365807258,__MISSING__,__MISSING__,__MISSING__,0610_M4_L,True,7,11.0,glial_non_neuronal,oligodendrocyte_opc,True,False,False,False,False,1,0.022583228723669357,0.5260081835718357,0.5318695076327982,0.0488347709541059,True,False,False,False,False,False
2796212800079100090,oligodendrocyte_1,0,astrocyte_1,astrocyte_1,astrocyte_1,0.8901394692143251,0.8061852096710104,0.44365095349185435,0.9739695135864475,0.9503679532281194,0.13147800708572904,0.442810960241593,0.28594734509697883,2.046731948127216,__MISSING__,__MISSING__,__MISSING__,0613_F5_S,True,4,4.0,glial_non_neuronal,oligodendrocyte_opc,True,True,True,True,False,3,-0.930548584865525,0.21417741217757205,0.311964476141444,0.04857857836155187,True,False,False,False,False,False
2795584800139100104,astrocyte_2,4,oligodendrocyte_progenitor_2,oligodendrocyte_progenitor_2,oligodendrocyte_progenitor_2,0.8523375940994231,0.7430545824605073,0.5536993902365803,0.987939561512367,0.9774067500241927,0.07136860827742617,0.8217153377224682,0.7037475397317126,0.6574051183855515,__MISSING__,__MISSING__,__MISSING__,0610_F3_S,True,10,20.0,glial_non_neuronal,astrocyte,True,True,True,True,False,3,0.39658669356232235,0.049120852001941294,0.07666343877436776,0.053269559253159224,True,False,False,False,False,False
2656144900217100140,DH_in_Kcnip2,0,DH_in_Npy2r,DH_in_Npy2r,DH_in_Cdh3,0.8738448908197799,0.7476897874395602,0.3790119437516001,0.9630508776685076,0.9261017553370152,0.15812402709690948,0.7723622203206324,0.6879707539760372,0.9887524912629493,1,inhibitory,9,0328_M1_C,False,16,23.0,neuron,neuronal_or_other,True,False,False,False,False,1,0.44224461636240514,0.7605932347504846,0.766406581067561,0.020163085490371758,True,False,False,False,False,False
2795903600570200068,peripheral_glia,4,Schwann_cell,Schwann_cell,Schwann_cell,0.7550093607885925,0.6383187974378047,0.9547502614030177,0.8957524948818586,0.7984758894608046,0.36175826436921665,0.6514406522196333,0.3690539521089628,0.8841438757782479,__MISSING__,__MISSING__,__MISSING__,0613_M5_C,True,8,19.0,glial_non_neuronal,remaining_glial_non_neuronal,True,True,True,True,False,3,-0.07635459615654468,0.08869204974929092,0.06875360052868673,0.06484585021004306,True,False,False,False,False,False
2707604800035200013,pericyte,4,oligodendrocyte_1,oligodendrocyte_1,endothelial,0.48713365366700895,0.3409170783775528,1.5787318453696935,0.30503628857975223,0.08927381251844024,1.567042339194995,0.396853601996186,0.17911852931018574,1.748178810299925,__MISSING__,__MISSING__,__MISSING__,0415_M1_S,True,9,10.0,glial_non_neuronal,vascular,True,False,False,False,False,1,1.2873779723797818,0.17246725858096695,0.11149873696060388,0.0604533779697325,True,False,False,False,False,False
2656144900246100049,DH_ex_Grpr,1,DH_ex_Gpr83,DH_ex_Gpr83,MV_in_Sema5b,0.8547666585178625,0.7095333228357255,0.4143510726487993,0.9975598887231797,0.9951197774463594,0.017116137580669707,0.7090602998844686,0.6699804998116986,1.426937672839056,1,excitatory,2,0328_M1_C,False,10,14.0,neuron,neuronal_or_other,True,False,False,False,False,1,0.3189820861867327,0.9947915030023594,0.9959428919799294,0.06884342204336387,True,False,False,False,False,False
2656144900298100114,oligodendrocyte_progenitor_2,4,oligodendrocyte_2,oligodendrocyte_2,oligodendrocyte_2,0.8661814663661651,0.7354391211734973,0.41143405161455193,0.9973211104415919,0.994750146728672,0.01904687067136792,0.8727550578617679,0.7823496336800256,0.48043010334607744,__MISSING__,__MISSING__,__MISSING__,0328_M1_T,True,7,10.0,glial_non_neuronal,oligodendrocyte_opc,True,True,True,True,False,3,0.6143086983153176,0.017514683020851327,0.05894494884009359,0.06214200942971999,True,False,False,False,False,False
2656143800217200104,oligodendrocyte_progenitor_2,1,oligodendrocyte_progenitor_2,oligodendrocyte_progenitor_2,oligodendrocyte_1,0.6648300807771972,0.47752801575225956,1.0840066453266999,0.9296633166132641,0.8698109352494885,0.29952998524619523,0.5419017691397465,0.1782049472025663,1.0865744925006797,__MISSING__,__MISSING__,__MISSING__,0328_M3_T,True,12,24.0,glial_non_neuronal,oligodendrocyte_opc,True,False,False,False,False,1,-0.5091805003020355,0.15566441124188726,0.2833373768442425,0.09669953598601119,False,True,True,True,True,False
2787445900932100014,oligodendrocyte_2,3,oligodendrocyte_2,oligodendrocyte_2,microglia,0.41264758360742226,0.17752934927788364,1.5149056447626292,0.5377691836543464,0.22078667115288458,1.1745389816246672,0.8813848835193121,0.8304191113345181,0.5849094979638826,__MISSING__,__MISSING__,__MISSING__,0503_F3_S,True,11,15.0,glial_non_neuronal,oligodendrocyte_opc,True,False,False,False,False,1,3.295184775260239,0.39726067768816004,0.29057829864460544,0.08444413460024149,False,True,True,True,True,False
2795584800102100178,MV_in_Gm26673,0,MV_in_Gm26673,MV_in_Gm26673,oligodendrocyte_1,0.9713089375896098,0.9426178809792198,0.13016242803717729,0.9999663490041458,0.9999326980082918,0.0003802377815190202,0.49448167186531045,0.12383114591981914,1.2625121027517177,4,inhibitory,19,0610_F3_S,False,8,18.0,neuron,neuronal_or_other,True,False,False,False,False,1,-1.7651136896281736,0.9319173624081901,0.9331033881378097,0.014324524334997098,False,True,True,True,True,False
2787445900545100298,DH_ex_Maf/Slc17a8,2,DH_ex_Maf/Cck,DH_ex_Maf/Cck,MV_in_Gabra1,0.6817718185118578,0.4870763965146157,0.9131671535617429,0.6303248503964516,0.31856447979041425,0.8439089269165498,0.45193466143201755,0.24049415796947335,1.780179897043048,1,excitatory,10,0503_F3_C,False,18,39.0,neuron,neuronal_or_other,True,False,False,False,False,1,0.7568450026779975,0.877308376759109,0.8811288593426234,0.08941534248285324,True,False,False,False,False,False
2946331700000019031,oligodendrocyte_precursor_cell,4,oligodendrocyte_2,oligodendrocyte_2,oligodendrocyte_2,0.9475970430556654,0.9208226592129507,0.2834135345726591,0.9722712267998114,0.9527462124287368,0.14440080903080663,0.8650819597527154,0.7776214139448369,0.509513584653205,__MISSING__,__MISSING__,__MISSING__,0415_F2_L,True,8,9.0,glial_non_neuronal,oligodendrocyte_opc,True,True,True,True,False,3,0.3514279609392663,0.031186241469348182,0.03051845364598358,0.012267883408335047,True,False,False,False,False,False
2795584800434100164,DH_ex_Prkcg/Rxfp1,0,DH_ex_Prkcg/Rxfp1,DH_ex_Grp,DH_in_Cdh3,0.7032326661800704,0.4151234073942621,0.6472325641244678,0.705034322843031,0.41066299397778994,0.6108211495820228,0.24575763431877182,0.04219486541490344,2.305789087119883,1,excitatory,6,0610_F4_C,False,14,16.0,neuron,neuronal_or_other,False,False,False,False,True,1,0.10114947358420945,0.9869711293832817,0.9867517812586536,0.1304157672408103,False,False,True,True,False,False
2795903600243100106,DH_in_Npy2r,4,DH_in_Npy2r,DH_in_Npy2r,DH_in_Rorb,0.8354153818007644,0.670830769401529,0.44719475194862396,0.9999776066586801,0.9999552133173601,0.0002621529284744783,0.7063229142532225,0.5878176626941141,1.1538610821144448,1,inhibitory,9,0613_M4_L,False,13,17.0,neuron,neuronal_or_other,True,False,False,False,False,1,0.129360688782942,0.9164219162948191,0.9161368948421814,0.08747234383813875,False,True,True,True,True,False
2726562700256100271,MV_in_Gabra1,2,MV_in_Gabra1,MV_in_Gabra1,MV_in_Gm26673,0.9999999940999997,0.9999999939999997,1.4175252073536734e-07,1.0,1.0,-0.0,0.45973846775140803,0.13424998939999733,1.350442406443208,4,inhibitory,16,0422_F2_L,False,11,11.0,neuron,neuronal_or_other,True,False,False,False,False,1,-1.836366666687632,0.46704315037934147,0.4670432099959075,2.950000006277528e-09,False,True,True,True,True,False
2945606900000021324,oligodendrocyte_progenitor_2,4,oligodendrocyte_2,oligodendrocyte_2,oligodendrocyte_2,0.8442601752965112,0.7968213555807099,0.7075924543593963,0.9998262781758582,0.9996565892522457,0.0017019528537374582,0.9058421183138908,0.8177088707601343,0.343671562024521,__MISSING__,__MISSING__,__MISSING__,0328_F1_T,True,10,13.0,glial_non_neuronal,oligodendrocyte_opc,True,True,True,True,False,3,0.6019686702397472,0.07159576827483496,0.04792688586168313,0.08194717902392037,True,False,False,False,False,False
2787889600350100152,M_ex_Vsx2,1,M_ex_Vsx2,M_ex_Vsx2,oligodendrocyte_progenitor_2,0.9965153598053342,0.9930892868290166,0.02358540676278393,0.9999663981631562,0.9999327963263124,0.0003797314355988342,0.7295430735795733,0.6641840118133826,1.284263708138622,3,excitatory,20,0503_M4_C,False,23,64.0,neuron,neuronal_or_other,True,False,False,False,False,1,-0.21582571075198892,0.9751603526982346,0.9754664717009301,0.0016248218996387871,False,True,True,True,True,False
2787445900587100057,oligodendrocyte_2,3,oligodendrocyte_progenitor_2,oligodendrocyte_progenitor_2,oligodendrocyte_1,0.702671819806848,0.512578541120472,0.8715170959246114,0.9593905897340003,0.9262545139371511,0.19869509249984904,0.43474232598423873,0.15641330375247237,1.5287948737962234,__MISSING__,__MISSING__,__MISSING__,0503_F3_C,True,5,6.0,glial_non_neuronal,oligodendrocyte_opc,True,False,False,False,False,1,-0.750086886441961,0.1881356036271605,0.41431665856274447,0.11194235533213366,True,False,False,False,False,False
2656144900635100108,oligodendrocyte_2,1,oligodendrocyte_progenitor_2,oligodendrocyte_progenitor_2,oligodendrocyte_progenitor_2,0.8055499697902412,0.6849820577088722,0.742533134958148,0.9193936505221095,0.8511842516405423,0.32786143318752853,0.7068369952411142,0.5991528797080563,1.2933599447451685,__MISSING__,__MISSING__,__MISSING__,0328_M2_L,True,11,17.0,glial_non_neuronal,oligodendrocyte_opc,True,True,True,True,False,3,0.43369996529733584,0.06005646118696832,0.09546390657642988,0.0359122338468329,True,False,False,False,False,False
2946331700000010505,Schwann_cell,3,Schwann_cell,Schwann_cell,oligodendrocyte_2,0.4449129455509642,0.05959199995547093,1.3204910541463146,0.5041276788794977,0.26960750811448675,1.1635524213060278,0.5592792123541204,0.29271433292554144,1.2916219861759697,__MISSING__,__MISSING__,__MISSING__,0415_F2_T,True,7,14.0,glial_non_neuronal,remaining_glial_non_neuronal,True,False,False,False,False,1,1.7778207908612949,0.07399630802481985,0.2041539598954918,0.06435196460251394,False,True,True,True,True,False
2787445900756100108,MV_in_Sema5b,4,MV_in_Sema5b,MV_in_Sema5b,oligodendrocyte_progenitor_2,0.9999999940999997,0.9999999939999997,1.4175252073536734e-07,1.0,1.0,-0.0,0.7016819141560372,0.6267169624322094,1.370210941018036,4,inhibitory,15,0503_F3_L,False,8,8.0,neuron,neuronal_or_other,True,False,False,False,False,1,-0.3420219577952491,0.9073635365232755,0.907363607507386,2.950000006277528e-09,False,True,True,True,True,False
2795584800101100203,MV_in_Esrrb,1,MV_in_Esrrb,MV_in_Esrrb,MV_in_Gm26673,0.9999999940999997,0.9999999939999997,1.4175252073536734e-07,1.0,1.0,-0.0,0.4275985199021712,0.1320990879415262,1.3585210220715993,4,inhibitory,14,0610_F3_S,False,25,51.0,neuron,neuronal_or_other,True,False,False,False,False,1,-1.842893374852496,0.7118108497263825,0.7118109034971732,2.950000006277528e-09,False,True,True,True,True,False
2787445900289100205,MV_in_Gabra1,0,MV_in_Gabra1,MV_in_Gabra1,MV_ex_Syt2,0.9999999940999997,0.9999999939999997,1.4175252073536734e-07,1.0,1.0,-0.0,0.6037027744982237,0.4943551519444454,1.3619006074983397,4,inhibitory,16,0503_F4_C,False,48,147.0,neuron,neuronal_or_other,True,False,False,False,False,1,-0.7436614219484499,0.7677459234462952,0.7677459805254463,2.950000006277528e-09,False,True,True,True,True,False
2656143800191100094,DM_ex_Zfhx3,1,DM_ex_Zfhx3,DM_ex_Zfhx3,astrocyte_1,0.9999999940999997,0.9999999939999997,1.4175252073536737e-07,1.0,1.0,-0.0,0.5459960356139658,0.38219632870442966,1.49348841747817,2,excitatory,11,0328_M3_T,False,13,32.0,neuron,neuronal_or_other,True,False,False,False,False,1,-1.0839968215638687,0.9675346385894712,0.9675347065868556,2.950000006277528e-09,False,True,True,True,True,False
2707604000041100154,MV_in_Esrrb,1,MV_in_Esrrb,MV_in_Esrrb,MV_ex_Syt2,0.9999999940999997,0.9999999939999997,1.4175252073536734e-07,1.0,1.0,-0.0,0.41868586760987253,0.07848019076547108,1.3595174462028154,4,inhibitory,14,0415_M3_L,False,33,71.0,neuron,neuronal_or_other,True,False,False,False,False,1,-2.0055948750126738,0.7089503254579065,0.7089503815090701,2.950000006277528e-09,False,True,True,True,True,False
2656143800052100258,DH_ex_Prkcg/Nts,2,DH_ex_Prkcg/Cck,DH_ex_Prkcg/Cck,DH_ex_Prkcg/Cck,0.8976494379284223,0.8016311903887992,0.3568276657176557,0.9932801191220403,0.986658002680904,0.040840752130179535,0.49305870480734054,0.20488575204576048,1.3613111604156984,1,excitatory,8,0328_M3_C,False,14,34.0,neuron,neuronal_or_other,True,True,True,True,False,3,-1.240397262442551,0.18261514844557306,0.29548529498618,0.0382091955929233,True,False,False,False,False,False
2795903600693100176,oligodendrocyte_progenitor_2,2,endothelial,endothelial,endothelial,0.6060169809244367,0.40322235810015095,1.2303331912457836,0.6166777987902635,0.3690683387138578,0.9855109040737415,0.5087179528057969,0.33088629543155124,1.4967990490669507,__MISSING__,__MISSING__,__MISSING__,0613_M4_C,True,9,15.0,glial_non_neuronal,oligodendrocyte_opc,True,True,True,True,False,3,1.0810203300819208,0.04800306954528809,0.08679865741568861,0.03114092613213037,True,False,False,False,False,False
2707604700069100073,MV_ex_Syt2,3,MV_ex_Syt2,MV_ex_Syt2,MV_in_Gabra1,0.9999999940999997,0.9999999939999997,1.4175252073536734e-07,1.0,1.0,-0.0,0.3526930501278927,0.15462137009480156,1.9314070243094013,4,excitatory,14,0415_M3_S,False,20,25.0,neuron,neuronal_or_other,True,False,False,False,False,1,-1.774551628073617,0.612484407545378,0.6124844735351286,2.950000006277528e-09,False,True,True,True,True,False
2707604700317100101,MV_in_Esrrb,4,MV_in_Esrrb,MV_in_Esrrb,MV_in_Gm26673,0.9950493744391706,0.990151135007879,0.03151552404395577,1.0,1.0,-0.0,0.3332776444393366,0.004878830189491923,1.4693314445474588,4,inhibitory,14,0415_M2_C,False,38,107.0,neuron,neuronal_or_other,True,False,False,False,False,1,-2.2112983193125246,0.5952943866806557,0.6009528787826351,0.0024797435738613933,False,True,True,True,True,False
2796212800240100232,oligodendrocyte_precursor_cell,2,oligodendrocyte_precursor_cell,oligodendrocyte_precursor_cell,MV_in_Sema5b,0.5162692139180294,0.3626929348004312,1.577268250832847,0.6769560601272099,0.5352675377712126,1.0782899992713957,0.19725361714102826,0.08694495828295071,2.721839796508757,__MISSING__,__MISSING__,__MISSING__,0613_F5_L,True,7,8.0,glial_non_neuronal,oligodendrocyte_opc,True,False,False,False,False,1,0.08349447451026726,0.5208010501609522,0.569460886059951,0.06338022826214518,False,True,True,True,True,False
2787889600314100043,oligodendrocyte_progenitor_2,2,astrocyte_2,astrocyte_2,astrocyte_2,0.8637380601193515,0.7855214231189341,0.5718972316395925,0.9259147004017216,0.8947321944250283,0.3610121214326073,0.8540687026619128,0.7946796035453491,0.6846696968052803,__MISSING__,__MISSING__,__MISSING__,0503_M4_C,True,5,7.0,glial_non_neuronal,oligodendrocyte_opc,True,True,True,True,False,3,0.7605725609333065,0.008938730743236535,0.01757453300015965,0.01100671914135725,True,False,False,False,False,False
2656144900561100046,DH_ex_Cpne4,4,DH_ex_Reln/Nmur2,DH_ex_Cpne4,DH_in_Cdh3,0.5606813939393434,0.12136279367868719,0.6857646662006455,0.7504727267709019,0.5009454535418039,0.5618152050068296,0.4440679227775006,0.32420496839616886,2.102553435723358,1,excitatory,3,0328_M1_L,False,16,38.0,neuron,neuronal_or_other,False,False,False,False,True,1,1.3036266798424054,0.9230540817410962,0.9318782346846656,0.07391969322428743,False,False,True,False,True,False
2795584800204100229,MV_in_Esrrb,3,MV_in_Esrrb,MV_in_Esrrb,astrocyte_1,0.9999999940999997,0.9999999939999997,1.4175252073536734e-07,1.0,1.0,-0.0,0.7611300665733398,0.6290712838848895,1.0150722215612453,4,inhibitory,14,0610_F3_L,False,14,15.0,neuron,neuronal_or_other,True,False,False,False,False,1,-0.33487799079136593,0.9927754149809185,0.9927754832539804,2.950000006277528e-09,False,True,True,True,True,False
2787445900098100223,DH_ex_Maf/Slc17a8,0,DH_ex_Maf/Cck,DH_ex_Maf/Cck,DH_ex_Maf/Cck,0.9553391178216166,0.9237657381860265,0.2185612927961529,0.9920088347766346,0.9840263627150295,0.04662572245562156,0.775567121706773,0.6455908320405517,0.8687809626580162,1,excitatory,10,0503_F5_C,False,28,43.0,neuron,neuronal_or_other,True,True,True,True,False,3,-0.11656018279455216,0.06245867350250378,0.10374053695643617,0.012173902735058337,True,False,False,False,False,False
2787889600409100126,DH_in_Cdh3,3,DH_in_Cdh3,DH_in_Cdh3,DH_ex_Maf/Cck,0.966003875752976,0.9321326144325013,0.14926448980556054,0.9993293682434492,0.9986587364868983,0.005570907808996852,0.6200627655645182,0.49771453277431177,1.5213354773569867,1,inhibitory,10,0503_M4_L,False,27,48.0,neuron,neuronal_or_other,True,False,False,False,False,1,-0.6092988126319122,0.8897034598501139,0.8973069378047295,0.015151333867801379,False,True,True,True,True,False
2787445900499100076,DH_ex_Sox5/Tac1,2,DH_ex_Sox5/Tac1,DH_ex_Sox5/Tac1,oligodendrocyte_progenitor_2,0.9976715384999068,0.9953430827998139,0.0164422612300924,0.9999871485856385,0.9999742971712771,0.00015758468881090445,0.2907212375809277,0.08150408226264982,2.14907853140643,1,excitatory,5,0503_F4_T,False,8,10.0,neuron,neuronal_or_other,True,False,False,False,False,1,-1.9880306180722236,0.9116861328148709,0.9131183096180342,0.0011141275211665825,False,True,True,True,True,False
2656143800214100151,astrocyte_2,0,astrocyte_2,astrocyte_2,astrocyte_1,0.6783456182655877,0.36888109397606406,0.6941638481107952,0.7192441958685032,0.44047167710442503,0.6074962524681877,0.7114328489869758,0.616628860360846,1.3078269338329809,__MISSING__,__MISSING__,__MISSING__,0328_M3_T,True,19,28.0,glial_non_neuronal,astrocyte,True,False,False,False,False,1,1.867841547038981,0.32093516588851545,0.3594144636193809,0.0051747001265604695,False,True,True,True,True,False
2795903600269100080,DH_in_Cdh3,4,DH_in_Cdh3,DH_in_Cdh3,DM_ex_Zfhx3,0.932586913055901,0.8651738319118023,0.24689553479131576,0.9729889016649628,0.9459778033299255,0.12419375179503361,0.30616615804347835,0.13602643639314893,2.349044604246159,1,inhibitory,10,0613_M4_L,False,13,17.0,neuron,neuronal_or_other,True,False,False,False,False,1,-1.4823665652074058,0.972479646129412,0.9732446539471731,0.006749710050276689,False,True,True,True,True,False
2787445900130100076,meninges_1,2,meninges_1,meninges_1,oligodendrocyte_1,0.7751643801432972,0.6925320008985937,0.857004272489228,0.8849170582367425,0.7767349117315823,0.3920106994373239,0.36920407148364603,0.012145653652638477,1.4127307128239068,__MISSING__,__MISSING__,__MISSING__,0503_F5_C,True,6,93.0,glial_non_neuronal,meningeal,True,False,False,False,False,1,-1.2132688527568423,0.4549150899467347,0.6286361030443214,0.060191787356636196,False,True,True,True,True,False
2795103300382100212,DH_ex_Cpne4,0,DH_ex_Cpne4,DH_ex_Cpne4,astrocyte_1,0.9515275151941438,0.903055036188288,0.19399288813084986,0.9997716090240057,0.9995432180480115,0.00214329797474745,0.6563624350569411,0.5554010192447029,1.3970567869809551,1,excitatory,3,0610_M5_S,False,9,17.0,neuron,neuronal_or_other,True,False,False,False,False,1,-0.3839508976043698,0.7459163725732333,0.7630152426384759,0.023732877564939008,False,True,True,True,True,False
2795103300230100111,endothelial,4,oligodendrocyte_2,oligodendrocyte_2,oligodendrocyte_2,0.9192445639096654,0.8798022854769607,0.4018682484787755,0.9279195895423266,0.8817320227388752,0.3101438831394488,0.8027591085945973,0.7053490900189997,0.7457517432889152,__MISSING__,__MISSING__,__MISSING__,0610_M4_L,True,7,12.0,glial_non_neuronal,vascular,True,True,True,True,False,3,0.34651387539696954,0.03676349597851279,0.0397497405201278,0.01226899203845045,True,False,False,False,False,False
2707737900087100135,MV_in_Sema5b,2,MV_in_Sema5b,MV_in_Sema5b,oligodendrocyte_1,0.9999999940999997,0.9999999939999997,1.4175252073536734e-07,1.0,1.0,-0.0,0.3115988146745173,0.20192037531989981,2.596391427134046,4,inhibitory,15,0415_F1_L,False,6,9.0,neuron,neuronal_or_other,True,False,False,False,False,1,-1.6310272455981745,0.7871141772821115,0.7871142523224144,2.950000006277528e-09,False,True,True,True,True,False
2787889600544100149,DH_ex_Reln/Npff,4,DH_ex_Reln/Npff,DH_ex_Reln/Npff,DH_ex_Tac2,0.9999999940999997,0.9999999939999997,1.4175252073536737e-07,1.0,1.0,-0.0,0.2794234503946417,0.13620064178303554,2.276335261586797,1,excitatory,1,0503_M4_S,False,7,16.0,neuron,neuronal_or_other,True,False,False,False,False,1,-1.8304475955070132,0.9186120114328326,0.9186120790052817,2.950000006277527e-09,False,True,True,True,True,False
2795903600323100066,astrocyte_2,0,oligodendrocyte_progenitor_2,oligodendrocyte_progenitor_2,oligodendrocyte_1,0.6483391066185809,0.5310949213795689,1.2210363946560239,0.6305102629519054,0.3630724810270354,1.005063671106294,0.4224876907751513,0.2384209331030731,1.9425212253097208,__MISSING__,__MISSING__,__MISSING__,0613_M4_L,True,4,4.0,glial_non_neuronal,astrocyte,True,False,False,False,False,1,0.5834060362721503,0.24674978704803943,0.3574071904334824,0.04935752280181301,True,False,False,False,False,False
2656144900111100321,oligodendrocyte_progenitor_2,3,oligodendrocyte_2,oligodendrocyte_progenitor_2,oligodendrocyte_2,0.4944594164154975,0.07865003544750893,1.1025971685920082,0.5609129061261804,0.15147404438697815,0.8259484040614987,0.6660734910863297,0.4166957948188327,1.0643550311148284,__MISSING__,__MISSING__,__MISSING__,0328_M1_C,True,16,24.0,glial_non_neuronal,oligodendrocyte_opc,False,True,False,False,False,2,2.354380607279376,0.05496327540754411,0.08937085472628829,0.028766864385386278,False,False,True,False,True,False
2787445900130100144,oligodendrocyte_2,1,oligodendrocyte_progenitor_2,oligodendrocyte_progenitor_2,oligodendrocyte_progenitor_2,0.8770679441841712,0.8342980427757803,0.5945601620104576,0.9838577686548732,0.975498079843981,0.10120668168471443,0.7721043363309033,0.685535287801868,0.9088222398220827,__MISSING__,__MISSING__,__MISSING__,0503_F5_C,True,12,16.0,glial_non_neuronal,oligodendrocyte_opc,True,True,True,True,False,3,0.18175338643564348,0.04207295300617369,0.09481430318752763,0.04052081427330912,True,False,False,False,False,False
2656144900192100014,endothelial,1,astrocyte_1,astrocyte_1,astrocyte_1,0.7139278573423441,0.5453190567567242,0.9046650631864163,0.8863910922469452,0.8044154484908844,0.4457627417628069,0.3603829415543003,0.19342219600394492,2.110861268124875,__MISSING__,__MISSING__,__MISSING__,0328_M1_C,True,7,10.0,glial_non_neuronal,vascular,True,True,True,True,False,3,-0.4545788093930153,0.19768337073543893,0.28316572667623713,0.0375839213251178,True,False,False,False,False,False
2796212800922100039,DH_in_Npy2r,0,DH_in_Npy2r,DH_in_Npy2r,DH_ex_Prkcg/Nts,0.9773769813186738,0.9547539684373479,0.10807909103817222,0.9994589998787919,0.9989179997575839,0.0046103059267782595,0.39897583525570957,0.1539384787065371,1.9334638779744084,1,inhibitory,9,0613_F4_C,False,17,26.0,neuron,neuronal_or_other,True,False,False,False,False,1,-1.6934697690167437,0.9349994434833397,0.9364067996234724,0.00981917993536301,False,True,True,True,True,False
