Cell_ID,true_label,canonical_fold,lzh_pred,wyh_pred,s0_pred,sni_pred,sni_top1,sni_top2,sni_margin,sni_entropy,Region,E/I,Segment,Section_ID,hard_bucket,n_detected,library_size,neuron_or_glial,true_family,sni_correct_on_shared_failure
2707737900112100022,endothelial,2,astrocyte_2,astrocyte_1,astrocyte_2,astrocyte_2,0.9579491668347452,0.039099637068840745,0.9188495297659044,0.19081282796891316,nan,nan,nan,0415_F1_L,True,4.0,4.0,glial_non_neuronal,vascular,False
2707604000109100211,pericyte,4,endothelial,endothelial,MV_in_Sema5b,MV_in_Gm26673,0.5687015710241908,0.1657483505368712,0.40295322048731963,1.5345648426758995,nan,nan,nan,0415_M3_T,True,17.0,19.0,glial_non_neuronal,vascular,False
2656144900058100068,peripheral_glia,4,Schwann_cell,Schwann_cell,Schwann_cell,Schwann_cell,0.9937235975203692,0.006207017453067095,0.9875165800673021,0.03859729738283745,nan,nan,nan,0328_M1_C,True,10.0,44.0,glial_non_neuronal,remaining_glial_non_neuronal,False
2795103300382100107,astrocyte_1,0,oligodendrocyte_1,oligodendrocyte_progenitor_2,oligodendrocyte_1,MV_in_Gabra1,0.35851264998639126,0.2604637326483292,0.09804891733806204,2.0408990226045765,nan,nan,nan,0610_M5_S,True,8.0,11.0,glial_non_neuronal,astrocyte,False
2945606900000003404,pericyte,3,microglia,microglia,microglia,microglia,0.9489928983301077,0.021511697486934628,0.9274812008431731,0.27430045881398024,nan,nan,nan,0328_F1_C,True,6.0,7.0,glial_non_neuronal,vascular,False
2707737900101100075,DH_ex_Maf/Slc17a8,1,DH_ex_Maf/Cck,DH_ex_Maf/Cck,DH_ex_Maf/Cck,MV_ex_Syt2,0.9366062046171273,0.03750343776085452,0.8991027668562728,0.31601547161826604,1.0,excitatory,10.0,0415_F1_L,False,34.0,70.0,neuron,neuronal_or_other,False
2707737900007100130,oligodendrocyte_2,0,oligodendrocyte_progenitor_2,oligodendrocyte_1,oligodendrocyte_1,oligodendrocyte_1,0.8676314302204168,0.1265949315445037,0.741036498675913,0.419506850617049,nan,nan,nan,0415_F1_S,True,7.0,10.0,glial_non_neuronal,oligodendrocyte_opc,False
2795103300182100065,oligodendrocyte_progenitor_1,2,oligodendrocyte_precursor_cell,oligodendrocyte_precursor_cell,oligodendrocyte_precursor_cell,oligodendrocyte_precursor_cell,0.9291534880440969,0.03967654732988235,0.8894769407142146,0.37886713447668113,nan,nan,nan,0610_M4_C,True,9.0,16.0,glial_non_neuronal,oligodendrocyte_opc,False
2795103300193100190,oligodendrocyte_progenitor_2,3,endothelial,endothelial,endothelial,endothelial,0.9923272152900063,0.00258853430207424,0.989738680987932,0.06101160089221865,nan,nan,nan,0610_M4_L,True,7.0,8.0,glial_non_neuronal,oligodendrocyte_opc,False
2726562700118100166,endothelial,1,astrocyte_1,astrocyte_1,astrocyte_1,astrocyte_1,0.6380230467952164,0.2022937409370982,0.4357293058581182,1.083763231213008,nan,nan,nan,0422_F2_C,True,6.0,9.0,glial_non_neuronal,vascular,False
2796212800627100042,oligodendrocyte_progenitor_2,2,oligodendrocyte_1,oligodendrocyte_1,oligodendrocyte_1,oligodendrocyte_progenitor_2,0.5831774046609924,0.260901466747547,0.32227593791344544,1.1845252935052302,nan,nan,nan,0613_F4_T,True,6.0,9.0,glial_non_neuronal,oligodendrocyte_opc,True
2707604000038100061,oligodendrocyte_1,4,oligodendrocyte_progenitor_2,oligodendrocyte_progenitor_2,oligodendrocyte_progenitor_2,oligodendrocyte_progenitor_2,0.9510539847344954,0.0318203953565399,0.9192335893779555,0.25692055637722155,nan,nan,nan,0415_M3_L,True,8.0,11.0,glial_non_neuronal,oligodendrocyte_opc,False
2787445900090100096,astrocyte_1,1,oligodendrocyte_progenitor_2,oligodendrocyte_progenitor_2,oligodendrocyte_progenitor_2,oligodendrocyte_progenitor_2,0.7546764389562008,0.2412914238289567,0.5133850151272441,0.5863084285679014,nan,nan,nan,0503_F5_T,True,15.0,33.0,glial_non_neuronal,astrocyte,False
2787445900398100118,pericyte,0,astrocyte_1,astrocyte_1,astrocyte_1,astrocyte_1,0.7361213922129752,0.14745497065914925,0.588666421553826,0.8662907646821775,nan,nan,nan,0503_F4_C,True,14.0,27.0,glial_non_neuronal,vascular,False
2946331700000003596,microglia,0,oligodendrocyte_progenitor_2,oligodendrocyte_2,oligodendrocyte_2,oligodendrocyte_2,0.46375054440208646,0.26701221134925224,0.19673833305283422,1.4173032138610058,nan,nan,nan,0415_F2_C,True,10.0,14.0,glial_non_neuronal,microglia,False
2656144900535100149,astrocyte_2,0,oligodendrocyte_1,oligodendrocyte_1,oligodendrocyte_1,oligodendrocyte_1,0.7465362897336747,0.21345739322103355,0.5330788965126412,0.7923308680958684,nan,nan,nan,0328_M1_L,True,5.0,6.0,glial_non_neuronal,astrocyte,False
2795584800448100083,endothelial,0,astrocyte_1,astrocyte_1,MV_in_Gabra1,astrocyte_1,0.3390077475833726,0.29322986388102035,0.04577788370235225,1.7707463343135041,nan,nan,nan,0610_F4_T,True,10.0,15.0,glial_non_neuronal,vascular,False
2656143800443100175,oligodendrocyte_progenitor_2,4,oligodendrocyte_1,oligodendrocyte_1,oligodendrocyte_1,oligodendrocyte_1,0.6052423466560066,0.24148648386410176,0.36375586279190486,1.2144118124145598,nan,nan,nan,0328_M3_L,True,7.0,7.0,glial_non_neuronal,oligodendrocyte_opc,False
2795103300405100111,oligodendrocyte_progenitor_2,2,astrocyte_2,astrocyte_2,astrocyte_2,oligodendrocyte_progenitor_2,0.5989735959715539,0.2354005591396147,0.3635730368319392,1.106253360404137,nan,nan,nan,0610_M5_L,True,10.0,13.0,glial_non_neuronal,oligodendrocyte_opc,True
2795903600516100151,endothelial,0,astrocyte_1,astrocyte_1,astrocyte_1,astrocyte_1,0.33400205705327235,0.26839649733804916,0.0656055597152232,1.9931835766379007,nan,nan,nan,0613_M5_C,True,13.0,17.0,glial_non_neuronal,vascular,False
2796212801076100088,meninges_2,4,meninges_1,meninges_1,meninges_1,meninges_1,0.88673861203763,0.11277798204049541,0.7739606299971347,0.3568445641555109,nan,nan,nan,0613_F3_C,True,5.0,30.0,glial_non_neuronal,meningeal,False
2707737900049100026,oligodendrocyte_1,4,oligodendrocyte_progenitor_2,oligodendrocyte_progenitor_2,oligodendrocyte_progenitor_2,oligodendrocyte_progenitor_2,0.9988695497361519,0.0006533709843954647,0.9982161787517565,0.01001781516105578,nan,nan,nan,0415_F1_L,True,12.0,28.0,glial_non_neuronal,oligodendrocyte_opc,False
2795584800400100402,oligodendrocyte_progenitor_2,1,oligodendrocyte_1,oligodendrocyte_1,DH_ex_Sox5,oligodendrocyte_progenitor_2,0.43569165839095453,0.15853606571533177,0.27715559267562273,1.844738028286413,nan,nan,nan,0610_F4_C,True,6.0,10.0,glial_non_neuronal,oligodendrocyte_opc,True
2707604000054100060,astrocyte_1,3,endothelial,oligodendrocyte_progenitor_2,oligodendrocyte_1,DH_ex_Reln/Nmur2,0.557490779521149,0.30645262675286883,0.2510381527682802,1.226261524632916,nan,nan,nan,0415_M3_L,True,6.0,9.0,glial_non_neuronal,astrocyte,False
2707737900021100149,oligodendrocyte_1,1,endothelial,endothelial,endothelial,astrocyte_1,0.29208612083830754,0.26815823870928424,0.023927882129023303,1.9000560872536894,nan,nan,nan,0415_F1_S,True,6.0,8.0,glial_non_neuronal,oligodendrocyte_opc,False
2656144900190100266,oligodendrocyte_progenitor_2,0,endothelial,astrocyte_1,endothelial,endothelial,0.8699446509854506,0.0694867147572299,0.8004579362282207,0.5013413087293092,nan,nan,nan,0328_M1_C,True,8.0,9.0,glial_non_neuronal,oligodendrocyte_opc,False
2787889600362100215,oligodendrocyte_1,3,astrocyte_1,astrocyte_1,astrocyte_1,oligodendrocyte_1,0.7137812705520309,0.18656045419566247,0.5272208163563684,0.9640269302456375,nan,nan,nan,0503_M5_S,True,6.0,8.0,glial_non_neuronal,oligodendrocyte_opc,True
2795103300063100206,DH_ex_Gpr83,4,DH_ex_Grpr,DH_ex_Grpr,DH_ex_Prkcg/Nts,DH_ex_Prkcg/Nts,0.37759764401041074,0.2825190742211288,0.09507856978928192,1.59370277975046,1.0,excitatory,2.0,0610_M4_S,False,13.0,17.0,neuron,neuronal_or_other,False
2787889600057100125,DH_ex_Maf/Slc17a8,4,DH_ex_Maf/Cck,DH_ex_Maf/Cck,MV_ex_Syt2,oligodendrocyte_precursor_cell,0.3356808879610103,0.3087750476404207,0.026905840320589625,1.5475605358453435,1.0,excitatory,10.0,0503_M5_C,False,17.0,21.0,neuron,neuronal_or_other,False
2796212800418100152,gamma_motoneuron,4,alpha_motoneuron,alpha_motoneuron,alpha_motoneuron,alpha_motoneuron,0.9986339813856016,0.000524394586156793,0.9981095867994447,0.012978286219486736,nan,nan,22.0,0613_F3_S,False,15.0,22.0,glial_non_neuronal,neuronal_or_other,False
2787445900360100208,astrocyte_1,0,oligodendrocyte_progenitor_2,oligodendrocyte_progenitor_2,MV_in_Chrna2,oligodendrocyte_progenitor_2,0.7470045048661784,0.1957763067060266,0.5512281981601518,0.8041105481943233,nan,nan,nan,0503_F4_C,True,25.0,62.0,glial_non_neuronal,astrocyte,False
2787445900698100134,oligodendrocyte_2,0,oligodendrocyte_progenitor_2,oligodendrocyte_progenitor_2,oligodendrocyte_1,oligodendrocyte_progenitor_2,0.9629908475583953,0.0358444835167905,0.9271463640416048,0.16579586416082384,nan,nan,nan,0503_F3_C,True,13.0,34.0,glial_non_neuronal,oligodendrocyte_opc,False
2787445900660100194,endothelial,2,oligodendrocyte_progenitor_2,oligodendrocyte_progenitor_2,oligodendrocyte_progenitor_2,oligodendrocyte_progenitor_2,0.9805618452541625,0.005460779216459327,0.9751010660377031,0.14174393383673045,nan,nan,nan,0503_F3_C,True,14.0,18.0,glial_non_neuronal,vascular,False
2787445900095100103,oligodendrocyte_progenitor_2,4,oligodendrocyte_2,oligodendrocyte_2,oligodendrocyte_2,oligodendrocyte_2,0.8820898290370132,0.11608575440530743,0.7660040746317057,0.3751628630637004,nan,nan,nan,0503_F5_C,True,16.0,25.0,glial_non_neuronal,oligodendrocyte_opc,False
2656144900609100174,DH_ex_Prkcg/Nts,3,DH_ex_Prkcg/Cck,DH_ex_Prkcg/Cck,DH_ex_Prkcg/Cck,DH_ex_Prkcg/Cck,0.8002863815883575,0.1810716194210087,0.6192147621673488,0.5922150369870598,1.0,excitatory,8.0,0328_M2_L,False,17.0,35.0,neuron,neuronal_or_other,False
2707737900120100153,oligodendrocyte_1,3,oligodendrocyte_progenitor_2,oligodendrocyte_progenitor_2,oligodendrocyte_progenitor_2,oligodendrocyte_progenitor_2,0.9063372772097278,0.07785792134305476,0.828479355866673,0.3763000034980923,nan,nan,nan,0415_F1_T,True,9.0,13.0,glial_non_neuronal,oligodendrocyte_opc,False
2656144900351100151,endothelial,4,oligodendrocyte_progenitor_2,oligodendrocyte_progenitor_2,oligodendrocyte_progenitor_2,oligodendrocyte_progenitor_2,0.7585429588035145,0.1504208543496063,0.6081221044539082,0.8418749530771884,nan,nan,nan,0328_M1_T,True,4.0,4.0,glial_non_neuronal,vascular,False
2795584800449100206,oligodendrocyte_progenitor_2,2,oligodendrocyte_2,oligodendrocyte_2,oligodendrocyte_2,oligodendrocyte_2,0.9490243533969525,0.04770444107365543,0.901319912323297,0.21735309226407104,nan,nan,nan,0610_F4_T,True,15.0,27.0,glial_non_neuronal,oligodendrocyte_opc,False
2787889600230100269,oligodendrocyte_1,0,oligodendrocyte_progenitor_2,oligodendrocyte_progenitor_2,oligodendrocyte_progenitor_2,oligodendrocyte_progenitor_2,0.9997636698743031,0.00012582392086782913,0.9996378459534353,0.0027125747645614594,nan,nan,nan,0503_M5_T,True,30.0,78.0,glial_non_neuronal,oligodendrocyte_opc,False
2707604700363200032,oligodendrocyte_progenitor_1,3,oligodendrocyte_precursor_cell,oligodendrocyte_precursor_cell,oligodendrocyte_precursor_cell,oligodendrocyte_precursor_cell,0.9955631491228794,0.0010480936744352448,0.9945150554484441,0.03736399154670604,nan,nan,nan,0415_M2_C,True,35.0,68.0,glial_non_neuronal,oligodendrocyte_opc,False
2656144900111100164,DH_ex_Prkcg/Nts,2,DH_ex_Tac2,DH_ex_Tac2,DH_ex_Tac2,astrocyte_1,0.4510242653321589,0.26657372461394324,0.18445054071821565,1.6886184949851728,1.0,excitatory,8.0,0328_M1_C,False,7.0,9.0,neuron,neuronal_or_other,False
2656144900590100237,astrocyte_1,3,oligodendrocyte_1,oligodendrocyte_progenitor_2,oligodendrocyte_1,oligodendrocyte_progenitor_2,0.8539129327312306,0.06741100880748252,0.7865019239237481,0.5907637043707369,nan,nan,nan,0328_M1_L,True,8.0,16.0,glial_non_neuronal,astrocyte,False
2795103300098100192,astrocyte_1,1,oligodendrocyte_progenitor_2,oligodendrocyte_progenitor_2,oligodendrocyte_progenitor_2,oligodendrocyte_progenitor_2,0.9712542573769574,0.0157297270549334,0.955524530322024,0.16952473636748672,nan,nan,nan,0610_M4_S,True,9.0,11.0,glial_non_neuronal,astrocyte,False
2656144300125200083,oligodendrocyte_1,2,endothelial,endothelial,endothelial,endothelial,0.514271410145398,0.1649526287432404,0.3493187814021576,1.6095631777389463,nan,nan,nan,0328_F2_T,True,8.0,11.0,glial_non_neuronal,oligodendrocyte_opc,False
2946331700000021284,DH_ex_Rreb1,2,DH_ex_Maf/Cck,DH_ex_Maf/Cck,DH_ex_Maf/Cck,DH_ex_Maf/Cck,0.6754646608078613,0.1933668182556131,0.4820978425522482,1.1501015664881642,1.0,excitatory,10.0,0415_F2_L,False,12.0,16.0,neuron,neuronal_or_other,False
2795903600268100244,endothelial,4,astrocyte_1,astrocyte_1,astrocyte_1,astrocyte_1,0.8650745000770509,0.06030571190705232,0.8047687881699985,0.677435439374998,nan,nan,nan,0613_M4_L,True,10.0,14.0,glial_non_neuronal,vascular,False
2795584800130100185,gamma_motoneuron,4,beta_motoneuron,beta_motoneuron,beta_motoneuron,alpha_motoneuron,0.6595467672793976,0.311298009954561,0.3482487573248367,0.775474804037712,nan,nan,22.0,0610_F3_L,False,10.0,21.0,glial_non_neuronal,neuronal_or_other,False
2795584800589100202,pericyte,0,astrocyte_1,astrocyte_1,astrocyte_1,astrocyte_1,0.5174316642086191,0.21630387591549205,0.30112778829312703,1.4700899486240286,nan,nan,nan,0610_F5_C,True,6.0,7.0,glial_non_neuronal,vascular,False
2656144900532100019,oligodendrocyte_2,0,microglia,microglia,microglia,microglia,0.40130239088624853,0.20064849575256313,0.2006538951336854,1.7033747710337623,nan,nan,nan,0328_M2_L,True,12.0,15.0,glial_non_neuronal,oligodendrocyte_opc,False
2795903600438100162,DH_ex_Maf/Slc17a8,0,DH_ex_Maf/Cck,DH_ex_Maf/Cck,DH_ex_Maf/Cck,astrocyte_1,0.48389430294130253,0.20340175810864167,0.28049254483266084,1.756945599167453,1.0,excitatory,10.0,0613_M5_C,False,10.0,13.0,neuron,neuronal_or_other,False
2726562700278100055,astrocyte_2,0,astrocyte_1,astrocyte_1,astrocyte_1,astrocyte_1,0.6399346988135388,0.16410102858312337,0.47583367023041545,1.2468931416401605,nan,nan,nan,0422_F2_L,True,8.0,9.0,glial_non_neuronal,astrocyte,False
2796212800792100191,DH_ex_Tac2,1,DH_ex_Prkcg/Cck,DH_ex_Prkcg/Nts,DH_ex_Sox5,DH_ex_Sox5,0.647033799594993,0.19406570162975237,0.4529680979652406,1.264744510045768,1.0,excitatory,8.0,0613_F4_C,False,11.0,15.0,neuron,neuronal_or_other,False
2796212800343100093,oligodendrocyte_1,1,oligodendrocyte_progenitor_2,oligodendrocyte_progenitor_2,oligodendrocyte_progenitor_2,oligodendrocyte_progenitor_2,0.996996581419496,0.002078543065128478,0.9949180383543675,0.024263789446417456,nan,nan,nan,0613_F5_T,True,12.0,33.0,glial_non_neuronal,oligodendrocyte_opc,False
2795903600169100089,oligodendrocyte_progenitor_2,4,oligodendrocyte_1,oligodendrocyte_1,oligodendrocyte_1,oligodendrocyte_progenitor_2,0.43052164978489754,0.1698945001354679,0.2606271496494297,1.773392686587146,nan,nan,nan,0613_M5_L,True,7.0,7.0,glial_non_neuronal,oligodendrocyte_opc,True
2656143800418100063,microglia,2,oligodendrocyte_1,oligodendrocyte_1,oligodendrocyte_1,oligodendrocyte_1,0.5735162781515892,0.19808958339575675,0.37542669475583246,1.3420718764565411,nan,nan,nan,0328_M3_L,True,6.0,9.0,glial_non_neuronal,microglia,False
2707737900060100041,oligodendrocyte_1,1,oligodendrocyte_progenitor_2,oligodendrocyte_progenitor_2,oligodendrocyte_progenitor_2,oligodendrocyte_progenitor_2,0.9998058973154169,0.00011584876823216533,0.9996900485471848,0.0022032718003903076,nan,nan,nan,0415_F1_L,True,12.0,34.0,glial_non_neuronal,oligodendrocyte_opc,False
2656144300188100230,microglia,1,astrocyte_1,astrocyte_1,astrocyte_1,astrocyte_1,0.9221354984527349,0.0504836604208427,0.8716518380318922,0.38177472150048625,nan,nan,nan,0328_F2_L,True,10.0,10.0,glial_non_neuronal,microglia,False
2787889600127100132,alpha_motoneuron,2,beta_motoneuron,beta_motoneuron,beta_motoneuron,alpha_motoneuron,0.9965506920756751,0.0027524772819101143,0.9937982147937651,0.02639056532145056,nan,nan,22.0,0503_M5_C,False,8.0,10.0,glial_non_neuronal,neuronal_or_other,True
2707604800119100064,oligodendrocyte_2,3,oligodendrocyte_progenitor_2,oligodendrocyte_progenitor_2,oligodendrocyte_progenitor_2,oligodendrocyte_progenitor_2,0.5934798657674274,0.39540725978643254,0.19807260598099485,0.7495232440513335,nan,nan,nan,0415_M1_L,True,6.0,9.0,glial_non_neuronal,oligodendrocyte_opc,False
2795903600401100209,DH_ex_Maf/Cpne4,0,DH_ex_Maf/Cck,DH_ex_Rreb1,astrocyte_1,DH_ex_Maf/Cck,0.32558011152501753,0.18544982911431676,0.14013028241070077,2.0965009956865144,1.0,excitatory,10.0,0613_M4_T,False,4.0,5.0,neuron,neuronal_or_other,False
2707604700068100176,oligodendrocyte_progenitor_2,0,oligodendrocyte_1,oligodendrocyte_1,oligodendrocyte_1,oligodendrocyte_progenitor_2,0.9808974865875566,0.01629705401574298,0.9646004325718136,0.10788581217268396,nan,nan,nan,0415_M3_S,True,5.0,20.0,glial_non_neuronal,oligodendrocyte_opc,True
2796212800816200003,meninges_2,3,meninges_1,meninges_1,meninges_1,meninges_2,0.6424960380640767,0.11510893969047181,0.5273870983736049,1.1835873525324727,nan,nan,nan,0613_F3_C,True,3.0,17.0,glial_non_neuronal,meningeal,True
2795103300445100084,oligodendrocyte_progenitor_2,1,endothelial,endothelial,endothelial,oligodendrocyte_1,0.7274726069804897,0.12556469898724998,0.6019079079932397,1.0201983309546987,nan,nan,nan,0610_M5_L,True,6.0,7.0,glial_non_neuronal,oligodendrocyte_opc,False
2787889600388100127,oligodendrocyte_progenitor_1,2,endothelial,endothelial,endothelial,endothelial,0.5166447131589147,0.1434636734013865,0.3731810397575282,1.6850966655419466,nan,nan,nan,0503_M4_C,True,18.0,27.0,glial_non_neuronal,oligodendrocyte_opc,False
2796212800552100138,astrocyte_1,2,oligodendrocyte_1,oligodendrocyte_1,oligodendrocyte_1,DH_in_Cdh3,0.3886926939227019,0.37364422758504534,0.015048466337656552,1.6251501841788736,nan,nan,nan,0613_F3_L,True,10.0,12.0,glial_non_neuronal,astrocyte,False
2726543700098100172,oligodendrocyte_precursor_cell,3,oligodendrocyte_1,oligodendrocyte_1,MV_in_Gabra1,MV_in_Gabra1,0.8054305159520797,0.07905054367381031,0.7263799722782693,0.8064908408826652,nan,nan,nan,0422_M3_C,True,7.0,11.0,glial_non_neuronal,oligodendrocyte_opc,False
2795584800421100152,endothelial,3,astrocyte_1,astrocyte_1,astrocyte_1,oligodendrocyte_1,0.40773516462639264,0.2803122417784581,0.12742292284793455,1.3727566227692733,nan,nan,nan,0610_F4_L,True,5.0,8.0,glial_non_neuronal,vascular,False
2787445900434100022,astrocyte_1,0,oligodendrocyte_2,oligodendrocyte_2,oligodendrocyte_1,astrocyte_1,0.32174501560078644,0.25456104376745475,0.06718397183333169,1.5635855520850668,nan,nan,nan,0503_F4_C,True,6.0,8.0,glial_non_neuronal,astrocyte,True
2787889600414100194,oligodendrocyte_progenitor_2,2,oligodendrocyte_2,oligodendrocyte_2,oligodendrocyte_2,oligodendrocyte_2,0.9898340502750201,0.009942319862058815,0.9798917304129613,0.058350335518501335,nan,nan,nan,0503_M4_T,True,7.0,10.0,glial_non_neuronal,oligodendrocyte_opc,False
2707604800080200033,oligodendrocyte_1,2,oligodendrocyte_progenitor_2,oligodendrocyte_progenitor_2,oligodendrocyte_progenitor_2,oligodendrocyte_progenitor_2,0.9984213105922997,0.0002867874970999553,0.9981345230951997,0.015727254295454723,nan,nan,nan,0415_M1_L,True,21.0,38.0,glial_non_neuronal,oligodendrocyte_opc,False
2787445900327100122,oligodendrocyte_progenitor_2,0,endothelial,endothelial,endothelial,astrocyte_1,0.34888401693476356,0.21857583868048025,0.1303081782542833,1.80422506180648,nan,nan,nan,0503_F4_C,True,14.0,18.0,glial_non_neuronal,oligodendrocyte_opc,False
2787445900681100180,oligodendrocyte_progenitor_2,2,astrocyte_1,oligodendrocyte_1,endothelial,endothelial,0.8810689033384193,0.0696238900327424,0.8114450133056769,0.5368529774506553,nan,nan,nan,0503_F3_L,True,8.0,10.0,glial_non_neuronal,oligodendrocyte_opc,False
2795584800222100100,astrocyte_2,4,oligodendrocyte_progenitor_2,oligodendrocyte_progenitor_2,oligodendrocyte_progenitor_2,oligodendrocyte_progenitor_2,0.9943924404185696,0.0032448280588983063,0.9911476123596713,0.04207627098510638,nan,nan,nan,0610_F3_C,True,5.0,12.0,glial_non_neuronal,astrocyte,False
2796212800855100235,oligodendrocyte_progenitor_2,0,oligodendrocyte_1,oligodendrocyte_1,oligodendrocyte_1,MV_in_Sema5b,0.4623964148961115,0.20194415647390518,0.2604522584222063,1.7368371708458807,nan,nan,nan,0613_F4_C,True,12.0,19.0,glial_non_neuronal,oligodendrocyte_opc,False
2787889600397100193,oligodendrocyte_progenitor_2,3,astrocyte_1,astrocyte_1,astrocyte_1,astrocyte_1,0.8588381090096854,0.06752075518644761,0.7913173538232378,0.6225798177917087,nan,nan,nan,0503_M5_S,True,6.0,7.0,glial_non_neuronal,oligodendrocyte_opc,False
2726543700433100081,oligodendrocyte_1,2,astrocyte_1,astrocyte_1,astrocyte_2,astrocyte_1,0.46929095953528144,0.26005399954776476,0.20923695998751668,1.5756679429525011,nan,nan,nan,0422_M3_L,True,4.0,5.0,glial_non_neuronal,oligodendrocyte_opc,False
2795903600302100045,meninges_3,2,meninges_2,meninges_1,meninges_2,meninges_3,0.9869198677487819,0.010002534076499047,0.9769173336722828,0.07942254002037034,nan,nan,nan,0613_M5_T,True,3.0,39.0,glial_non_neuronal,meningeal,True
2707737900034100174,oligodendrocyte_2,3,astrocyte_2,astrocyte_2,oligodendrocyte_1,astrocyte_1,0.5535112561583393,0.19034459218554448,0.36316666397279485,1.1998834936220995,nan,nan,nan,0415_F1_L,True,7.0,9.0,glial_non_neuronal,oligodendrocyte_opc,False
2946331700000004996,oligodendrocyte_1,4,oligodendrocyte_progenitor_2,oligodendrocyte_progenitor_2,oligodendrocyte_progenitor_2,oligodendrocyte_progenitor_2,0.9975798243647034,0.0011057404829521997,0.9964740838817512,0.021841088619259253,nan,nan,nan,0415_F2_C,True,21.0,44.0,glial_non_neuronal,oligodendrocyte_opc,False
2787445900617100074,oligodendrocyte_progenitor_2,4,oligodendrocyte_2,oligodendrocyte_2,oligodendrocyte_2,oligodendrocyte_progenitor_2,0.9079977697929478,0.09181407381596562,0.8161836959769821,0.30900939158077634,nan,nan,nan,0503_F3_C,True,13.0,29.0,glial_non_neuronal,oligodendrocyte_opc,True
2946331700000017243,oligodendrocyte_progenitor_2,4,oligodendrocyte_1,oligodendrocyte_1,oligodendrocyte_1,oligodendrocyte_1,0.8188752662657142,0.1423904310100643,0.6764848352556498,0.647517087662123,nan,nan,nan,0415_F2_L,True,7.0,8.0,glial_non_neuronal,oligodendrocyte_opc,False
2787445900659100212,endothelial,3,oligodendrocyte_1,oligodendrocyte_1,oligodendrocyte_1,oligodendrocyte_progenitor_2,0.7349851665468123,0.25622844350348495,0.4787567230433274,0.6312076376320814,nan,nan,nan,0503_F3_C,True,5.0,7.0,glial_non_neuronal,vascular,False
2707737900134100140,oligodendrocyte_1,2,oligodendrocyte_progenitor_2,oligodendrocyte_progenitor_2,oligodendrocyte_progenitor_2,oligodendrocyte_progenitor_2,0.8365943534517238,0.05383838745730641,0.7827559659944174,0.8628225102190039,nan,nan,nan,0415_F1_T,True,20.0,33.0,glial_non_neuronal,oligodendrocyte_opc,False
2795903600639100122,beta_motoneuron,1,alpha_motoneuron,alpha_motoneuron,oligodendrocyte_progenitor_2,oligodendrocyte_progenitor_2,0.8339193062030921,0.1299363208337835,0.7039829853693086,0.5543452912469378,nan,nan,22.0,0613_M4_C,False,14.0,32.0,glial_non_neuronal,neuronal_or_other,False
2795103300108100026,oligodendrocyte_1,1,oligodendrocyte_progenitor_2,oligodendrocyte_progenitor_2,oligodendrocyte_progenitor_2,peripheral_glia,0.763878327005332,0.23133502584663937,0.5325433011586926,0.5765175732864466,nan,nan,nan,0610_M4_C,True,9.0,17.0,glial_non_neuronal,oligodendrocyte_opc,False
2656143800215100289,DH_ex_Maf/Slc17a8,2,DH_ex_Maf/Cck,DH_ex_Maf/Cck,oligodendrocyte_2,oligodendrocyte_2,0.4712487226130216,0.19428005419352445,0.27696866841949713,1.652914238750747,1.0,excitatory,10.0,0328_M3_T,False,6.0,7.0,neuron,neuronal_or_other,False
2787889600346100131,meninges_2,2,meninges_3,meninges_3,meninges_1,meninges_1,0.5167424552482188,0.4273897102256734,0.08935274502254542,0.9095431276944248,nan,nan,nan,0503_M4_C,True,7.0,153.0,glial_non_neuronal,meningeal,False
2726544200060200054,DH_in_Klhl14,0,DH_in_Cdh3,DH_in_Cdh3,MV_in_Chrna2,MV_in_Chrna2,0.8144685301548639,0.042883106248389445,0.7715854239064744,0.8813722403260847,1.0,inhibitory,10.0,0422_M1_C,False,9.0,11.0,neuron,neuronal_or_other,False
2946331700000015941,endothelial,4,oligodendrocyte_1,oligodendrocyte_progenitor_2,oligodendrocyte_1,oligodendrocyte_progenitor_2,0.9234155003800572,0.04820715035656347,0.8752083500234937,0.33878711165394376,nan,nan,nan,0415_F2_L,True,11.0,18.0,glial_non_neuronal,vascular,False
2787445900700100017,meninges_3,3,meninges_1,meninges_1,meninges_1,meninges_1,0.9221648356675473,0.03768808443559636,0.8844767512319509,0.3750360570654999,nan,nan,nan,0503_F3_C,True,5.0,39.0,glial_non_neuronal,meningeal,False
2796212800109100145,oligodendrocyte_1,0,oligodendrocyte_progenitor_2,oligodendrocyte_progenitor_2,oligodendrocyte_progenitor_2,oligodendrocyte_progenitor_2,0.9723558214101217,0.023510489055442528,0.9488453323546792,0.14417954987343967,nan,nan,nan,0613_F5_S,True,9.0,13.0,glial_non_neuronal,oligodendrocyte_opc,False
2787445900243100229,oligodendrocyte_1,3,oligodendrocyte_progenitor_2,oligodendrocyte_progenitor_2,oligodendrocyte_progenitor_2,oligodendrocyte_progenitor_2,0.9994685457998199,0.00039139996021071737,0.9990771458396092,0.005139534858968661,nan,nan,nan,0503_F5_C,True,9.0,20.0,glial_non_neuronal,oligodendrocyte_opc,False
2726544600456100096,oligodendrocyte_progenitor_1,0,oligodendrocyte_precursor_cell,oligodendrocyte_precursor_cell,oligodendrocyte_precursor_cell,oligodendrocyte_1,0.6921343970008298,0.20127066442856179,0.490863732572268,1.0519599378079987,nan,nan,nan,0422_F1_L,True,4.0,6.0,glial_non_neuronal,oligodendrocyte_opc,False
2795584800386200020,astrocyte_1,2,oligodendrocyte_progenitor_2,oligodendrocyte_progenitor_2,oligodendrocyte_progenitor_2,oligodendrocyte_progenitor_2,0.9884409064613181,0.00972104716175732,0.9787198592995607,0.06955707738769626,nan,nan,nan,0610_F4_L,True,10.0,28.0,glial_non_neuronal,astrocyte,False
2656144900238100093,DH_ex_Grp,2,DH_ex_Prkcg/Rxfp1,DH_ex_Prkcg/Rxfp1,astrocyte_1,DH_ex_Reln/Nmur2,0.8443928418804645,0.12690856347967513,0.7174842784007893,0.5722972328811453,1.0,excitatory,6.0,0328_M2_C,False,8.0,10.0,neuron,neuronal_or_other,False
2946331700000022140,DH_ex_Prkcg/Cck,4,DH_ex_Prkcg/Nts,DH_ex_Prkcg/Nts,DH_ex_Sox5,DH_ex_Sox5,0.7650011755267261,0.1999906276141863,0.5650105479125398,0.7402459433861545,1.0,excitatory,8.0,0415_F2_L,False,20.0,31.0,neuron,neuronal_or_other,False
2795103300165100044,oligodendrocyte_progenitor_2,3,oligodendrocyte_2,oligodendrocyte_2,oligodendrocyte_2,oligodendrocyte_2,0.9619504238859043,0.037184861149603704,0.9247655627363006,0.16683228098234287,nan,nan,nan,0610_M4_L,True,5.0,13.0,glial_non_neuronal,oligodendrocyte_opc,False
2787445900206100256,astrocyte_1,2,endothelial,endothelial,endothelial,endothelial,0.970941682926664,0.016613542511138446,0.9543281404155256,0.16651881446615202,nan,nan,nan,0503_F5_C,True,9.0,9.0,glial_non_neuronal,astrocyte,False
2795903600668100127,endothelial,2,astrocyte_1,astrocyte_1,astrocyte_2,astrocyte_1,0.4856851938870764,0.3295487421806425,0.15613645170643392,1.3865871240673036,nan,nan,nan,0613_M4_C,True,7.0,7.0,glial_non_neuronal,vascular,False
2795903600353100318,endothelial,4,oligodendrocyte_1,oligodendrocyte_progenitor_2,MV_in_Chrna2,MV_in_Gm26673,0.45874528358004396,0.36844178019778173,0.09030350338226223,1.3112800859865146,nan,nan,nan,0613_M5_T,True,8.0,11.0,glial_non_neuronal,vascular,False
2726544600029100174,endothelial,4,oligodendrocyte_1,oligodendrocyte_1,astrocyte_1,oligodendrocyte_1,0.5185692088466252,0.282693753906434,0.2358754549401912,1.4416459574590474,nan,nan,nan,0422_F1_C,True,12.0,17.0,glial_non_neuronal,vascular,False
2796212801016100049,meninges_1,2,meninges_3,meninges_3,meninges_3,meninges_3,0.6569327005056576,0.3354538428369514,0.32147885766870615,0.6846149001910756,nan,nan,nan,0613_F4_C,True,2.0,151.0,glial_non_neuronal,meningeal,False
2796212800462100157,astrocyte_1,3,endothelial,endothelial,MV_in_Chrna2,endothelial,0.3492141239065242,0.16290454352548225,0.18630958038104192,1.9562433508653523,nan,nan,nan,0613_F4_L,True,14.0,18.0,glial_non_neuronal,astrocyte,False
2796212800362100078,oligodendrocyte_progenitor_2,0,astrocyte_1,astrocyte_1,astrocyte_2,astrocyte_1,0.5013799067477666,0.49379340973213964,0.007586497015626914,0.7286781243535413,nan,nan,nan,0613_F4_L,True,9.0,10.0,glial_non_neuronal,oligodendrocyte_opc,False
2707604800384100151,DH_ex_Rreb1,1,DH_ex_Maf/Cck,DH_ex_Maf/Cck,DH_ex_Maf/Cck,DH_in_Cdh3,0.7603340026758648,0.13184706111451108,0.6284869415613538,0.9418026250485702,1.0,excitatory,10.0,0415_M1_C,False,15.0,19.0,neuron,neuronal_or_other,False
2787889600481100192,oligodendrocyte_1,3,oligodendrocyte_progenitor_2,oligodendrocyte_progenitor_2,oligodendrocyte_progenitor_2,oligodendrocyte_progenitor_2,0.998367410103028,0.0011310671698172615,0.9972363429332107,0.01457060642265604,nan,nan,nan,0503_M4_L,True,19.0,48.0,glial_non_neuronal,oligodendrocyte_opc,False
2787445900322100059,endothelial,4,oligodendrocyte_progenitor_2,oligodendrocyte_progenitor_2,oligodendrocyte_progenitor_2,oligodendrocyte_progenitor_2,0.9785958466689479,0.012845093726865433,0.9657507529420825,0.1338944023147356,nan,nan,nan,0503_F4_C,True,33.0,83.0,glial_non_neuronal,vascular,False
2656144900583100141,oligodendrocyte_progenitor_2,4,oligodendrocyte_1,oligodendrocyte_1,oligodendrocyte_1,oligodendrocyte_1,0.4906666778493191,0.2768218275184012,0.21384485033091793,1.2256737478303028,nan,nan,nan,0328_M2_L,True,5.0,14.0,glial_non_neuronal,oligodendrocyte_opc,False
2796212800249100014,oligodendrocyte_progenitor_1,4,oligodendrocyte_precursor_cell,oligodendrocyte_precursor_cell,oligodendrocyte_precursor_cell,oligodendrocyte_precursor_cell,0.9923390078290895,0.006286469547853618,0.9860525382812358,0.052165701936972564,nan,nan,nan,0613_F5_T,True,7.0,11.0,glial_non_neuronal,oligodendrocyte_opc,False
2707604700316100053,pericyte,1,astrocyte_1,astrocyte_1,astrocyte_1,astrocyte_1,0.3941833993960176,0.387072856012631,0.007110543383386625,1.48713130785524,nan,nan,nan,0415_M2_C,True,9.0,13.0,glial_non_neuronal,vascular,False
2787889600280100049,DH_ex_Prkcg/Nts,0,DH_ex_Tac2,DH_ex_Tac2,DH_ex_Prkcg/Rxfp1,DH_ex_Prkcg/Cck,0.5109715695537541,0.17395282765854714,0.337018741895207,1.6611584775319983,1.0,excitatory,8.0,0503_M4_C,False,21.0,59.0,neuron,neuronal_or_other,False
2656144900404100023,DH_ex_Prkcg/Cck,0,DH_ex_Prkcg/Nts,DH_ex_Prkcg/Nts,DH_ex_Prkcg/Nts,DH_ex_Prkcg/Nts,0.9949385759210243,0.003445115445647553,0.9914934604753768,0.038778691666559124,1.0,excitatory,8.0,0328_M1_T,False,10.0,15.0,neuron,neuronal_or_other,False
2787445900588100088,astrocyte_2,2,oligodendrocyte_progenitor_2,oligodendrocyte_progenitor_2,oligodendrocyte_progenitor_2,oligodendrocyte_progenitor_2,0.9991105772405907,0.0005490822869682624,0.9985614949536225,0.008194482017451453,nan,nan,nan,0503_F3_C,True,8.0,10.0,glial_non_neuronal,astrocyte,False
2787445900060100046,oligodendrocyte_2,0,oligodendrocyte_progenitor_2,oligodendrocyte_progenitor_2,oligodendrocyte_progenitor_2,oligodendrocyte_progenitor_2,0.8348953139246886,0.16392991915192925,0.6709653947727594,0.4564732245343018,nan,nan,nan,0503_F5_C,True,10.0,21.0,glial_non_neuronal,oligodendrocyte_opc,False
2656143800442100187,DH_ex_Tac2,4,DH_ex_Prkcg/Nts,DH_ex_Prkcg/Nts,DH_ex_Maf/Cck,astrocyte_1,0.17451620837834486,0.16522631787069514,0.009289890507649723,2.6473378215610075,1.0,excitatory,8.0,0328_M3_L,False,11.0,20.0,neuron,neuronal_or_other,False
2796212800822100176,oligodendrocyte_1,0,oligodendrocyte_precursor_cell,oligodendrocyte_progenitor_2,oligodendrocyte_precursor_cell,oligodendrocyte_1,0.5188885618187087,0.19088311361169105,0.3280054482070176,1.3576504281911317,nan,nan,nan,0613_F4_C,True,8.0,23.0,glial_non_neuronal,oligodendrocyte_opc,True
2707604800343100130,oligodendrocyte_1,3,oligodendrocyte_progenitor_2,oligodendrocyte_progenitor_2,oligodendrocyte_progenitor_2,oligodendrocyte_progenitor_2,0.9980660725140635,0.001589972868735339,0.9964760996453282,0.015766830751622215,nan,nan,nan,0415_M1_C,True,9.0,20.0,glial_non_neuronal,oligodendrocyte_opc,False
2707604800406100019,oligodendrocyte_progenitor_2,4,oligodendrocyte_2,oligodendrocyte_2,astrocyte_2,oligodendrocyte_progenitor_2,0.5839160098720547,0.3838315721419557,0.20008443773009904,0.8416877203710509,nan,nan,nan,0415_M1_C,True,19.0,26.0,glial_non_neuronal,oligodendrocyte_opc,True
2656143800153100063,DH_ex_Grp,4,DH_ex_Prkcg/Rxfp1,DH_ex_Prkcg/Rxfp1,DH_ex_Nmu/Tac2,DM_ex_Zfhx3,0.2565769910853455,0.2297804956721123,0.026796495413233173,2.1301459638527196,1.0,excitatory,6.0,0328_M3_C,False,30.0,51.0,neuron,neuronal_or_other,False
2656143800029100143,astrocyte_1,3,oligodendrocyte_1,oligodendrocyte_1,oligodendrocyte_1,oligodendrocyte_progenitor_2,0.869024987734332,0.1022350119844033,0.7667899757499287,0.48662944495231814,nan,nan,nan,0328_M3_C,True,12.0,20.0,glial_non_neuronal,astrocyte,False
2795584800380100010,gamma_motoneuron,2,alpha_motoneuron,alpha_motoneuron,alpha_motoneuron,alpha_motoneuron,0.9994453884779131,0.00036036401962431146,0.9990850244582887,0.005309171332527853,nan,nan,22.0,0610_F4_L,False,21.0,43.0,glial_non_neuronal,neuronal_or_other,False
2707604800240100095,oligodendrocyte_progenitor_2,3,oligodendrocyte_1,oligodendrocyte_1,oligodendrocyte_1,oligodendrocyte_progenitor_2,0.5915051542421944,0.36192112697981743,0.22958402726237698,0.8556552566194516,nan,nan,nan,0415_M1_T,True,6.0,14.0,glial_non_neuronal,oligodendrocyte_opc,True
2795903600589100109,oligodendrocyte_progenitor_1,1,oligodendrocyte_precursor_cell,oligodendrocyte_precursor_cell,oligodendrocyte_precursor_cell,oligodendrocyte_precursor_cell,0.9957496079718076,0.0036106689886766055,0.992138938983131,0.030520209602415242,nan,nan,nan,0613_M4_C,True,9.0,16.0,glial_non_neuronal,oligodendrocyte_opc,False
2707604700248100266,oligodendrocyte_precursor_cell,3,oligodendrocyte_2,oligodendrocyte_2,oligodendrocyte_2,oligodendrocyte_2,0.5571834688452738,0.4232910516629485,0.1338924171823253,0.7934907163207345,nan,nan,nan,0415_M2_T,True,19.0,24.0,glial_non_neuronal,oligodendrocyte_opc,False
2945606900000029469,gamma_motoneuron,3,alpha_motoneuron,alpha_motoneuron,alpha_motoneuron,alpha_motoneuron,0.9997295765128301,0.00011616093688784766,0.9996134155759423,0.00298759107406343,nan,nan,22.0,0328_F1_S,False,15.0,26.0,glial_non_neuronal,neuronal_or_other,False
2795584800136100120,oligodendrocyte_1,3,oligodendrocyte_2,oligodendrocyte_progenitor_2,oligodendrocyte_2,oligodendrocyte_2,0.9944314759554141,0.004257573114721191,0.990173902840693,0.04045892997466777,nan,nan,nan,0610_F3_S,True,6.0,6.0,glial_non_neuronal,oligodendrocyte_opc,False
2945606900000005485,endothelial,4,astrocyte_1,astrocyte_1,astrocyte_2,astrocyte_2,0.5206480538264485,0.35849116653970364,0.16215688728674488,0.9955343497890705,nan,nan,nan,0328_F1_C,True,13.0,21.0,glial_non_neuronal,vascular,False
2787445900500100017,oligodendrocyte_progenitor_2,2,oligodendrocyte_2,oligodendrocyte_2,oligodendrocyte_2,oligodendrocyte_2,0.8681735549866949,0.12788099188466917,0.7402925631020257,0.4154468595691302,nan,nan,nan,0503_F4_T,True,6.0,9.0,glial_non_neuronal,oligodendrocyte_opc,False
2787889600482100046,oligodendrocyte_1,4,oligodendrocyte_progenitor_2,oligodendrocyte_progenitor_2,oligodendrocyte_progenitor_2,oligodendrocyte_progenitor_2,0.954072275820448,0.0380353950984461,0.9160368807220018,0.22089177231353463,nan,nan,nan,0503_M4_L,True,18.0,34.0,glial_non_neuronal,oligodendrocyte_opc,False
2795584800385200012,endothelial,1,oligodendrocyte_1,oligodendrocyte_1,oligodendrocyte_progenitor_2,oligodendrocyte_progenitor_2,0.8569230595887305,0.07279140232077398,0.7841316572679565,0.5913277536267255,nan,nan,nan,0610_F4_L,True,6.0,23.0,glial_non_neuronal,vascular,False
2945606900000000710,meninges_2,3,meninges_1,meninges_3,meninges_3,meninges_3,0.8312642578474307,0.15326051135473373,0.678003746492697,0.5075657196839959,nan,nan,nan,0328_F1_C,True,3.0,30.0,glial_non_neuronal,meningeal,False
2795903600269100116,DH_in_Npy2r,2,DH_in_Kcnip2,DH_in_Kcnip2,MV_in_Gabra1,DM_ex_Zfhx3,0.21117576158019266,0.11771341400391604,0.09346234757627662,2.7148728228781804,1.0,inhibitory,9.0,0613_M4_L,False,14.0,19.0,neuron,neuronal_or_other,False
2656144900315100221,astrocyte_1,3,astrocyte_2,astrocyte_2,astrocyte_2,astrocyte_2,0.982746509134004,0.0171868135031278,0.9655596956308762,0.0877541795402051,nan,nan,nan,0328_M2_C,True,8.0,10.0,glial_non_neuronal,astrocyte,False
2796212801012100215,oligodendrocyte_precursor_cell,1,endothelial,endothelial,DH_in_Rorb,DH_in_Rorb,0.5077681216138336,0.44064515822628764,0.06712296338754592,0.9773253733213741,nan,nan,nan,0613_F3_C,True,8.0,9.0,glial_non_neuronal,oligodendrocyte_opc,False
2656144900641100240,DH_ex_Grp,1,DH_ex_Prkcg/Rxfp1,DH_ex_Prkcg/Rxfp1,DH_ex_Reln/Nmur2,DH_ex_Nmu/Tac2,0.5335281725766365,0.31892116653856495,0.2146070060380716,1.185077289075612,1.0,excitatory,6.0,0328_M1_L,False,17.0,24.0,neuron,neuronal_or_other,False
2795903600141100184,oligodendrocyte_progenitor_2,4,oligodendrocyte_2,oligodendrocyte_2,oligodendrocyte_2,oligodendrocyte_2,0.979101526421185,0.02011123017772157,0.9589902962434634,0.10625712336839599,nan,nan,nan,0613_M5_L,True,15.0,18.0,glial_non_neuronal,oligodendrocyte_opc,False
2795584800385100283,astrocyte_1,3,microglia,microglia,endothelial,microglia,0.4038684219390047,0.335695391768633,0.06817303017037168,1.5874099817021752,nan,nan,nan,0610_F4_L,True,8.0,9.0,glial_non_neuronal,astrocyte,False
2656144900641100255,oligodendrocyte_1,3,oligodendrocyte_progenitor_2,oligodendrocyte_progenitor_2,oligodendrocyte_progenitor_2,oligodendrocyte_progenitor_2,0.9979122478291237,0.0010437609366248635,0.9968684868924989,0.01902067787484282,nan,nan,nan,0328_M1_L,True,13.0,27.0,glial_non_neuronal,oligodendrocyte_opc,False
2656143800189100068,oligodendrocyte_2,0,oligodendrocyte_progenitor_2,oligodendrocyte_progenitor_2,oligodendrocyte_1,oligodendrocyte_progenitor_2,0.682301404714899,0.22146514274324097,0.460836261971658,0.9452632608577339,nan,nan,nan,0328_M3_T,True,8.0,9.0,glial_non_neuronal,oligodendrocyte_opc,False
2656144900351200123,oligodendrocyte_1,3,astrocyte_1,astrocyte_1,astrocyte_1,astrocyte_1,0.8439375240430339,0.09056168026900299,0.7533758437740309,0.6480633348958017,nan,nan,nan,0328_M1_T,True,5.0,7.0,glial_non_neuronal,oligodendrocyte_opc,False
2796212800174100040,astrocyte_2,4,oligodendrocyte_2,oligodendrocyte_2,oligodendrocyte_2,oligodendrocyte_2,0.5021071517716664,0.4972332352276604,0.004873916544006041,0.6994659297873901,nan,nan,nan,0613_F5_L,True,10.0,22.0,glial_non_neuronal,astrocyte,False
2787889600384100079,oligodendrocyte_progenitor_2,4,endothelial,endothelial,astrocyte_2,endothelial,0.4045519396547048,0.33615426287464095,0.06839767678006387,1.4915964882993307,nan,nan,nan,0503_M4_C,True,7.0,14.0,glial_non_neuronal,oligodendrocyte_opc,False
2656144300060100179,DH_ex_Grp,3,DH_ex_Prkcg/Rxfp1,DH_ex_Prkcg/Rxfp1,oligodendrocyte_progenitor_2,oligodendrocyte_progenitor_2,0.9865521293532512,0.004973576747340788,0.9815785526059104,0.09498143543372076,1.0,excitatory,6.0,0328_F2_C,False,4.0,9.0,neuron,neuronal_or_other,False
2795103300368100087,DH_ex_Maf/Slc17a8,3,DH_ex_Rreb1,DH_ex_Rreb1,DM_ex_Zfhx3,astrocyte_1,0.22827237627266686,0.2269328403044847,0.0013395359681821484,2.291404899286065,1.0,excitatory,10.0,0610_M5_T,False,11.0,14.0,neuron,neuronal_or_other,False
2707737900036100042,astrocyte_2,3,oligodendrocyte_progenitor_2,oligodendrocyte_progenitor_2,oligodendrocyte_progenitor_2,oligodendrocyte_progenitor_2,0.999905200874537,5.802297791699335e-05,0.99984717789662,0.0011427690416655227,nan,nan,nan,0415_F1_L,True,22.0,81.0,glial_non_neuronal,astrocyte,False
2656144900541100114,oligodendrocyte_progenitor_2,0,endothelial,endothelial,endothelial,endothelial,0.7761391884126082,0.17287056872197748,0.6032686196906307,0.7470869568554492,nan,nan,nan,0328_M1_S,True,9.0,11.0,glial_non_neuronal,oligodendrocyte_opc,False
2796212800913100278,oligodendrocyte_progenitor_2,1,oligodendrocyte_1,oligodendrocyte_1,oligodendrocyte_1,oligodendrocyte_1,0.6451560425092623,0.30494766332360806,0.3402083791856542,0.8496205228731257,nan,nan,nan,0613_F3_C,True,6.0,9.0,glial_non_neuronal,oligodendrocyte_opc,False
2707604700132200249,oligodendrocyte_progenitor_2,2,oligodendrocyte_2,oligodendrocyte_2,oligodendrocyte_2,oligodendrocyte_2,0.9966655612676647,0.0030464922559318495,0.9936190690117328,0.023800642739125855,nan,nan,nan,0415_M2_L,True,17.0,29.0,glial_non_neuronal,oligodendrocyte_opc,False
2707604700155100019,oligodendrocyte_precursor_cell,2,oligodendrocyte_progenitor_2,oligodendrocyte_progenitor_2,oligodendrocyte_progenitor_2,oligodendrocyte_progenitor_2,0.7469615038813842,0.243767638630145,0.5031938652512391,0.6257677320869404,nan,nan,nan,0415_M2_L,True,24.0,31.0,glial_non_neuronal,oligodendrocyte_opc,False
2707604700133100078,oligodendrocyte_1,0,oligodendrocyte_2,oligodendrocyte_2,oligodendrocyte_2,oligodendrocyte_2,0.9614763507973888,0.037661685795675824,0.9238146650017129,0.16908656465072291,nan,nan,nan,0415_M2_L,True,12.0,14.0,glial_non_neuronal,oligodendrocyte_opc,False
2795103300029100113,oligodendrocyte_progenitor_1,3,oligodendrocyte_precursor_cell,oligodendrocyte_precursor_cell,oligodendrocyte_precursor_cell,oligodendrocyte_precursor_cell,0.5214196022955022,0.4693232674600725,0.05209633483542969,0.7531366691768517,nan,nan,nan,0610_M4_S,True,11.0,19.0,glial_non_neuronal,oligodendrocyte_opc,False
2787445900359100176,astrocyte_1,1,oligodendrocyte_progenitor_2,oligodendrocyte_progenitor_2,oligodendrocyte_progenitor_2,oligodendrocyte_progenitor_2,0.923859200945915,0.0759497012961911,0.847909499649724,0.2709947255870878,nan,nan,nan,0503_F4_C,True,26.0,92.0,glial_non_neuronal,astrocyte,False
2656143800416100329,DH_ex_Reln/Nmur2,0,DH_ex_Cpne4,DH_ex_Cpne4,DH_ex_Cpne4,DH_ex_Cpne4,0.5745382832564317,0.08907161575185962,0.4854666675045721,1.7412687396711715,1.0,excitatory,3.0,0328_M3_L,False,14.0,19.0,neuron,neuronal_or_other,False
2795584800136100155,astrocyte_2,3,astrocyte_1,astrocyte_1,astrocyte_1,astrocyte_1,0.997474167041267,0.00142830873553939,0.9960458583057277,0.021538043430489325,nan,nan,nan,0610_F3_S,True,11.0,15.0,glial_non_neuronal,astrocyte,False
2656143800054100097,oligodendrocyte_1,1,oligodendrocyte_progenitor_2,oligodendrocyte_progenitor_2,oligodendrocyte_progenitor_2,oligodendrocyte_progenitor_2,0.8956493408834022,0.10032858510064334,0.7953207557827588,0.3603353531300666,nan,nan,nan,0328_M3_C,True,14.0,44.0,glial_non_neuronal,oligodendrocyte_opc,False
2656144300123100021,astrocyte_2,1,oligodendrocyte_1,oligodendrocyte_1,endothelial,oligodendrocyte_1,0.9648865029260555,0.02110968186713739,0.9437768210589181,0.19994951233899833,nan,nan,nan,0328_F2_T,True,4.0,4.0,glial_non_neuronal,astrocyte,False
2946331700000017600,oligodendrocyte_progenitor_2,4,oligodendrocyte_1,oligodendrocyte_1,MV_ex_Shox2,MV_ex_Shox2,0.4519087656646491,0.20110283262878,0.25080593303586907,1.597050581693187,nan,nan,nan,0415_F2_L,True,12.0,18.0,glial_non_neuronal,oligodendrocyte_opc,False
2787445900401100112,astrocyte_1,3,oligodendrocyte_progenitor_2,oligodendrocyte_progenitor_2,oligodendrocyte_progenitor_2,oligodendrocyte_progenitor_2,0.9768855087424023,0.02032416782492942,0.9565613409174729,0.1247163245960148,nan,nan,nan,0503_F4_C,True,16.0,28.0,glial_non_neuronal,astrocyte,False
2795103300189100043,oligodendrocyte_2,0,oligodendrocyte_progenitor_2,oligodendrocyte_progenitor_2,oligodendrocyte_progenitor_2,oligodendrocyte_progenitor_2,0.9866405493031005,0.004434870416956356,0.9822056788861442,0.10244142287913272,nan,nan,nan,0610_M4_T,True,13.0,13.0,glial_non_neuronal,oligodendrocyte_opc,False
2787889600516100044,oligodendrocyte_1,2,oligodendrocyte_2,oligodendrocyte_2,oligodendrocyte_2,oligodendrocyte_2,0.8573558517209334,0.13966716432864773,0.7176886873922856,0.42812405254866753,nan,nan,nan,0503_M4_L,True,7.0,17.0,glial_non_neuronal,oligodendrocyte_opc,False
2787445900396100255,astrocyte_1,3,endothelial,endothelial,beta_motoneuron,astrocyte_1,0.7940682337393709,0.08742949364261407,0.7066387400967568,0.8947141134343874,nan,nan,nan,0503_F4_C,True,7.0,8.0,glial_non_neuronal,astrocyte,True
2796212800919100069,oligodendrocyte_1,1,oligodendrocyte_progenitor_2,oligodendrocyte_progenitor_2,astrocyte_1,MV_in_Gm26673,0.47000579306032275,0.2878325354959367,0.18217325756438607,1.2071779740323056,nan,nan,nan,0613_F4_C,True,22.0,48.0,glial_non_neuronal,oligodendrocyte_opc,False
2787445900659100089,pericyte,1,oligodendrocyte_1,astrocyte_1,oligodendrocyte_1,astrocyte_1,0.8472817944993094,0.09613138294228557,0.7511504115570238,0.5712343302826974,nan,nan,nan,0503_F3_C,True,9.0,11.0,glial_non_neuronal,vascular,False
2945606900000006766,oligodendrocyte_precursor_cell,1,astrocyte_1,astrocyte_1,astrocyte_1,astrocyte_1,0.9281476512666522,0.029624310089373492,0.8985233411772787,0.42677705278214895,nan,nan,nan,0328_F1_C,True,12.0,14.0,glial_non_neuronal,oligodendrocyte_opc,False
2656143800130100125,oligodendrocyte_progenitor_2,2,oligodendrocyte_1,oligodendrocyte_1,oligodendrocyte_2,oligodendrocyte_2,0.49051324612443215,0.38631280267378587,0.10420044345064627,1.268858825179638,nan,nan,nan,0328_M3_C,True,16.0,19.0,glial_non_neuronal,oligodendrocyte_opc,False
2795903600166100037,oligodendrocyte_progenitor_2,4,astrocyte_2,astrocyte_2,astrocyte_2,endothelial,0.49001354010134424,0.12256716433222253,0.3674463757691217,1.7890488065289212,nan,nan,nan,0613_M5_L,True,3.0,4.0,glial_non_neuronal,oligodendrocyte_opc,False
2787445900130100046,oligodendrocyte_progenitor_2,2,meninges_1,meninges_1,meninges_2,oligodendrocyte_progenitor_2,0.9486857825093779,0.030141407042608908,0.9185443754667689,0.27029489518723615,nan,nan,nan,0503_F5_C,True,13.0,65.0,glial_non_neuronal,oligodendrocyte_opc,True
2795584800455100125,DH_ex_Maf/Cpne4,4,DH_ex_Maf/Cck,DH_ex_Maf/Cck,DH_ex_Maf/Cck,MV_ex_Syt2,0.584936763443581,0.1351090983416499,0.4498276651019311,1.655977324751402,1.0,excitatory,10.0,0610_F4_L,False,20.0,30.0,neuron,neuronal_or_other,False
2796212801010100021,oligodendrocyte_1,2,oligodendrocyte_progenitor_2,oligodendrocyte_progenitor_2,oligodendrocyte_progenitor_2,oligodendrocyte_progenitor_2,0.6841321799185597,0.21624107838333834,0.46789110153522134,0.9849080380533555,nan,nan,nan,0613_F3_C,True,10.0,26.0,glial_non_neuronal,oligodendrocyte_opc,False
2656143800055100188,gamma_motoneuron,3,alpha_motoneuron,alpha_motoneuron,visceral_motoneuron,alpha_motoneuron,0.5016761454553863,0.4520278318000351,0.04964831365535122,0.9227878507505791,nan,nan,22.0,0328_M3_C,False,29.0,67.0,glial_non_neuronal,neuronal_or_other,False
2787445900087100097,endothelial,0,oligodendrocyte_progenitor_2,oligodendrocyte_progenitor_2,oligodendrocyte_progenitor_2,oligodendrocyte_progenitor_2,0.9614924385494131,0.03773206005537605,0.9237603784940371,0.16816528038037992,nan,nan,nan,0503_F5_T,True,7.0,13.0,glial_non_neuronal,vascular,False
2787445900654100050,oligodendrocyte_progenitor_2,3,oligodendrocyte_2,oligodendrocyte_2,oligodendrocyte_2,oligodendrocyte_2,0.9056552441102221,0.09294908272820013,0.812706161382022,0.32279317847375155,nan,nan,nan,0503_F3_C,True,7.0,9.0,glial_non_neuronal,oligodendrocyte_opc,False
2946331700000004620,endothelial,3,oligodendrocyte_1,oligodendrocyte_1,DH_in_Cdh3,MV_in_Gabra1,0.4648929824672219,0.09698447981092996,0.36790850265629194,1.9671810656785724,nan,nan,nan,0415_F2_C,True,8.0,10.0,glial_non_neuronal,vascular,False
2787445900199100016,astrocyte_1,4,oligodendrocyte_progenitor_2,oligodendrocyte_progenitor_2,MV_in_Gabra1,oligodendrocyte_progenitor_2,0.8326544174532959,0.08347884905165034,0.7491755684016456,0.7281566616144899,nan,nan,nan,0503_F5_T,True,12.0,15.0,glial_non_neuronal,astrocyte,False
2707604000110100036,DH_ex_Prkcg/Nts,4,DH_ex_Prkcg/Cck,DH_ex_Prkcg/Cck,DH_ex_Prkcg/Cck,DH_ex_Prkcg/Nts,0.5974476526219508,0.3256396287186234,0.27180802390332737,0.9069776598831567,1.0,excitatory,8.0,0415_M3_T,False,21.0,53.0,neuron,neuronal_or_other,True
2656144900186100063,gamma_motoneuron,1,alpha_motoneuron,alpha_motoneuron,pericyte,pericyte,0.9980238127795161,0.0015896751673173343,0.9964341376121988,0.01586575307953808,nan,nan,22.0,0328_M2_C,False,12.0,18.0,glial_non_neuronal,neuronal_or_other,False
2796212800600100243,oligodendrocyte_1,2,oligodendrocyte_progenitor_2,oligodendrocyte_progenitor_2,oligodendrocyte_progenitor_2,oligodendrocyte_progenitor_2,0.9705452766075106,0.024961965297022427,0.9455833113104881,0.15096222912322496,nan,nan,nan,0613_F5_C,True,7.0,27.0,glial_non_neuronal,oligodendrocyte_opc,False
2787445900657100164,oligodendrocyte_progenitor_2,0,astrocyte_1,astrocyte_1,oligodendrocyte_1,astrocyte_1,0.7133674772919834,0.06449174671559306,0.6488757305763903,1.2344044252598283,nan,nan,nan,0503_F3_C,True,13.0,16.0,glial_non_neuronal,oligodendrocyte_opc,False
2707604700367100107,oligodendrocyte_progenitor_2,1,oligodendrocyte_precursor_cell,oligodendrocyte_precursor_cell,oligodendrocyte_precursor_cell,oligodendrocyte_precursor_cell,0.5525841363397717,0.23456646242658108,0.3180176739131906,1.498520621889589,nan,nan,nan,0415_M2_C,True,16.0,17.0,glial_non_neuronal,oligodendrocyte_opc,False
2656144900273100100,Schwann_cell,4,meninges_1,meninges_1,meninges_1,meninges_1,0.9358807346400371,0.0540600377129274,0.8818206969271096,0.2731673673299936,nan,nan,nan,0328_M1_T,True,9.0,25.0,glial_non_neuronal,remaining_glial_non_neuronal,False
2795584800419100041,oligodendrocyte_1,4,endothelial,endothelial,astrocyte_1,astrocyte_1,0.6495416341469417,0.17440020919044324,0.4751414249564984,1.0890744862233996,nan,nan,nan,0610_F4_L,True,9.0,12.0,glial_non_neuronal,oligodendrocyte_opc,False
2796212800297100083,DH_ex_Maf/Cck,3,DH_ex_Maf/Cpne4,DH_ex_Rreb1,MV_in_Sema5b,oligodendrocyte_1,0.6672527864038695,0.1299860570168812,0.5372667293869884,1.2796221544268749,1.0,excitatory,10.0,0613_F4_S,False,6.0,9.0,neuron,neuronal_or_other,False
2707737900059100120,oligodendrocyte_1,4,oligodendrocyte_progenitor_2,oligodendrocyte_progenitor_2,oligodendrocyte_progenitor_2,oligodendrocyte_progenitor_2,0.9996115922847237,0.0001516932380728447,0.9994598990466509,0.004186202730464403,nan,nan,nan,0415_F1_L,True,7.0,28.0,glial_non_neuronal,oligodendrocyte_opc,False
2796212800855100114,endothelial,0,oligodendrocyte_1,oligodendrocyte_1,oligodendrocyte_1,oligodendrocyte_1,0.9507088161432938,0.027254337882353683,0.9234544782609402,0.2703646787333342,nan,nan,nan,0613_F4_C,True,5.0,7.0,glial_non_neuronal,vascular,False
2795903600428100059,DH_ex_Prkcg/Cck,1,DH_ex_Prkcg/Nts,DH_ex_Prkcg/Nts,DH_ex_Sox5,DH_ex_Sox5,0.92136027847142,0.03422475529973208,0.8871355231716879,0.45102302637033426,1.0,excitatory,8.0,0613_M4_T,False,9.0,15.0,neuron,neuronal_or_other,False
2796212800880100075,oligodendrocyte_progenitor_1,1,oligodendrocyte_precursor_cell,oligodendrocyte_precursor_cell,oligodendrocyte_precursor_cell,oligodendrocyte_progenitor_2,0.9265458357452496,0.06775854903253593,0.8587872867127136,0.2953027511572966,nan,nan,nan,0613_F3_C,True,12.0,22.0,glial_non_neuronal,oligodendrocyte_opc,False
2787445900224100054,oligodendrocyte_2,2,oligodendrocyte_progenitor_2,oligodendrocyte_progenitor_2,oligodendrocyte_progenitor_2,oligodendrocyte_progenitor_2,0.5807381613252816,0.39457413675385405,0.1861640245714275,0.7796910004722375,nan,nan,nan,0503_F5_S,True,11.0,29.0,glial_non_neuronal,oligodendrocyte_opc,False
2795903600515100071,endothelial,4,oligodendrocyte_1,oligodendrocyte_progenitor_2,MV_in_Chrna2,oligodendrocyte_progenitor_2,0.7281470240287711,0.09002252946016584,0.6381244945686052,1.137989547040461,nan,nan,nan,0613_M5_C,True,10.0,15.0,glial_non_neuronal,vascular,False
2787889600095100150,oligodendrocyte_1,4,oligodendrocyte_progenitor_2,oligodendrocyte_progenitor_2,oligodendrocyte_2,oligodendrocyte_2,0.484186455977436,0.2369360971283492,0.24725035884908678,1.6670209621478067,nan,nan,nan,0503_M5_C,True,19.0,29.0,glial_non_neuronal,oligodendrocyte_opc,False
2707604800037100020,oligodendrocyte_1,1,oligodendrocyte_2,oligodendrocyte_2,oligodendrocyte_2,astrocyte_1,0.584580922085172,0.37304024787274126,0.21154067421243072,0.8652315826539622,nan,nan,nan,0415_M1_L,True,6.0,12.0,glial_non_neuronal,oligodendrocyte_opc,False
2796212800462100027,oligodendrocyte_1,2,oligodendrocyte_progenitor_2,oligodendrocyte_progenitor_2,DM_ex_Zfhx3,oligodendrocyte_progenitor_2,0.8826762805700599,0.03492490505937671,0.8477513755106831,0.6144742265323675,nan,nan,nan,0613_F4_L,True,25.0,55.0,glial_non_neuronal,oligodendrocyte_opc,False
2707604700201100053,oligodendrocyte_progenitor_2,1,oligodendrocyte_2,oligodendrocyte_2,oligodendrocyte_2,oligodendrocyte_2,0.9971905818232897,0.0027241782888031865,0.9944664035344865,0.019937373371347246,nan,nan,nan,0415_M2_T,True,16.0,22.0,glial_non_neuronal,oligodendrocyte_opc,False
2787445900681100123,DH_ex_Maf/Slc17a8,3,DH_ex_Maf/Cck,DH_ex_Maf/Cck,oligodendrocyte_progenitor_2,oligodendrocyte_progenitor_2,0.9729784808039682,0.007851299530758674,0.9651271812732095,0.1919052299179167,1.0,excitatory,10.0,0503_F3_L,False,10.0,17.0,neuron,neuronal_or_other,False
2946331700000018728,oligodendrocyte_1,1,endothelial,endothelial,endothelial,MV_in_Gabra1,0.40099295859720296,0.21101672598968987,0.1899762326075131,1.6443972331103978,nan,nan,nan,0415_F2_L,True,10.0,13.0,glial_non_neuronal,oligodendrocyte_opc,False
2707737900007100250,DH_in_Kcnip2,2,DH_in_Npy2r,DH_in_Npy2r,astrocyte_1,DH_in_Npy2r,0.3053263124067317,0.29958848245629577,0.005737829950435924,1.6332341585965218,1.0,inhibitory,9.0,0415_F1_S,False,14.0,18.0,neuron,neuronal_or_other,False
2795584800446100145,oligodendrocyte_precursor_cell,0,astrocyte_1,astrocyte_1,DH_ex_Grpr,astrocyte_1,0.38940342172359327,0.31696709885594176,0.0724363228676515,1.766350986783821,nan,nan,nan,0610_F4_T,True,13.0,17.0,glial_non_neuronal,oligodendrocyte_opc,False
2795584800188100248,DH_ex_Maf/Cck,1,DH_ex_Rreb1,DH_ex_Rreb1,astrocyte_1,astrocyte_1,0.5063641825826655,0.2288524813973321,0.27751170118533336,1.4529101573448724,1.0,excitatory,10.0,0610_F3_C,False,8.0,10.0,neuron,neuronal_or_other,False
2707604700059100025,oligodendrocyte_precursor_cell,4,astrocyte_2,astrocyte_2,astrocyte_1,astrocyte_1,0.8917228058632626,0.049157299242804244,0.8425655066204584,0.47746348983581405,nan,nan,nan,0415_M2_L,True,9.0,10.0,glial_non_neuronal,oligodendrocyte_opc,False
2656144300162100043,DH_ex_Gpr83,3,DH_ex_Grpr,DH_ex_Grpr,astrocyte_1,astrocyte_1,0.916152716269695,0.026034947969901016,0.8901177682997939,0.48888511012843355,1.0,excitatory,2.0,0328_F2_L,False,20.0,26.0,neuron,neuronal_or_other,False
2795584800412100093,endothelial,1,oligodendrocyte_1,oligodendrocyte_1,oligodendrocyte_1,oligodendrocyte_progenitor_2,0.9282362663908805,0.052847188655076795,0.8753890777358038,0.32387758602900146,nan,nan,nan,0610_F4_T,True,7.0,12.0,glial_non_neuronal,vascular,False
2656143800415100023,DH_in_Kcnip2,2,DH_in_Npy2r,DH_in_Npy2r,astrocyte_1,astrocyte_1,0.9703286367248025,0.01054096796161083,0.9597876687631917,0.19344344096757754,1.0,inhibitory,9.0,0328_M3_L,False,11.0,14.0,neuron,neuronal_or_other,False
2787445900634100017,oligodendrocyte_progenitor_2,1,astrocyte_1,astrocyte_1,astrocyte_1,astrocyte_1,0.4838728777187455,0.3223481961667117,0.1615246815520338,1.2973908284204214,nan,nan,nan,0503_F4_S,True,13.0,18.0,glial_non_neuronal,oligodendrocyte_opc,False
2795903600517100029,DH_ex_Grp,0,DH_ex_Prkcg/Rxfp1,DH_ex_Prkcg/Rxfp1,oligodendrocyte_progenitor_2,oligodendrocyte_progenitor_2,0.5455763659662359,0.24317098722870953,0.3024053787375264,1.4748459029308842,1.0,excitatory,6.0,0613_M5_C,False,19.0,28.0,neuron,neuronal_or_other,False
2795903600411100019,peripheral_glia,3,Schwann_cell,Schwann_cell,Schwann_cell,Schwann_cell,0.9998837599306051,4.1663814689819435e-05,0.9998420961159152,0.001356201232049834,nan,nan,nan,0613_M5_C,True,7.0,29.0,glial_non_neuronal,remaining_glial_non_neuronal,False
2656144900371100142,oligodendrocyte_2,1,oligodendrocyte_progenitor_2,oligodendrocyte_progenitor_2,oligodendrocyte_progenitor_2,oligodendrocyte_progenitor_2,0.9131535865918504,0.04207480126691797,0.8710787853249324,0.4012583109508983,nan,nan,nan,0328_M2_T,True,5.0,5.0,glial_non_neuronal,oligodendrocyte_opc,False
2795584800421100200,oligodendrocyte_progenitor_2,3,astrocyte_1,astrocyte_1,astrocyte_1,astrocyte_1,0.8635281081796222,0.06226506404989941,0.8012630441297228,0.6086431805868961,nan,nan,nan,0610_F4_L,True,26.0,37.0,glial_non_neuronal,oligodendrocyte_opc,False
2726562800078100055,oligodendrocyte_1,1,astrocyte_1,astrocyte_1,astrocyte_1,astrocyte_1,0.9799498173385229,0.01674272569501423,0.9632070916435087,0.11353145332867715,nan,nan,nan,0422_M2_C,True,8.0,12.0,glial_non_neuronal,oligodendrocyte_opc,False
2796212800945100041,endothelial,2,astrocyte_1,astrocyte_1,astrocyte_1,astrocyte_1,0.9886630190526117,0.009558986735549117,0.9791040323170626,0.0715930579721734,nan,nan,nan,0613_F3_C,True,15.0,18.0,glial_non_neuronal,vascular,False
2946331700000021478,oligodendrocyte_progenitor_2,0,astrocyte_1,astrocyte_1,astrocyte_1,astrocyte_1,0.9704582962559161,0.010846495581919626,0.9596118006739964,0.2017498985722973,nan,nan,nan,0415_F2_L,True,18.0,21.0,glial_non_neuronal,oligodendrocyte_opc,False
2787445900840100017,meninges_1,4,astrocyte_2,astrocyte_2,astrocyte_2,oligodendrocyte_progenitor_2,0.9767227455622481,0.01317562620725791,0.9635471193549903,0.1354487534456272,nan,nan,nan,0503_M5_C,True,8.0,13.0,glial_non_neuronal,meningeal,False
2795584800418100037,endothelial,4,astrocyte_1,astrocyte_1,DH_in_Cdh3,DH_in_Cdh3,0.8598247759959008,0.11358564699561662,0.7462391290002842,0.5258260777996275,nan,nan,nan,0610_F4_L,True,12.0,18.0,glial_non_neuronal,vascular,False
2656144900314100125,astrocyte_2,0,astrocyte_1,astrocyte_1,astrocyte_1,astrocyte_1,0.9990232382723553,0.0008447259352752303,0.9981785123370801,0.008491695317301068,nan,nan,nan,0328_M2_C,True,8.0,11.0,glial_non_neuronal,astrocyte,False
2787889600405100288,astrocyte_1,1,oligodendrocyte_1,oligodendrocyte_1,oligodendrocyte_1,oligodendrocyte_1,0.9702294272378774,0.01346117397817016,0.9567682532597073,0.17773148884134335,nan,nan,nan,0503_M4_L,True,4.0,6.0,glial_non_neuronal,astrocyte,False
2795584800221100045,DH_in_Klhl14,0,DH_in_Cdh3,DH_in_Cdh3,DH_in_Npy,DH_in_Npy,0.9462710978442354,0.03611857038894654,0.9101525274552889,0.2635554366305217,1.0,inhibitory,10.0,0610_F3_C,False,17.0,38.0,neuron,neuronal_or_other,False
2795903600267100066,oligodendrocyte_progenitor_1,0,oligodendrocyte_precursor_cell,oligodendrocyte_precursor_cell,oligodendrocyte_precursor_cell,oligodendrocyte_precursor_cell,0.9800465176946023,0.009499228778468037,0.9705472889161343,0.12989477222423595,nan,nan,nan,0613_M4_L,True,4.0,13.0,glial_non_neuronal,oligodendrocyte_opc,False
2787889600243100078,meninges_2,4,meninges_1,meninges_1,meninges_1,meninges_1,0.8548520278435837,0.1447072648897342,0.7101447629538495,0.4178460564582304,nan,nan,nan,0503_M4_C,True,12.0,95.0,glial_non_neuronal,meningeal,False
2787889600451100046,oligodendrocyte_progenitor_2,0,astrocyte_1,astrocyte_1,astrocyte_1,astrocyte_1,0.9175041727080299,0.04283076381032855,0.8746734088977013,0.42245352883463655,nan,nan,nan,0503_M4_T,True,6.0,6.0,glial_non_neuronal,oligodendrocyte_opc,False
2787445900512100083,DH_ex_Cpne4,1,DH_ex_Reln/Nmur2,DH_ex_Reln/Nmur2,microglia,microglia,0.8947762914549741,0.026212357749634797,0.8685639337053392,0.5679967872585364,1.0,excitatory,3.0,0503_F3_C,False,5.0,7.0,neuron,neuronal_or_other,False
2796212800388100154,oligodendrocyte_progenitor_2,1,oligodendrocyte_1,oligodendrocyte_1,oligodendrocyte_1,oligodendrocyte_progenitor_2,0.9876404751100669,0.006033621523961786,0.9816068535861051,0.08706817591946932,nan,nan,nan,0613_F3_S,True,11.0,25.0,glial_non_neuronal,oligodendrocyte_opc,True
2787445900682100104,DH_ex_Maf/Slc17a8,1,DH_ex_Maf/Cck,DH_ex_Maf/Cpne4,DH_ex_Maf/Cck,DH_ex_Maf/Cck,0.8123380299531114,0.16499501060696684,0.6473430193461446,0.6016982185169238,1.0,excitatory,10.0,0503_F3_L,False,32.0,53.0,neuron,neuronal_or_other,False
2707604800139100019,endothelial,0,oligodendrocyte_2,oligodendrocyte_2,oligodendrocyte_2,oligodendrocyte_2,0.9856373143380147,0.011103659608822786,0.974533654729192,0.08968129342266976,nan,nan,nan,0415_M1_L,True,18.0,23.0,glial_non_neuronal,vascular,False
2795584800185100100,oligodendrocyte_precursor_cell,0,astrocyte_1,astrocyte_1,astrocyte_2,astrocyte_1,0.4598444468495631,0.4507889984412047,0.009055448408358424,1.0695330493434063,nan,nan,nan,0610_F3_C,True,5.0,10.0,glial_non_neuronal,oligodendrocyte_opc,False
2787445900365100108,oligodendrocyte_1,1,oligodendrocyte_progenitor_2,oligodendrocyte_progenitor_2,oligodendrocyte_progenitor_2,oligodendrocyte_progenitor_2,0.9252662625312424,0.05673675339014163,0.8685295091411008,0.31311272906373633,nan,nan,nan,0503_F4_C,True,9.0,14.0,glial_non_neuronal,oligodendrocyte_opc,False
2707604700131100178,oligodendrocyte_progenitor_2,3,oligodendrocyte_2,oligodendrocyte_2,oligodendrocyte_2,oligodendrocyte_2,0.7724389267901748,0.21941329876005364,0.5530256280301211,0.5852476182099394,nan,nan,nan,0415_M2_L,True,12.0,17.0,glial_non_neuronal,oligodendrocyte_opc,False
2707604800033100022,DH_ex_Grp,4,DH_ex_Prkcg/Rxfp1,DH_ex_Prkcg/Rxfp1,DH_ex_Gpr83,MV_in_Chrna2,0.35940082304465903,0.3375149841902015,0.02188583885445755,1.5921765702314907,1.0,excitatory,6.0,0415_M1_S,False,20.0,27.0,neuron,neuronal_or_other,False
2795903600346200057,oligodendrocyte_precursor_cell,0,oligodendrocyte_progenitor_2,oligodendrocyte_progenitor_2,oligodendrocyte_progenitor_2,endothelial,0.36538781265970577,0.23160400185094196,0.1337838108087638,1.6271998782325194,nan,nan,nan,0613_M4_L,True,9.0,12.0,glial_non_neuronal,oligodendrocyte_opc,False
2656144900477100087,oligodendrocyte_1,0,oligodendrocyte_progenitor_2,oligodendrocyte_progenitor_2,oligodendrocyte_progenitor_2,oligodendrocyte_progenitor_2,0.5903208733479615,0.28613244136481997,0.3041884319831415,1.2003608150776928,nan,nan,nan,0328_M2_L,True,6.0,8.0,glial_non_neuronal,oligodendrocyte_opc,False
2707604000122100150,astrocyte_2,2,astrocyte_1,astrocyte_1,astrocyte_1,astrocyte_1,0.9942068222208692,0.0030091770208205545,0.9911976452000486,0.04778581677722693,nan,nan,nan,0415_M3_T,True,11.0,13.0,glial_non_neuronal,astrocyte,False
2787445900364100165,oligodendrocyte_1,0,oligodendrocyte_progenitor_2,oligodendrocyte_progenitor_2,oligodendrocyte_progenitor_2,oligodendrocyte_progenitor_2,0.9982719808081997,0.0005705364636112536,0.9977014443445884,0.015640344592479257,nan,nan,nan,0503_F4_C,True,8.0,19.0,glial_non_neuronal,oligodendrocyte_opc,False
2707604700093100214,oligodendrocyte_precursor_cell,2,astrocyte_1,astrocyte_1,astrocyte_1,astrocyte_1,0.5437694825256941,0.11200803692865431,0.43176144559703983,1.6638130448016146,nan,nan,nan,0415_M3_S,True,5.0,5.0,glial_non_neuronal,oligodendrocyte_opc,False
2787445900753200023,oligodendrocyte_1,0,oligodendrocyte_progenitor_2,oligodendrocyte_progenitor_2,oligodendrocyte_progenitor_2,oligodendrocyte_progenitor_2,0.9961600900858626,0.001169273734980508,0.994990816350882,0.034218716142259985,nan,nan,nan,0503_F3_L,True,23.0,98.0,glial_non_neuronal,oligodendrocyte_opc,False
2787889600348100092,oligodendrocyte_precursor_cell,2,astrocyte_1,astrocyte_1,astrocyte_1,astrocyte_1,0.5870020078496884,0.4124518289367607,0.17455017891292768,0.6835432837660023,nan,nan,nan,0503_M4_C,True,17.0,32.0,glial_non_neuronal,oligodendrocyte_opc,False
2656143800130100106,gamma_motoneuron,4,alpha_motoneuron,alpha_motoneuron,alpha_motoneuron,alpha_motoneuron,0.9890836615387526,0.010394423161745516,0.978689238377007,0.06295963358748409,nan,nan,22.0,0328_M3_C,False,11.0,19.0,glial_non_neuronal,neuronal_or_other,False
2707737900060100148,pericyte,3,endothelial,endothelial,endothelial,oligodendrocyte_progenitor_2,0.47108478601187953,0.26872739291296954,0.20235739309891,1.530583607273635,nan,nan,nan,0415_F1_L,True,12.0,15.0,glial_non_neuronal,vascular,False
2787445900657100072,oligodendrocyte_1,3,endothelial,endothelial,MV_in_Gm26673,MV_in_Gm26673,0.3731151688236281,0.3603731891420755,0.012741979681552607,1.6338703170749886,nan,nan,nan,0503_F3_C,True,13.0,23.0,glial_non_neuronal,oligodendrocyte_opc,False
2787889600354100180,astrocyte_1,1,oligodendrocyte_progenitor_2,oligodendrocyte_progenitor_2,oligodendrocyte_progenitor_2,oligodendrocyte_progenitor_2,0.7648619145761307,0.12705486742849412,0.6378070471476366,0.8088410723147698,nan,nan,nan,0503_M4_C,True,4.0,5.0,glial_non_neuronal,astrocyte,False
2796212800364100230,oligodendrocyte_progenitor_2,0,astrocyte_1,astrocyte_1,astrocyte_1,MV_in_Gabra1,0.3629031878739844,0.15545667511402955,0.20744651275995485,2.051137899901602,nan,nan,nan,0613_F4_L,True,12.0,18.0,glial_non_neuronal,oligodendrocyte_opc,False
2787445900243100111,oligodendrocyte_progenitor_2,1,endothelial,endothelial,endothelial,endothelial,0.9017129136887263,0.08229563885458854,0.8194172748341377,0.39248284229385616,nan,nan,nan,0503_F5_C,True,13.0,16.0,glial_non_neuronal,oligodendrocyte_opc,False
2946331700000001984,oligodendrocyte_precursor_cell,4,astrocyte_1,astrocyte_1,astrocyte_1,astrocyte_1,0.5723547086833676,0.32749192486686124,0.24486278381650634,1.0699182989791964,nan,nan,nan,0415_F2_C,True,15.0,26.0,glial_non_neuronal,oligodendrocyte_opc,False
2796212800494100029,oligodendrocyte_progenitor_2,4,astrocyte_1,oligodendrocyte_1,oligodendrocyte_1,oligodendrocyte_1,0.47170030369357224,0.2540880853204022,0.21761221837317002,1.368519900088878,nan,nan,nan,0613_F4_L,True,6.0,6.0,glial_non_neuronal,oligodendrocyte_opc,False
2787889600451100097,astrocyte_1,2,oligodendrocyte_progenitor_2,oligodendrocyte_progenitor_2,oligodendrocyte_progenitor_2,oligodendrocyte_progenitor_2,0.9601637222097024,0.025057316851778488,0.9351064053579239,0.22143688782453316,nan,nan,nan,0503_M4_T,True,11.0,23.0,glial_non_neuronal,astrocyte,False
2787889600057100130,oligodendrocyte_1,0,oligodendrocyte_progenitor_2,oligodendrocyte_progenitor_2,oligodendrocyte_progenitor_2,oligodendrocyte_progenitor_2,0.8714895605025852,0.09328635778371121,0.778203202718874,0.5604362425211541,nan,nan,nan,0503_M5_C,True,14.0,22.0,glial_non_neuronal,oligodendrocyte_opc,False
2787445900807100023,DH_in_Klhl14,1,DH_in_Cdh3,DH_in_Cdh3,endothelial,endothelial,0.8045886049912917,0.17641771789190078,0.628170887099391,0.5925690704327776,1.0,inhibitory,10.0,0503_M5_C,False,2.0,2.0,neuron,neuronal_or_other,False
2787445900582100058,oligodendrocyte_1,3,oligodendrocyte_progenitor_2,oligodendrocyte_progenitor_2,oligodendrocyte_progenitor_2,oligodendrocyte_progenitor_2,0.9544145828092672,0.016724223741419835,0.9376903590678474,0.25789667876677724,nan,nan,nan,0503_F3_C,True,11.0,27.0,glial_non_neuronal,oligodendrocyte_opc,False
2707737900098100134,astrocyte_1,1,oligodendrocyte_1,oligodendrocyte_progenitor_2,oligodendrocyte_1,oligodendrocyte_progenitor_2,0.9906052253593854,0.0061920064116566505,0.9844132189477288,0.0625239929370446,nan,nan,nan,0415_F1_L,True,5.0,13.0,glial_non_neuronal,astrocyte,False
2707604700292200071,oligodendrocyte_precursor_cell,0,oligodendrocyte_2,oligodendrocyte_2,oligodendrocyte_progenitor_2,oligodendrocyte_progenitor_2,0.4802604218138551,0.14634889861026534,0.33391152320358974,1.7668023771400283,nan,nan,nan,0415_M2_C,True,10.0,11.0,glial_non_neuronal,oligodendrocyte_opc,False
2795903600301100349,DH_ex_Grpr,3,DH_ex_Gpr83,DH_ex_Gpr83,DH_ex_Sox5,DH_ex_Sox5,0.5041450287296877,0.2214291275006549,0.2827159012290328,1.5087407973479199,1.0,excitatory,2.0,0613_M5_T,False,12.0,12.0,neuron,neuronal_or_other,False
2787889600097100013,oligodendrocyte_progenitor_2,1,oligodendrocyte_2,oligodendrocyte_2,oligodendrocyte_2,oligodendrocyte_progenitor_2,0.6604746768114166,0.3328607497562112,0.32761392705520537,0.683508206882298,nan,nan,nan,0503_M5_C,True,11.0,16.0,glial_non_neuronal,oligodendrocyte_opc,True
2795103300198200066,oligodendrocyte_1,1,oligodendrocyte_2,oligodendrocyte_progenitor_2,oligodendrocyte_2,oligodendrocyte_progenitor_2,0.6140249631615297,0.3843498205982477,0.22967514256328198,0.6814510037519089,nan,nan,nan,0610_M4_L,True,11.0,18.0,glial_non_neuronal,oligodendrocyte_opc,False
2796212800456100245,endothelial,3,astrocyte_1,astrocyte_1,astrocyte_1,MV_in_Sema5b,0.5047717744609799,0.28842691151397337,0.2163448629470065,1.4168993383381892,nan,nan,nan,0613_F3_L,True,6.0,7.0,glial_non_neuronal,vascular,False
2656144900113100167,astrocyte_1,3,oligodendrocyte_1,endothelial,oligodendrocyte_precursor_cell,oligodendrocyte_progenitor_2,0.6133842322932012,0.16401045842434192,0.44937377386885924,1.3395250828452117,nan,nan,nan,0328_M1_C,True,9.0,15.0,glial_non_neuronal,astrocyte,False
2946331700000021405,DH_ex_Tac2,3,DH_ex_Prkcg/Cck,DH_ex_Prkcg/Cck,DH_ex_Reln/Npff,DH_ex_Nmu/Tac2,0.31972420799653145,0.1729506817498984,0.14677352624663306,2.4627785940745013,1.0,excitatory,8.0,0415_F2_L,False,35.0,77.0,neuron,neuronal_or_other,False
2707604800425100207,DH_ex_Prkcg/Nts,4,DH_ex_Nmu/Tac2,DH_ex_Nmu/Tac2,DH_ex_Nmu/Tac2,DH_ex_Nmu/Tac2,0.7389750396667869,0.07193709535192726,0.6670379443148596,1.171808129681869,1.0,excitatory,8.0,0415_M1_C,False,16.0,34.0,neuron,neuronal_or_other,False
2707604800163100144,pericyte,1,endothelial,endothelial,endothelial,astrocyte_1,0.5758671860340577,0.3063070616780921,0.26956012435596566,1.2256193613100066,nan,nan,nan,0415_M1_L,True,23.0,29.0,glial_non_neuronal,vascular,False
2795103300098100091,DH_in_Klhl14,2,DH_in_Cdh3,DH_in_Cdh3,astrocyte_1,astrocyte_1,0.9726979639429355,0.0104673702421525,0.962230593700783,0.18270834733403454,1.0,inhibitory,10.0,0610_M4_S,False,6.0,6.0,neuron,neuronal_or_other,False
2795584800382100052,astrocyte_1,4,endothelial,endothelial,endothelial,endothelial,0.850636194879742,0.07649487972335758,0.7741413151563844,0.651684130557915,nan,nan,nan,0610_F4_L,True,8.0,9.0,glial_non_neuronal,astrocyte,False
2787889600132100226,oligodendrocyte_progenitor_2,0,oligodendrocyte_1,oligodendrocyte_1,oligodendrocyte_1,oligodendrocyte_2,0.5605466254437319,0.3847603081909979,0.17578631725273403,0.9522370397282305,nan,nan,nan,0503_M5_C,True,8.0,8.0,glial_non_neuronal,oligodendrocyte_opc,False
2787889600021100026,oligodendrocyte_2,2,oligodendrocyte_precursor_cell,oligodendrocyte_precursor_cell,microglia,microglia,0.8684990789015461,0.03275710500436416,0.835741973897182,0.6925347391211591,nan,nan,nan,0503_M5_C,True,11.0,13.0,glial_non_neuronal,oligodendrocyte_opc,False
2796212800271100055,oligodendrocyte_progenitor_2,2,oligodendrocyte_1,oligodendrocyte_1,astrocyte_1,astrocyte_1,0.6848787406026806,0.25433543599928443,0.4305433046033962,0.9093545770285465,nan,nan,nan,0613_F5_L,True,5.0,6.0,glial_non_neuronal,oligodendrocyte_opc,False
2707604000056100183,oligodendrocyte_1,2,oligodendrocyte_progenitor_2,oligodendrocyte_progenitor_2,oligodendrocyte_2,oligodendrocyte_progenitor_2,0.7261691042678431,0.26940265950822123,0.45676644475962186,0.6198154236176107,nan,nan,nan,0415_M3_L,True,11.0,17.0,glial_non_neuronal,oligodendrocyte_opc,False
2707604800301100018,peripheral_glia,1,Schwann_cell,Schwann_cell,Schwann_cell,Schwann_cell,0.9992775935502219,0.0006277073684418541,0.9986498861817801,0.006393822379275524,nan,nan,nan,0415_M1_C,True,11.0,23.0,glial_non_neuronal,remaining_glial_non_neuronal,False
2656143800242100029,oligodendrocyte_1,0,astrocyte_1,astrocyte_1,astrocyte_1,astrocyte_1,0.9639202076578924,0.00951393462709269,0.9544062730307997,0.22685337899325594,nan,nan,nan,0328_M3_T,True,12.0,14.0,glial_non_neuronal,oligodendrocyte_opc,False
2796212800530200045,DH_ex_Prkcg/Rxfp1,4,DH_ex_Grp,DH_ex_Grp,astrocyte_2,oligodendrocyte_2,0.7178233819238017,0.24468957055955873,0.47313381136424293,0.7673977467697753,1.0,excitatory,6.0,0613_F4_T,False,10.0,17.0,neuron,neuronal_or_other,False
2787889600242100074,meninges_2,2,meninges_1,meninges_1,meninges_1,meninges_1,0.9675407066726105,0.017741068410493496,0.949799638262117,0.18015437009429275,nan,nan,nan,0503_M4_C,True,5.0,73.0,glial_non_neuronal,meningeal,False
2707737900021100079,oligodendrocyte_progenitor_2,4,endothelial,endothelial,endothelial,endothelial,0.5834970115478634,0.24671323697035244,0.33678377457751096,1.3511096667550946,nan,nan,nan,0415_F1_S,True,8.0,10.0,glial_non_neuronal,oligodendrocyte_opc,False
2795903600115100201,oligodendrocyte_1,1,oligodendrocyte_progenitor_2,oligodendrocyte_progenitor_2,MV_in_Gabra1,MV_in_Gabra1,0.6552421368252043,0.2814610205043444,0.37378111632085986,0.9314821558425246,nan,nan,nan,0613_M5_L,True,14.0,19.0,glial_non_neuronal,oligodendrocyte_opc,False
2795584800398200029,meninges_2,1,meninges_1,meninges_1,meninges_3,meninges_3,0.9946906658797151,0.004050112287066773,0.9906405535926484,0.037243454977801606,nan,nan,nan,0610_F4_C,True,6.0,57.0,glial_non_neuronal,meningeal,False
2787445900685100042,microglia,3,astrocyte_2,astrocyte_2,astrocyte_2,astrocyte_2,0.5063443217010158,0.23413686821108506,0.2722074534899308,1.3785690912343118,nan,nan,nan,0503_F3_T,True,15.0,19.0,glial_non_neuronal,microglia,False
2656144900503100045,astrocyte_2,2,astrocyte_1,astrocyte_1,astrocyte_1,astrocyte_1,0.9968897903521776,0.0029535775050528053,0.9939362128471249,0.021973681387468396,nan,nan,nan,0328_M2_L,True,10.0,15.0,glial_non_neuronal,astrocyte,False
2796212800748100065,DH_in_Klhl14,0,DH_in_Cdh3,DH_in_Cdh3,M_in_Tfap2b,MV_in_Gm26673,0.471311086236796,0.2714267276500892,0.19988435858670683,1.1627891212345112,1.0,inhibitory,10.0,0613_F3_T,False,12.0,19.0,neuron,neuronal_or_other,False
2795584800457100131,astrocyte_1,4,endothelial,endothelial,endothelial,astrocyte_1,0.2796429270109939,0.2325484778501608,0.04709444916083311,1.8585406805293736,nan,nan,nan,0610_F4_L,True,14.0,22.0,glial_non_neuronal,astrocyte,True
2796212800889100232,astrocyte_1,2,oligodendrocyte_progenitor_2,oligodendrocyte_progenitor_2,oligodendrocyte_progenitor_2,oligodendrocyte_progenitor_2,0.9941077881179822,0.00523324043657878,0.9888745476814034,0.0400420844105323,nan,nan,nan,0613_F4_C,True,10.0,33.0,glial_non_neuronal,astrocyte,False
2795584800385100149,oligodendrocyte_progenitor_2,3,oligodendrocyte_1,oligodendrocyte_1,oligodendrocyte_1,oligodendrocyte_progenitor_2,0.9479724336624284,0.05090195711200177,0.8970704765504267,0.21243042991563066,nan,nan,nan,0610_F4_L,True,5.0,19.0,glial_non_neuronal,oligodendrocyte_opc,True
2787889600164100033,gamma_motoneuron,3,alpha_motoneuron,alpha_motoneuron,endothelial,endothelial,0.5206089338052289,0.19419432866078348,0.3264146051444454,1.4775344650137772,nan,nan,22.0,0503_M5_C,False,11.0,11.0,glial_non_neuronal,neuronal_or_other,False
2707604000095100011,meninges_2,3,astrocyte_2,astrocyte_2,meninges_1,meninges_1,0.8105928268754367,0.12763704491720956,0.682955781958227,0.6748131945087401,nan,nan,nan,0415_M3_T,True,16.0,28.0,glial_non_neuronal,meningeal,False
2796212800585100122,oligodendrocyte_1,0,astrocyte_1,astrocyte_1,astrocyte_1,astrocyte_1,0.5442678020625077,0.37411862111235805,0.17014918095014964,1.0666638098561547,nan,nan,nan,0613_F3_L,True,6.0,8.0,glial_non_neuronal,oligodendrocyte_opc,False
2796212801076200052,meninges_2,4,meninges_1,meninges_1,meninges_1,meninges_1,0.9971133388276144,0.0017166862082097583,0.9953966526194047,0.0228506902571528,nan,nan,nan,0613_F3_C,True,6.0,86.0,glial_non_neuronal,meningeal,False
2946331700000012957,oligodendrocyte_1,4,oligodendrocyte_progenitor_2,oligodendrocyte_progenitor_2,oligodendrocyte_progenitor_2,oligodendrocyte_progenitor_2,0.9986762693102531,0.0008446869440101784,0.9978315823662429,0.011667829958017845,nan,nan,nan,0415_F2_L,True,6.0,17.0,glial_non_neuronal,oligodendrocyte_opc,False
2787889600453100017,oligodendrocyte_progenitor_2,0,oligodendrocyte_2,oligodendrocyte_2,oligodendrocyte_2,oligodendrocyte_2,0.9942333897331619,0.005747659446565655,0.9884857302865963,0.03565961558555462,nan,nan,nan,0503_M4_T,True,10.0,19.0,glial_non_neuronal,oligodendrocyte_opc,False
2796212801009100041,oligodendrocyte_progenitor_2,3,oligodendrocyte_1,oligodendrocyte_1,oligodendrocyte_1,oligodendrocyte_1,0.5254754603737759,0.46473325228096046,0.06074220809281544,0.7663584810951467,nan,nan,nan,0613_F3_C,True,10.0,16.0,glial_non_neuronal,oligodendrocyte_opc,False
2707604800061100128,oligodendrocyte_2,2,oligodendrocyte_progenitor_2,oligodendrocyte_progenitor_2,oligodendrocyte_progenitor_2,oligodendrocyte_progenitor_2,0.9864337131047349,0.01217763832117106,0.9742560747835639,0.07956979644418308,nan,nan,nan,0415_M1_L,True,10.0,14.0,glial_non_neuronal,oligodendrocyte_opc,False
2787889600450100291,astrocyte_1,4,oligodendrocyte_progenitor_2,oligodendrocyte_progenitor_2,oligodendrocyte_1,oligodendrocyte_progenitor_2,0.9569486369623079,0.023309902394470183,0.9336387345678377,0.25278640565276955,nan,nan,nan,0503_M4_T,True,9.0,24.0,glial_non_neuronal,astrocyte,False
2656144900542200081,astrocyte_2,0,astrocyte_1,astrocyte_1,astrocyte_1,astrocyte_1,0.5547392306796323,0.21189961406209992,0.3428396166175324,1.2918407728698797,nan,nan,nan,0328_M1_S,True,10.0,11.0,glial_non_neuronal,astrocyte,False
2707604000155100195,DH_ex_Prkcg/Nts,3,DH_ex_Tac2,DH_ex_Tac2,oligodendrocyte_2,oligodendrocyte_2,0.9477263111344836,0.022774740935402483,0.9249515701990811,0.26767544295183565,1.0,excitatory,8.0,0415_M3_T,False,5.0,10.0,neuron,neuronal_or_other,False
2787889600486100159,astrocyte_2,1,oligodendrocyte_progenitor_2,oligodendrocyte_progenitor_2,oligodendrocyte_progenitor_2,oligodendrocyte_progenitor_2,0.9911370411006202,0.005313400690581842,0.9858236404100383,0.06036488994239364,nan,nan,nan,0503_M4_T,True,16.0,21.0,glial_non_neuronal,astrocyte,False
2796212800489100033,DH_in_Klhl14,0,DH_in_Cdh3,DH_in_Cdh3,astrocyte_1,oligodendrocyte_1,0.3205577567247518,0.1934878174833975,0.1270699392413543,2.171597723939244,1.0,inhibitory,10.0,0613_F3_L,False,6.0,6.0,neuron,neuronal_or_other,False
2787445900090100042,DH_ex_Prkcg/Nts,0,DH_ex_Tac2,DH_ex_Tac2,DH_ex_Reln/Nmur2,oligodendrocyte_progenitor_2,0.3255884557413663,0.23275836522310012,0.09283009051826618,2.097471298974572,1.0,excitatory,8.0,0503_F5_T,False,9.0,12.0,neuron,neuronal_or_other,False
2707604000073100035,astrocyte_2,2,oligodendrocyte_precursor_cell,oligodendrocyte_precursor_cell,oligodendrocyte_precursor_cell,astrocyte_1,0.4004595027396052,0.19728013335457908,0.2031793693850261,1.598771329626559,nan,nan,nan,0415_M3_L,True,10.0,12.0,glial_non_neuronal,astrocyte,False
2787445900360100076,oligodendrocyte_precursor_cell,4,astrocyte_1,oligodendrocyte_1,oligodendrocyte_1,oligodendrocyte_progenitor_2,0.4957888304980266,0.3139175217730476,0.18187130872497898,1.2879091635012172,nan,nan,nan,0503_F4_C,True,12.0,23.0,glial_non_neuronal,oligodendrocyte_opc,False
2726544200048100036,oligodendrocyte_precursor_cell,1,oligodendrocyte_1,oligodendrocyte_1,oligodendrocyte_1,oligodendrocyte_1,0.8491803982996644,0.08389851976151798,0.7652818785381464,0.6137750319905139,nan,nan,nan,0422_M1_C,True,5.0,8.0,glial_non_neuronal,oligodendrocyte_opc,False
2787889600229100114,DH_in_Klhl14,2,DH_in_Cdh3,DH_in_Cdh3,MV_in_Gabra1,oligodendrocyte_progenitor_2,0.38182579023982244,0.3289745530987275,0.052851237141094964,1.4197321269717003,1.0,inhibitory,10.0,0503_M5_T,False,10.0,15.0,neuron,neuronal_or_other,False
2796212800333100154,DH_ex_Rreb1,0,DH_ex_Maf/Cck,DH_ex_Maf/Cck,DH_ex_Prkcg/Nts,DH_ex_Prkcg/Nts,0.34829156189112553,0.2410201533382886,0.10727140855283693,1.9686600768218325,1.0,excitatory,10.0,0613_F4_L,False,5.0,5.0,neuron,neuronal_or_other,False
2656144900236100115,astrocyte_1,3,endothelial,endothelial,endothelial,endothelial,0.5906157599685067,0.3876713287953713,0.20294443117313538,0.8011540784727198,nan,nan,nan,0328_M2_C,True,12.0,12.0,glial_non_neuronal,astrocyte,False
2795584800352100059,astrocyte_1,3,oligodendrocyte_progenitor_2,oligodendrocyte_progenitor_2,oligodendrocyte_progenitor_2,oligodendrocyte_progenitor_2,0.8690248401558752,0.08846099323621541,0.7805638469196599,0.5279510353849075,nan,nan,nan,0610_F4_S,True,6.0,11.0,glial_non_neuronal,astrocyte,False
2787445900438100092,astrocyte_2,2,meninges_1,meninges_1,meninges_1,meninges_1,0.9402266800634698,0.025824278233550668,0.914402401829919,0.32533497491220914,nan,nan,nan,0503_F4_C,True,11.0,12.0,glial_non_neuronal,astrocyte,False
2707604700250100104,DH_ex_Maf/Slc17a8,4,DH_ex_Maf/Cck,DH_ex_Maf/Cck,MV_ex_Syt2,MV_ex_Syt2,0.9249491148708718,0.05025477760665575,0.8746943372642161,0.3409695695189772,1.0,excitatory,10.0,0415_M2_T,False,34.0,58.0,neuron,neuronal_or_other,False
2656144900479100024,oligodendrocyte_2,0,oligodendrocyte_progenitor_2,oligodendrocyte_progenitor_2,oligodendrocyte_progenitor_2,oligodendrocyte_progenitor_2,0.9861412535477965,0.007872737879101697,0.9782685156686948,0.08708373528602859,nan,nan,nan,0328_M2_L,True,7.0,14.0,glial_non_neuronal,oligodendrocyte_opc,False
2787445900247100107,oligodendrocyte_precursor_cell,4,microglia,astrocyte_2,microglia,microglia,0.879086982944064,0.02791193788125409,0.8511750450628098,0.6435573441684945,nan,nan,nan,0503_F4_C,True,12.0,17.0,glial_non_neuronal,oligodendrocyte_opc,False
2796212800537100149,oligodendrocyte_progenitor_1,2,oligodendrocyte_precursor_cell,oligodendrocyte_precursor_cell,oligodendrocyte_precursor_cell,oligodendrocyte_precursor_cell,0.9343738550735561,0.05739766956567498,0.8769761855078811,0.27717086243622174,nan,nan,nan,0613_F5_C,True,19.0,34.0,glial_non_neuronal,oligodendrocyte_opc,False
2795103300177200029,DH_ex_Prkcg/Rxfp1,2,DH_ex_Grp,DH_ex_Grp,astrocyte_1,DH_ex_Prkcg/Nts,0.7658822010788685,0.13897110944016808,0.6269110916387004,0.898404028630373,1.0,excitatory,6.0,0610_M4_C,False,2.0,3.0,neuron,neuronal_or_other,False
2787889600056100038,astrocyte_1,1,oligodendrocyte_progenitor_2,oligodendrocyte_progenitor_2,oligodendrocyte_progenitor_2,oligodendrocyte_progenitor_2,0.969021300295591,0.02701684231782747,0.9420044579777636,0.15775371272779415,nan,nan,nan,0503_M5_C,True,16.0,28.0,glial_non_neuronal,astrocyte,False
2707604700412100030,DH_ex_Prkcg/Cck,4,DH_ex_Prkcg/Nts,DH_ex_Prkcg/Nts,DM_ex_Zfhx3,DH_ex_Gpr83,0.7119933575026686,0.14607848874237275,0.5659148687602958,1.120580264969891,1.0,excitatory,8.0,0415_M2_C,False,11.0,16.0,neuron,neuronal_or_other,False
2795903600212200113,oligodendrocyte_progenitor_2,4,oligodendrocyte_2,oligodendrocyte_2,oligodendrocyte_2,oligodendrocyte_progenitor_2,0.36747417188039766,0.24555639620473718,0.12191777567566048,2.175378970131274,nan,nan,nan,0613_M4_S,True,10.0,14.0,glial_non_neuronal,oligodendrocyte_opc,True
2795903600352100050,endothelial,4,astrocyte_1,astrocyte_1,oligodendrocyte_1,oligodendrocyte_1,0.5594821971138876,0.20326761701988869,0.35621458009399887,1.1836581836691062,nan,nan,nan,0613_M5_T,True,7.0,9.0,glial_non_neuronal,vascular,False
2707737900088200103,oligodendrocyte_progenitor_2,2,oligodendrocyte_precursor_cell,oligodendrocyte_precursor_cell,oligodendrocyte_precursor_cell,endothelial,0.373991119199104,0.2998508410651231,0.07414027813398089,1.6452751318861412,nan,nan,nan,0415_F1_L,True,24.0,33.0,glial_non_neuronal,oligodendrocyte_opc,False
2795584800237100067,oligodendrocyte_progenitor_2,4,oligodendrocyte_2,oligodendrocyte_2,oligodendrocyte_2,oligodendrocyte_2,0.8376292733304503,0.14751363372674015,0.6901156396037103,0.5301765544984202,nan,nan,nan,0610_F3_L,True,6.0,7.0,glial_non_neuronal,oligodendrocyte_opc,False
2787445900804100115,DH_ex_Prkcg/Cck,1,DH_ex_Tac2,DH_ex_Tac2,DH_ex_Tac2,DH_ex_Reln,0.3804493642470394,0.3710875668825504,0.009361797364489,1.6525404660823013,1.0,excitatory,8.0,0503_M5_C,False,18.0,34.0,neuron,neuronal_or_other,False
2656143800266100094,astrocyte_2,0,oligodendrocyte_2,oligodendrocyte_progenitor_2,oligodendrocyte_1,oligodendrocyte_progenitor_2,0.48516955256006833,0.19475180070873674,0.29041775185133156,1.5593413506931524,nan,nan,nan,0328_M3_T,True,6.0,6.0,glial_non_neuronal,astrocyte,False
2787889600478100002,endothelial,0,oligodendrocyte_progenitor_2,oligodendrocyte_progenitor_2,oligodendrocyte_1,oligodendrocyte_progenitor_2,0.9473302973280274,0.04290578571640245,0.904424511611625,0.23486906595371826,nan,nan,nan,0503_M4_L,True,8.0,15.0,glial_non_neuronal,vascular,False
2787889600361100054,DH_in_Klhl14,1,DH_in_Cdh3,DH_in_Cdh3,DH_ex_Tac2,astrocyte_1,0.23323654972405056,0.15532279850507053,0.07791375121898003,2.4022354731201823,1.0,inhibitory,10.0,0503_M5_S,False,8.0,33.0,neuron,neuronal_or_other,False
2795903600321100032,astrocyte_1,1,oligodendrocyte_progenitor_2,oligodendrocyte_progenitor_2,MV_in_Gabra1,MV_in_Gabra1,0.7241571237438752,0.20925486467766163,0.5149022590662136,0.8790371379275542,nan,nan,nan,0613_M4_L,True,10.0,13.0,glial_non_neuronal,astrocyte,False
2707737900088100010,oligodendrocyte_1,3,astrocyte_1,astrocyte_1,astrocyte_1,astrocyte_1,0.9625299454495448,0.03515207786316135,0.9273778675863835,0.17492870218144724,nan,nan,nan,0415_F1_L,True,17.0,36.0,glial_non_neuronal,oligodendrocyte_opc,False
2796212800420100197,oligodendrocyte_2,0,oligodendrocyte_progenitor_2,oligodendrocyte_progenitor_2,oligodendrocyte_1,oligodendrocyte_progenitor_2,0.5124313694084872,0.2134916795568745,0.2989396898516127,1.5760482213138969,nan,nan,nan,0613_F3_S,True,11.0,14.0,glial_non_neuronal,oligodendrocyte_opc,False
2787445900584100022,astrocyte_2,4,endothelial,oligodendrocyte_progenitor_2,endothelial,oligodendrocyte_progenitor_2,0.5626651466410928,0.11501112192857654,0.44765402471251625,1.5016274146706325,nan,nan,nan,0503_F3_C,True,7.0,13.0,glial_non_neuronal,astrocyte,False
2707604800055100047,alpha_motoneuron,4,beta_motoneuron,beta_motoneuron,endothelial,endothelial,0.7137671698332396,0.2328609337306727,0.4809062361025669,0.8247679638983938,nan,nan,22.0,0415_M1_S,False,9.0,15.0,glial_non_neuronal,neuronal_or_other,False
2795103300185100075,meninges_2,3,meninges_1,meninges_1,meninges_1,meninges_1,0.941247824243309,0.05368383196342123,0.8875639922798878,0.2416201998188081,nan,nan,nan,0610_M4_C,True,6.0,80.0,glial_non_neuronal,meningeal,False
2656144900352100066,pericyte,3,endothelial,endothelial,endothelial,endothelial,0.9913127194691043,0.004884334786205774,0.9864283846828985,0.061083530351153166,nan,nan,nan,0328_M1_T,True,7.0,9.0,glial_non_neuronal,vascular,False
2726544200050100115,oligodendrocyte_1,2,oligodendrocyte_progenitor_2,oligodendrocyte_progenitor_2,oligodendrocyte_progenitor_2,oligodendrocyte_progenitor_2,0.9994452466412587,0.0004889359131132993,0.9989563107281454,0.00504388457348406,nan,nan,nan,0422_M1_C,True,5.0,14.0,glial_non_neuronal,oligodendrocyte_opc,False
2707604700248200139,oligodendrocyte_progenitor_2,1,astrocyte_1,astrocyte_1,astrocyte_1,astrocyte_1,0.9790933318355589,0.02000528039925138,0.9590880514363075,0.10793178766629986,nan,nan,nan,0415_M2_T,True,29.0,116.0,glial_non_neuronal,oligodendrocyte_opc,False
2707604700085100132,oligodendrocyte_progenitor_2,2,oligodendrocyte_2,oligodendrocyte_2,oligodendrocyte_2,oligodendrocyte_2,0.9842178836167198,0.014156772503512627,0.9700611111132071,0.08919173819875577,nan,nan,nan,0415_M2_L,True,10.0,13.0,glial_non_neuronal,oligodendrocyte_opc,False
2796212800585100050,oligodendrocyte_progenitor_2,3,oligodendrocyte_1,oligodendrocyte_1,meninges_3,oligodendrocyte_progenitor_2,0.7703203073642106,0.11497140420968681,0.6553489031545239,0.7393573334326481,nan,nan,nan,0613_F3_L,True,4.0,23.0,glial_non_neuronal,oligodendrocyte_opc,True
2796212800429100245,endothelial,0,oligodendrocyte_1,oligodendrocyte_1,oligodendrocyte_1,oligodendrocyte_1,0.7264269361968796,0.254566261861097,0.4718606743357826,0.6943630742919081,nan,nan,nan,0613_F4_L,True,7.0,11.0,glial_non_neuronal,vascular,False
2787889600162100053,astrocyte_2,4,oligodendrocyte_2,oligodendrocyte_2,oligodendrocyte_2,oligodendrocyte_2,0.6608499285324387,0.2872363376098221,0.37361359092261665,0.8333807750922474,nan,nan,nan,0503_M5_C,True,17.0,21.0,glial_non_neuronal,astrocyte,False
2726562700214100153,DH_ex_Rreb1,2,DH_ex_Maf/Cck,DH_ex_Maf/Cck,astrocyte_1,oligodendrocyte_1,0.4294241888357835,0.42699069594524924,0.002433492890534239,1.2537271067249953,1.0,excitatory,10.0,0422_F2_L,False,7.0,10.0,neuron,neuronal_or_other,False
2707737900114100047,peripheral_glia,2,Schwann_cell,Schwann_cell,Schwann_cell,Schwann_cell,0.9994092754658433,0.0002585177414693067,0.999150757724374,0.005681766370403452,nan,nan,nan,0415_F1_L,True,10.0,46.0,glial_non_neuronal,remaining_glial_non_neuronal,False
2726562700199100135,oligodendrocyte_progenitor_2,3,oligodendrocyte_1,oligodendrocyte_1,DH_in_Rorb,oligodendrocyte_1,0.23782856627621773,0.19746334281734243,0.040365223458875304,2.064498217146936,nan,nan,nan,0422_F2_T,True,6.0,8.0,glial_non_neuronal,oligodendrocyte_opc,False
2795584800450100164,oligodendrocyte_progenitor_1,3,oligodendrocyte_precursor_cell,oligodendrocyte_precursor_cell,oligodendrocyte_precursor_cell,oligodendrocyte_precursor_cell,0.6014255910996376,0.1449852176002572,0.4564403734993804,1.482759315030675,nan,nan,nan,0610_F4_T,True,16.0,26.0,glial_non_neuronal,oligodendrocyte_opc,False
2787445900208100084,oligodendrocyte_1,3,oligodendrocyte_progenitor_2,oligodendrocyte_progenitor_2,oligodendrocyte_progenitor_2,oligodendrocyte_progenitor_2,0.9994960232180521,0.0001866474908978159,0.9993093757271543,0.005290472857672495,nan,nan,nan,0503_F5_C,True,10.0,69.0,glial_non_neuronal,oligodendrocyte_opc,False
2656144900235100278,DH_ex_Grpr,4,DH_ex_Gpr83,DH_ex_Gpr83,DM_ex_Zfhx3,DM_ex_Zfhx3,0.5776530503207007,0.16329358975951716,0.41435946056118356,1.743145783680131,1.0,excitatory,2.0,0328_M2_C,False,11.0,15.0,neuron,neuronal_or_other,False
2795903600381100038,oligodendrocyte_1,2,oligodendrocyte_2,oligodendrocyte_2,astrocyte_2,oligodendrocyte_2,0.4731568453285858,0.2720200369193274,0.2011368084092584,1.2878858464541634,nan,nan,nan,0613_M5_T,True,14.0,17.0,glial_non_neuronal,oligodendrocyte_opc,False
2726544600431100029,astrocyte_1,1,oligodendrocyte_1,oligodendrocyte_1,DH_in_Rorb,oligodendrocyte_1,0.6118690499077037,0.10067644083485508,0.5111926090728487,1.5693736352766865,nan,nan,nan,0422_F1_L,True,9.0,9.0,glial_non_neuronal,astrocyte,False
2795903600243100183,oligodendrocyte_progenitor_2,4,astrocyte_1,astrocyte_1,oligodendrocyte_1,oligodendrocyte_progenitor_2,0.6071519774622623,0.19751950523481568,0.4096324722274467,1.377130335473324,nan,nan,nan,0613_M4_L,True,6.0,9.0,glial_non_neuronal,oligodendrocyte_opc,True
2707604700225200059,oligodendrocyte_progenitor_2,4,oligodendrocyte_1,oligodendrocyte_1,oligodendrocyte_1,oligodendrocyte_progenitor_2,0.877935190732635,0.06239113749043633,0.8155440532421987,0.5562446259474734,nan,nan,nan,0415_M2_T,True,11.0,20.0,glial_non_neuronal,oligodendrocyte_opc,True
2795584800086100203,oligodendrocyte_1,1,oligodendrocyte_progenitor_2,oligodendrocyte_progenitor_2,oligodendrocyte_progenitor_2,oligodendrocyte_progenitor_2,0.9999328289066961,1.8638993706680184e-05,0.9999141899129894,0.0008735877356778512,nan,nan,nan,0610_F3_T,True,11.0,38.0,glial_non_neuronal,oligodendrocyte_opc,False
2656144900195200088,meninges_2,4,meninges_1,meninges_1,meninges_1,meninges_1,0.9886990486856538,0.010117263882279062,0.9785817848033748,0.06671297243140178,nan,nan,nan,0328_M1_C,True,8.0,72.0,glial_non_neuronal,meningeal,False
2796212800716100115,DH_in_Klhl14,3,DH_in_Cdh3,DH_in_Cdh3,astrocyte_1,astrocyte_1,0.26511450304748924,0.20080052817004626,0.06431397487744298,2.4202741293217414,1.0,inhibitory,10.0,0613_F3_T,False,6.0,7.0,neuron,neuronal_or_other,False
2946331700000018412,oligodendrocyte_2,0,oligodendrocyte_progenitor_2,oligodendrocyte_progenitor_2,DH_ex_Gpr83,oligodendrocyte_progenitor_2,0.3574285005499555,0.34196904765786923,0.015459452892086278,1.563715712451748,nan,nan,nan,0415_F2_L,True,24.0,44.0,glial_non_neuronal,oligodendrocyte_opc,False
2707737900099100117,oligodendrocyte_precursor_cell,2,astrocyte_1,astrocyte_1,astrocyte_2,astrocyte_1,0.530539092950058,0.3007610023927042,0.22977809055735376,1.2715513703536678,nan,nan,nan,0415_F1_L,True,10.0,10.0,glial_non_neuronal,oligodendrocyte_opc,False
2787445900625100013,oligodendrocyte_progenitor_1,2,oligodendrocyte_progenitor_2,oligodendrocyte_progenitor_2,oligodendrocyte_progenitor_2,oligodendrocyte_progenitor_2,0.955064786604155,0.035849380850806446,0.9192154057533485,0.2088546582062349,nan,nan,nan,0503_F3_C,True,14.0,22.0,glial_non_neuronal,oligodendrocyte_opc,False
2787445900322100195,oligodendrocyte_progenitor_2,2,astrocyte_1,astrocyte_1,endothelial,endothelial,0.619069821918837,0.25274050553249516,0.3663293163863418,1.0634569406707275,nan,nan,nan,0503_F4_C,True,17.0,23.0,glial_non_neuronal,oligodendrocyte_opc,False
2787445900201100040,oligodendrocyte_2,2,oligodendrocyte_progenitor_2,oligodendrocyte_progenitor_2,oligodendrocyte_progenitor_2,DH_ex_Nmu/Tac2,0.8768643025451636,0.06158027335962468,0.8152840291855389,0.543925270333614,nan,nan,nan,0503_F5_T,True,11.0,11.0,glial_non_neuronal,oligodendrocyte_opc,False
2795903600115100200,astrocyte_1,1,oligodendrocyte_progenitor_2,oligodendrocyte_progenitor_2,DH_in_Cdh3,oligodendrocyte_progenitor_2,0.6394130890548292,0.2334862170598542,0.405926871994975,1.2100687048661671,nan,nan,nan,0613_M5_L,True,8.0,8.0,glial_non_neuronal,astrocyte,False
2707737900059100053,endothelial,0,oligodendrocyte_1,oligodendrocyte_1,oligodendrocyte_1,oligodendrocyte_progenitor_2,0.5237887367313315,0.4101480867148475,0.11364065001648405,1.0467349820716323,nan,nan,nan,0415_F1_L,True,7.0,9.0,glial_non_neuronal,vascular,False
2795103300196100077,oligodendrocyte_1,4,astrocyte_1,astrocyte_1,astrocyte_1,astrocyte_1,0.9181692423930218,0.0321603905631639,0.8860088518298579,0.44550881481089755,nan,nan,nan,0610_M4_L,True,6.0,7.0,glial_non_neuronal,oligodendrocyte_opc,False
2795903600570100094,meninges_2,0,meninges_1,meninges_1,meninges_1,meninges_1,0.999761416363509,0.0001921003707130661,0.999569315992796,0.002380337364697489,nan,nan,nan,0613_M5_C,True,9.0,84.0,glial_non_neuronal,meningeal,False
2656144900140100117,oligodendrocyte_progenitor_2,3,oligodendrocyte_1,oligodendrocyte_1,oligodendrocyte_1,oligodendrocyte_progenitor_2,0.9726511384164469,0.018415504447352172,0.9542356339690947,0.16001457422196622,nan,nan,nan,0328_M1_C,True,8.0,27.0,glial_non_neuronal,oligodendrocyte_opc,True
2656144300193100082,meninges_1,3,meninges_3,meninges_3,meninges_3,meninges_3,0.8066807939910804,0.17586485610371966,0.6308159378873608,0.5598185179511314,nan,nan,nan,0328_F2_T,True,5.0,38.0,glial_non_neuronal,meningeal,False
2726543700226100102,DH_ex_Maf/Slc17a8,1,DH_ex_Maf/Cck,DH_ex_Maf/Cck,DH_ex_Maf/Cck,DH_ex_Maf/Cck,0.41887159718168204,0.2701096011949634,0.14876199598671863,1.7395291994405715,1.0,excitatory,10.0,0422_M3_C,False,6.0,10.0,neuron,neuronal_or_other,False
2796212801107200032,peripheral_glia,0,Schwann_cell,Schwann_cell,Schwann_cell,Schwann_cell,0.8618993922539272,0.12861013533919996,0.7332892569147272,0.45359210567657104,nan,nan,nan,0613_F3_C,True,8.0,49.0,glial_non_neuronal,remaining_glial_non_neuronal,False
2656144900193100079,oligodendrocyte_precursor_cell,0,astrocyte_2,astrocyte_2,astrocyte_1,astrocyte_1,0.6633646698258482,0.14202465055157562,0.5213400192742725,1.1450250891466327,nan,nan,nan,0328_M1_C,True,11.0,12.0,glial_non_neuronal,oligodendrocyte_opc,False
2787445900290100144,endothelial,3,oligodendrocyte_progenitor_2,oligodendrocyte_progenitor_2,oligodendrocyte_progenitor_2,oligodendrocyte_progenitor_2,0.9790552623687916,0.007894969993735958,0.9711602923750556,0.1410359017649473,nan,nan,nan,0503_F4_C,True,26.0,59.0,glial_non_neuronal,vascular,False
2796212800427100092,astrocyte_2,2,oligodendrocyte_progenitor_2,oligodendrocyte_progenitor_2,oligodendrocyte_progenitor_2,oligodendrocyte_progenitor_2,0.9806415525265924,0.009416420745410286,0.9712251317811821,0.12035653435448353,nan,nan,nan,0613_F4_L,True,4.0,9.0,glial_non_neuronal,astrocyte,False
2787445900653100023,meninges_2,4,meninges_1,meninges_1,meninges_1,meninges_1,0.7219092556971669,0.24904979180945294,0.47285946388771394,0.7111090047741185,nan,nan,nan,0503_F3_C,True,9.0,208.0,glial_non_neuronal,meningeal,False
2795584800655100123,oligodendrocyte_progenitor_1,4,oligodendrocyte_precursor_cell,oligodendrocyte_precursor_cell,oligodendrocyte_precursor_cell,oligodendrocyte_precursor_cell,0.9826826216313039,0.013169975329199257,0.9695126463021047,0.10610493360567094,nan,nan,nan,0610_F5_C,True,10.0,19.0,glial_non_neuronal,oligodendrocyte_opc,False
2946331700000011070,oligodendrocyte_precursor_cell,2,astrocyte_1,astrocyte_1,astrocyte_1,astrocyte_1,0.9800081623923361,0.01097315254074189,0.9690350098515942,0.1178924587915198,nan,nan,nan,0415_F2_T,True,30.0,55.0,glial_non_neuronal,oligodendrocyte_opc,False
2787889600388100023,oligodendrocyte_progenitor_2,4,astrocyte_1,astrocyte_1,astrocyte_1,astrocyte_1,0.7605486691454958,0.20986600060490462,0.5506826685405912,0.6890446250128905,nan,nan,nan,0503_M4_C,True,9.0,12.0,glial_non_neuronal,oligodendrocyte_opc,False
2787889600451100054,endothelial,3,oligodendrocyte_progenitor_2,oligodendrocyte_progenitor_2,oligodendrocyte_progenitor_2,oligodendrocyte_progenitor_2,0.9987516232079894,0.0010268578068677583,0.9977247654011216,0.01058392532767534,nan,nan,nan,0503_M4_T,True,18.0,46.0,glial_non_neuronal,vascular,False
2796212800790100101,endothelial,4,astrocyte_1,astrocyte_1,oligodendrocyte_1,oligodendrocyte_progenitor_2,0.49022195012799247,0.3612160055535331,0.12900594457445935,1.1173604900187435,nan,nan,nan,0613_F4_C,True,11.0,19.0,glial_non_neuronal,vascular,False
2787889600450100242,oligodendrocyte_progenitor_2,0,astrocyte_1,astrocyte_1,astrocyte_1,astrocyte_1,0.8452144413751581,0.12810718790815614,0.717107253467002,0.553847554541462,nan,nan,nan,0503_M4_T,True,11.0,12.0,glial_non_neuronal,oligodendrocyte_opc,False
2787889600130100224,oligodendrocyte_1,1,oligodendrocyte_2,oligodendrocyte_2,oligodendrocyte_2,oligodendrocyte_2,0.9959859148821173,0.0025118064757531583,0.9934741084063642,0.030873835432487808,nan,nan,nan,0503_M5_C,True,16.0,28.0,glial_non_neuronal,oligodendrocyte_opc,False
2796212800109100154,endothelial,0,oligodendrocyte_progenitor_2,oligodendrocyte_progenitor_2,oligodendrocyte_progenitor_2,oligodendrocyte_progenitor_2,0.5695759825158848,0.30526640168216723,0.2643095808337176,1.2091902235271481,nan,nan,nan,0613_F5_S,True,13.0,14.0,glial_non_neuronal,vascular,False
2656144900325100251,oligodendrocyte_progenitor_2,2,endothelial,endothelial,endothelial,endothelial,0.9993535569951408,0.0005322231681279404,0.9988213338270129,0.005880820491127594,nan,nan,nan,0328_M1_T,True,5.0,7.0,glial_non_neuronal,oligodendrocyte_opc,False
2787889600386200022,pericyte,2,endothelial,endothelial,endothelial,endothelial,0.9998872210364581,5.1500206539949014e-05,0.9998357208299181,0.0013847253847279605,nan,nan,nan,0503_M4_C,True,5.0,6.0,glial_non_neuronal,vascular,False
2707737900048100136,pericyte,3,oligodendrocyte_1,oligodendrocyte_1,astrocyte_1,oligodendrocyte_progenitor_2,0.8056492983417349,0.13317687091204286,0.672472427429692,0.7005827551344108,nan,nan,nan,0415_F1_L,True,12.0,14.0,glial_non_neuronal,vascular,False
2707604800103100030,DH_ex_Prkcg/Cck,0,DH_ex_Prkcg/Nts,DH_ex_Prkcg/Nts,DH_ex_Prkcg/Nts,DH_ex_Prkcg/Nts,0.9742666945245014,0.007234860978672953,0.9670318335458284,0.18793349574263551,1.0,excitatory,8.0,0415_M1_L,False,17.0,27.0,neuron,neuronal_or_other,False
2787889600316100144,endothelial,4,oligodendrocyte_progenitor_2,oligodendrocyte_progenitor_2,oligodendrocyte_progenitor_2,oligodendrocyte_progenitor_2,0.9988782290619579,0.0009080924967771613,0.9979701365651807,0.009744609630974255,nan,nan,nan,0503_M4_C,True,9.0,37.0,glial_non_neuronal,vascular,False
2787889600413100206,oligodendrocyte_2,4,oligodendrocyte_progenitor_2,oligodendrocyte_progenitor_2,oligodendrocyte_progenitor_2,oligodendrocyte_progenitor_2,0.9933554483580831,0.005513632703711519,0.9878418156543716,0.0450341558495067,nan,nan,nan,0503_M4_T,True,27.0,51.0,glial_non_neuronal,oligodendrocyte_opc,False
2787445900425100025,astrocyte_1,0,endothelial,endothelial,endothelial,endothelial,0.6999014364952962,0.27086422297604684,0.4290372135192494,0.7584199894326167,nan,nan,nan,0503_F4_T,True,10.0,13.0,glial_non_neuronal,astrocyte,False
2796212801137100119,meninges_2,3,meninges_3,meninges_3,meninges_3,meninges_3,0.9182946681556825,0.06721933592529551,0.851075332230387,0.3222245899656875,nan,nan,nan,0613_F3_C,True,1.0,27.0,glial_non_neuronal,meningeal,False
2795584800386100024,beta_motoneuron,2,alpha_motoneuron,alpha_motoneuron,alpha_motoneuron,alpha_motoneuron,0.9990346837103968,0.0002619257548597906,0.998772757955537,0.010010928555653598,nan,nan,22.0,0610_F4_L,False,15.0,20.0,glial_non_neuronal,neuronal_or_other,False
2707604800283200132,astrocyte_2,1,endothelial,oligodendrocyte_progenitor_2,endothelial,astrocyte_1,0.6871209764606556,0.1875623049513274,0.4995586715093282,0.9900742717947608,nan,nan,nan,0415_M1_T,True,7.0,7.0,glial_non_neuronal,astrocyte,False
2787445900584100046,oligodendrocyte_progenitor_2,1,oligodendrocyte_2,oligodendrocyte_2,oligodendrocyte_2,oligodendrocyte_2,0.9305205654671086,0.06919545967158044,0.8613251057955281,0.2548956222490626,nan,nan,nan,0503_F3_C,True,15.0,20.0,glial_non_neuronal,oligodendrocyte_opc,False
2796212800407100045,oligodendrocyte_1,0,endothelial,endothelial,endothelial,astrocyte_1,0.3172625282625964,0.3088181891237472,0.008444339138849177,1.8035060103858638,nan,nan,nan,0613_F5_T,True,9.0,10.0,glial_non_neuronal,oligodendrocyte_opc,False
2795103300162100262,oligodendrocyte_2,4,oligodendrocyte_progenitor_2,oligodendrocyte_progenitor_2,oligodendrocyte_progenitor_2,oligodendrocyte_progenitor_2,0.9192868017655812,0.060443903924606225,0.858842897840975,0.36403873922540136,nan,nan,nan,0610_M4_L,True,8.0,13.0,glial_non_neuronal,oligodendrocyte_opc,False
2795103300074100151,M_ex_Vsx2,1,M_ex_Vsx2/Shox2,M_ex_Vsx2/Shox2,oligodendrocyte_progenitor_2,MV_in_Gm26673,0.8473618550012346,0.10835978162629571,0.739002073374939,0.5836200308970231,3.0,excitatory,20.0,0610_M4_C,False,15.0,26.0,neuron,neuronal_or_other,False
2726562800140100045,astrocyte_2,4,oligodendrocyte_1,astrocyte_1,oligodendrocyte_1,astrocyte_1,0.6261358323949475,0.14264279336124905,0.48349303903369845,1.2439935357404268,nan,nan,nan,0422_M2_T,True,6.0,6.0,glial_non_neuronal,astrocyte,False
2795103300181200062,endothelial,4,astrocyte_1,astrocyte_1,astrocyte_1,astrocyte_1,0.6160865490948862,0.342745928538995,0.27334062055589126,0.8535771088627075,nan,nan,nan,0610_M4_C,True,9.0,11.0,glial_non_neuronal,vascular,False
2796212800716100201,DH_ex_Rreb1,0,DH_ex_Maf/Cck,DH_ex_Maf/Cck,MV_in_Sema5b,DH_ex_Maf/Cck,0.3381625726160557,0.13216107483036504,0.20600149778569066,2.409719383481268,1.0,excitatory,10.0,0613_F3_T,False,13.0,14.0,neuron,neuronal_or_other,False
2787445900204100037,astrocyte_2,1,oligodendrocyte_2,oligodendrocyte_2,oligodendrocyte_2,oligodendrocyte_2,0.5495179625151466,0.4409826064178022,0.10853535609734444,0.7412601352941459,nan,nan,nan,0503_F5_C,True,17.0,23.0,glial_non_neuronal,astrocyte,False
2796212800463100101,oligodendrocyte_progenitor_2,2,oligodendrocyte_1,oligodendrocyte_1,oligodendrocyte_1,oligodendrocyte_1,0.3851121001976872,0.35117232197352555,0.033939778224161665,1.6119444758303891,nan,nan,nan,0613_F4_L,True,6.0,7.0,glial_non_neuronal,oligodendrocyte_opc,False
2787889600522100076,oligodendrocyte_progenitor_1,1,oligodendrocyte_precursor_cell,oligodendrocyte_precursor_cell,oligodendrocyte_precursor_cell,oligodendrocyte_precursor_cell,0.9896421741698008,0.004857412037028642,0.9847847621327722,0.07266820707820894,nan,nan,nan,0503_M4_T,True,18.0,25.0,glial_non_neuronal,oligodendrocyte_opc,False
2707604000085100151,oligodendrocyte_2,3,astrocyte_1,astrocyte_1,oligodendrocyte_precursor_cell,astrocyte_1,0.5229464759635618,0.2210024093198614,0.30194406664370044,1.3565454427128492,nan,nan,nan,0415_M3_L,True,12.0,14.0,glial_non_neuronal,oligodendrocyte_opc,False
2795903600057100037,alpha_motoneuron,3,beta_motoneuron,beta_motoneuron,beta_motoneuron,alpha_motoneuron,0.8580113781130244,0.14135190940549908,0.7166594687075254,0.41371444807338664,nan,nan,22.0,0613_M5_S,False,1.0,1.0,glial_non_neuronal,neuronal_or_other,True
2795584800185100279,DH_ex_Prkcg/Cck,1,DH_ex_Prkcg/Nts,DH_ex_Prkcg/Nts,astrocyte_1,DH_ex_Prkcg/Nts,0.3762689619486938,0.37450552039988916,0.001763441548804645,1.4085227627731545,1.0,excitatory,8.0,0610_F3_C,False,6.0,8.0,neuron,neuronal_or_other,False
2787445900822100028,astrocyte_2,2,oligodendrocyte_2,oligodendrocyte_2,oligodendrocyte_2,oligodendrocyte_2,0.5166659218144909,0.47640171929752173,0.04026420251696916,0.7433267035277112,nan,nan,nan,0503_F3_S,True,11.0,21.0,glial_non_neuronal,astrocyte,False
2787445900285100072,DH_in_Kcnip2,4,DH_in_Npy2r,DH_in_Npy2r,DM_ex_Zfhx3,DH_in_Cdh3,0.45850267428074454,0.29235125932714806,0.16615141495359648,1.421652121637366,1.0,inhibitory,9.0,0503_F4_C,False,17.0,26.0,neuron,neuronal_or_other,False
2945606900000003462,oligodendrocyte_1,1,astrocyte_1,astrocyte_1,MV_in_Sema5b,MV_in_Sema5b,0.3594355158752401,0.2531975770896818,0.10623793878555826,1.9636381199642652,nan,nan,nan,0328_F1_C,True,9.0,10.0,glial_non_neuronal,oligodendrocyte_opc,False
2707737900144100133,oligodendrocyte_progenitor_2,3,oligodendrocyte_2,oligodendrocyte_2,oligodendrocyte_2,oligodendrocyte_progenitor_2,0.7681504902088029,0.23146414214139277,0.5366863480674101,0.5454127921176908,nan,nan,nan,0415_F1_T,True,25.0,43.0,glial_non_neuronal,oligodendrocyte_opc,True
2796212800365100159,astrocyte_1,1,endothelial,endothelial,endothelial,endothelial,0.9805011089157586,0.011159983394134232,0.9693411255216243,0.131465256304875,nan,nan,nan,0613_F4_L,True,7.0,11.0,glial_non_neuronal,astrocyte,False
2796212800552100092,oligodendrocyte_1,3,astrocyte_1,astrocyte_1,astrocyte_1,astrocyte_1,0.9971821200933682,0.0007149235921163291,0.9964671965012518,0.025734855494220877,nan,nan,nan,0613_F3_L,True,8.0,11.0,glial_non_neuronal,oligodendrocyte_opc,False
2656143800214100131,oligodendrocyte_2,3,oligodendrocyte_progenitor_2,oligodendrocyte_progenitor_2,oligodendrocyte_progenitor_2,oligodendrocyte_progenitor_2,0.7536407305619955,0.24389085415495762,0.509749876407038,0.578251151449652,nan,nan,nan,0328_M3_T,True,7.0,9.0,glial_non_neuronal,oligodendrocyte_opc,False
2795584800238200179,oligodendrocyte_progenitor_1,0,astrocyte_1,astrocyte_1,astrocyte_1,astrocyte_1,0.994347013159438,0.0028191999728263382,0.9915278131866117,0.04221685192671844,nan,nan,nan,0610_F3_L,True,8.0,14.0,glial_non_neuronal,oligodendrocyte_opc,False
2787889600409100142,DH_ex_Maf/Cpne4,1,DH_ex_Maf/Cck,DH_ex_Maf/Cck,astrocyte_1,astrocyte_1,0.8164463813055769,0.04690998450873118,0.7695363967968457,0.8890567579828477,1.0,excitatory,10.0,0503_M4_L,False,16.0,24.0,neuron,neuronal_or_other,False
2795584800362100019,oligodendrocyte_precursor_cell,4,astrocyte_2,astrocyte_2,astrocyte_2,astrocyte_2,0.8977796710307718,0.04552480231028366,0.8522548687204882,0.47559651325795704,nan,nan,nan,0610_F4_C,True,5.0,7.0,glial_non_neuronal,oligodendrocyte_opc,False
2787889600407100199,endothelial,0,oligodendrocyte_progenitor_2,oligodendrocyte_progenitor_2,DH_in_Cdh3,MV_ex_Syt2,0.5855219377534236,0.2085609609390707,0.3769609768143529,1.3760398123538689,nan,nan,nan,0503_M4_L,True,16.0,29.0,glial_non_neuronal,vascular,False
2787445900687100090,oligodendrocyte_precursor_cell,3,oligodendrocyte_2,oligodendrocyte_2,oligodendrocyte_2,oligodendrocyte_2,0.9696858424228347,0.024346023769405496,0.9453398186534292,0.15929321713793126,nan,nan,nan,0503_F3_T,True,8.0,12.0,glial_non_neuronal,oligodendrocyte_opc,False
2656144900533100092,oligodendrocyte_2,3,oligodendrocyte_1,endothelial,endothelial,MV_ex_Shox2,0.8796528293839466,0.03745134936044407,0.8422014800235026,0.5988729543375679,nan,nan,nan,0328_M2_L,True,5.0,6.0,glial_non_neuronal,oligodendrocyte_opc,False
2795103300125100103,endothelial,3,oligodendrocyte_progenitor_2,oligodendrocyte_progenitor_2,MV_in_Chrna2,oligodendrocyte_progenitor_2,0.5789927854633841,0.3742277447290567,0.20476504073432739,0.8938870271743559,nan,nan,nan,0610_M4_L,True,10.0,14.0,glial_non_neuronal,vascular,False
2946331700000010663,oligodendrocyte_progenitor_2,4,astrocyte_1,astrocyte_1,astrocyte_1,oligodendrocyte_1,0.3229831918650584,0.29434294087530277,0.028640250989755645,1.459020392396153,nan,nan,nan,0415_F2_T,True,8.0,10.0,glial_non_neuronal,oligodendrocyte_opc,False
2707604700389100157,DH_ex_Prkcg/Rxfp1,0,DH_ex_Grp,DH_ex_Grp,astrocyte_1,astrocyte_1,0.9659203490975856,0.015277675342249863,0.9506426737553357,0.2182972585216244,1.0,excitatory,6.0,0415_M2_C,False,8.0,11.0,neuron,neuronal_or_other,False
2787445900255100031,peripheral_glia,1,Schwann_cell,Schwann_cell,Schwann_cell,Schwann_cell,0.9984041594811622,0.001146824913499275,0.997257334567663,0.013407991658462697,nan,nan,nan,0503_F4_C,True,9.0,49.0,glial_non_neuronal,remaining_glial_non_neuronal,False
2795103300197100230,astrocyte_1,1,endothelial,endothelial,endothelial,oligodendrocyte_1,0.43827028362238046,0.28529846627399413,0.15297181734838633,1.614393870490125,nan,nan,nan,0610_M4_L,True,4.0,4.0,glial_non_neuronal,astrocyte,False
2787445900426100072,DH_in_Klhl14,4,DH_in_Cdh3,DH_in_Cdh3,MV_in_Gabra1,MV_in_Gabra1,0.9987570137851874,0.0003329454456360742,0.9984240683395513,0.012299319819166613,1.0,inhibitory,10.0,0503_F4_T,False,38.0,113.0,neuron,neuronal_or_other,False
2787445900170100224,endothelial,4,astrocyte_1,astrocyte_1,astrocyte_2,astrocyte_1,0.8305007876747362,0.10938809090071472,0.7211126967740216,0.6426184734105633,nan,nan,nan,0503_F5_C,True,5.0,6.0,glial_non_neuronal,vascular,False
2796212800450100113,oligodendrocyte_1,4,astrocyte_1,astrocyte_1,astrocyte_1,astrocyte_1,0.5674364410273913,0.10606978010220101,0.4613666609251903,1.7356375218774105,nan,nan,nan,0613_F3_S,True,6.0,6.0,glial_non_neuronal,oligodendrocyte_opc,False
2946331700000012429,oligodendrocyte_1,4,oligodendrocyte_progenitor_2,oligodendrocyte_progenitor_2,oligodendrocyte_progenitor_2,oligodendrocyte_progenitor_2,0.9997091556573499,0.00011259585835243961,0.9995965597989974,0.0033176323390084294,nan,nan,nan,0415_F2_T,True,17.0,48.0,glial_non_neuronal,oligodendrocyte_opc,False
2787445900303100103,oligodendrocyte_progenitor_1,2,oligodendrocyte_precursor_cell,oligodendrocyte_precursor_cell,oligodendrocyte_precursor_cell,oligodendrocyte_precursor_cell,0.9240606799561825,0.0458577757897543,0.8782029041664282,0.350714638872515,nan,nan,nan,0503_F5_L,True,5.0,7.0,glial_non_neuronal,oligodendrocyte_opc,False
2726544600431100024,MV_in_Gm26673,4,MV_in_Chrna2,MV_in_Chrna2,MV_in_Chrna2,MV_in_Gm26673,0.7617511260659752,0.23101069415052639,0.5307404319154487,0.5970361838409688,4.0,inhibitory,19.0,0422_F1_L,False,14.0,30.0,neuron,neuronal_or_other,True
2796212800296100103,oligodendrocyte_1,0,oligodendrocyte_progenitor_2,oligodendrocyte_progenitor_2,oligodendrocyte_progenitor_2,oligodendrocyte_progenitor_2,0.9975689134441541,0.001615305226920292,0.9959536082172338,0.020077320694720027,nan,nan,nan,0613_F4_S,True,16.0,47.0,glial_non_neuronal,oligodendrocyte_opc,False
2946331700000011498,meninges_2,2,meninges_3,meninges_1,meninges_1,meninges_1,0.5232962936186314,0.29750113307323284,0.22579516054539855,1.0841095657793203,nan,nan,nan,0415_F2_L,True,3.0,42.0,glial_non_neuronal,meningeal,False
2946331700000009388,DH_ex_Reln,2,DH_ex_Prkcg/Rxfp1,DH_ex_Prkcg/Rxfp1,peripheral_glia,peripheral_glia,0.9644068243699612,0.025965380936351583,0.9384414434336096,0.2015820273480635,1.0,excitatory,6.0,0415_F2_T,False,19.0,40.0,neuron,neuronal_or_other,False
2795584800449100102,oligodendrocyte_progenitor_2,2,endothelial,oligodendrocyte_1,oligodendrocyte_1,oligodendrocyte_1,0.7227901745430949,0.17960257744033165,0.5431875971027633,1.0009582017038468,nan,nan,nan,0610_F4_T,True,6.0,8.0,glial_non_neuronal,oligodendrocyte_opc,False
2787445900720100012,oligodendrocyte_progenitor_2,4,oligodendrocyte_2,oligodendrocyte_2,oligodendrocyte_2,oligodendrocyte_2,0.997249995106226,0.002438223854523813,0.9948117712517022,0.02043855072740224,nan,nan,nan,0503_F3_L,True,8.0,11.0,glial_non_neuronal,oligodendrocyte_opc,False
2656143800055100014,astrocyte_1,0,oligodendrocyte_1,oligodendrocyte_1,MV_ex_Shox2,MV_ex_Shox2,0.9795324243025865,0.011213648588348226,0.9683187757142382,0.12724473481152584,nan,nan,nan,0328_M3_C,True,5.0,6.0,glial_non_neuronal,astrocyte,False
2795584800081100241,oligodendrocyte_progenitor_2,2,oligodendrocyte_1,oligodendrocyte_1,oligodendrocyte_1,oligodendrocyte_progenitor_2,0.9799451670075261,0.012981162286617406,0.9669640047209087,0.12497152990048987,nan,nan,nan,0610_F3_C,True,3.0,13.0,glial_non_neuronal,oligodendrocyte_opc,True
2795903600184100163,M_ex_Vsx2,0,M_ex_Vsx2/Shox2,M_ex_Vsx2/Shox2,MV_ex_Shox2,MV_ex_Shox2,0.5276782766885325,0.16487508529816475,0.36280319139036776,1.5224449672491174,3.0,excitatory,20.0,0613_M4_S,False,15.0,28.0,neuron,neuronal_or_other,False
2707737900103100028,astrocyte_2,2,oligodendrocyte_2,oligodendrocyte_2,oligodendrocyte_2,oligodendrocyte_2,0.9189515858863535,0.05064180344221062,0.8683097824441429,0.3418708952739252,nan,nan,nan,0415_F1_L,True,12.0,16.0,glial_non_neuronal,astrocyte,False
2656143800418100078,oligodendrocyte_1,4,astrocyte_1,astrocyte_1,astrocyte_1,astrocyte_1,0.9573512051190568,0.016052488834266337,0.9412987162847904,0.2444538712895434,nan,nan,nan,0328_M3_L,True,8.0,12.0,glial_non_neuronal,oligodendrocyte_opc,False
2726543700196100153,endothelial,2,oligodendrocyte_1,oligodendrocyte_1,MV_in_Sema5b,oligodendrocyte_1,0.7797708891754019,0.07427731443711776,0.7054935747382842,0.9192335633272287,nan,nan,nan,0422_M3_C,True,8.0,10.0,glial_non_neuronal,vascular,False
2795903600464200107,endothelial,1,oligodendrocyte_2,oligodendrocyte_2,oligodendrocyte_2,oligodendrocyte_2,0.9977787169017944,0.002203128638221754,0.9955755882635726,0.01595107630980887,nan,nan,nan,0613_M5_C,True,10.0,15.0,glial_non_neuronal,vascular,False
2787445900544100110,meninges_2,2,meninges_1,meninges_1,meninges_1,meninges_1,0.9398279030691636,0.053157590587028805,0.8866703124821348,0.25647118420007564,nan,nan,nan,0503_F3_C,True,11.0,50.0,glial_non_neuronal,meningeal,False
2796212800238100173,microglia,3,oligodendrocyte_progenitor_2,oligodendrocyte_progenitor_2,oligodendrocyte_progenitor_2,oligodendrocyte_progenitor_2,0.5603307885611514,0.2799674730315962,0.2803633155295552,1.00691650389099,nan,nan,nan,0613_F5_L,True,13.0,18.0,glial_non_neuronal,microglia,False
2795103300087100069,oligodendrocyte_progenitor_1,1,oligodendrocyte_precursor_cell,oligodendrocyte_precursor_cell,oligodendrocyte_precursor_cell,oligodendrocyte_precursor_cell,0.5604735201178006,0.4392051960339441,0.12126832408385652,0.6890772725676808,nan,nan,nan,0610_M4_T,True,12.0,33.0,glial_non_neuronal,oligodendrocyte_opc,False
2707604000095100114,astrocyte_1,1,endothelial,astrocyte_2,endothelial,endothelial,0.8533030313226156,0.13152701772152403,0.7217760136010916,0.4846318231294568,nan,nan,nan,0415_M3_T,True,9.0,9.0,glial_non_neuronal,astrocyte,False
2945606900000009921,DH_ex_Nmu/Tac2,4,DH_ex_Tac2,DH_ex_Tac2,DH_ex_Gpr83,astrocyte_1,0.4321085776022077,0.1613074912330062,0.2708010863692015,2.1676548196475323,1.0,excitatory,8.0,0328_F1_C,False,20.0,30.0,neuron,neuronal_or_other,False
2795903600409100079,astrocyte_2,2,oligodendrocyte_precursor_cell,oligodendrocyte_precursor_cell,oligodendrocyte_precursor_cell,oligodendrocyte_precursor_cell,0.45947355299747417,0.3504251664856404,0.10904838651183374,1.2466083713299627,nan,nan,nan,0613_M5_C,True,3.0,8.0,glial_non_neuronal,astrocyte,False
2656144300188200034,oligodendrocyte_1,1,oligodendrocyte_progenitor_2,oligodendrocyte_progenitor_2,DM_ex_Zfhx3,astrocyte_1,0.3843585895665622,0.21026601086922272,0.1740925786973395,1.7845516205057768,nan,nan,nan,0328_F2_L,True,19.0,28.0,glial_non_neuronal,oligodendrocyte_opc,False
2656143800155100023,oligodendrocyte_1,2,oligodendrocyte_2,oligodendrocyte_2,oligodendrocyte_2,oligodendrocyte_2,0.8058674394356866,0.1408817916760994,0.6649856477595872,0.6929219320775059,nan,nan,nan,0328_M3_C,True,10.0,15.0,glial_non_neuronal,oligodendrocyte_opc,False
2726544600430100022,microglia,3,oligodendrocyte_1,oligodendrocyte_1,oligodendrocyte_1,oligodendrocyte_progenitor_2,0.8115635478485247,0.11498129067590684,0.6965822571726179,0.7257754900030118,nan,nan,nan,0422_F1_L,True,9.0,17.0,glial_non_neuronal,microglia,False
2726544600457100040,astrocyte_1,4,oligodendrocyte_precursor_cell,oligodendrocyte_precursor_cell,oligodendrocyte_precursor_cell,DH_ex_Maf/Cck,0.23894757921007914,0.2278123269859634,0.011135252224115738,2.3227167335160326,nan,nan,nan,0422_F1_L,True,8.0,11.0,glial_non_neuronal,astrocyte,False
2787445900200100188,oligodendrocyte_progenitor_2,4,oligodendrocyte_2,oligodendrocyte_2,oligodendrocyte_2,oligodendrocyte_2,0.8554336961216091,0.1438402318126438,0.7115934643089653,0.4193288323599141,nan,nan,nan,0503_F5_T,True,11.0,27.0,glial_non_neuronal,oligodendrocyte_opc,False
2726562800279100145,oligodendrocyte_progenitor_2,4,astrocyte_1,astrocyte_1,DH_ex_Reln/Npff,oligodendrocyte_1,0.5800576318039062,0.15732870676331678,0.42272892504058945,1.4840414173220846,nan,nan,nan,0422_M2_L,True,9.0,21.0,glial_non_neuronal,oligodendrocyte_opc,False
2707604700225100057,oligodendrocyte_progenitor_2,2,oligodendrocyte_2,oligodendrocyte_2,oligodendrocyte_2,oligodendrocyte_2,0.9994393911031291,0.0005325675815036748,0.9989068235216254,0.004957691409477824,nan,nan,nan,0415_M2_T,True,17.0,21.0,glial_non_neuronal,oligodendrocyte_opc,False
2795103300120100312,DH_in_Klhl14,1,DH_in_Cdh3,DH_in_Cdh3,MV_in_Gabra1,MV_in_Gabra1,0.9285401760532548,0.027711017677418164,0.9008291583758367,0.40057976234751164,1.0,inhibitory,10.0,0610_M4_T,False,6.0,10.0,neuron,neuronal_or_other,False
2656144300125100066,DH_in_Klhl14,4,DH_in_Cdh3,DH_in_Cdh3,DH_in_Cdh3,MV_in_Gm26673,0.6892387551513374,0.24749086205023954,0.44174789310109785,0.8985479941133689,1.0,inhibitory,10.0,0328_F2_T,False,17.0,27.0,neuron,neuronal_or_other,False
2707604700248100207,astrocyte_1,2,oligodendrocyte_progenitor_2,oligodendrocyte_progenitor_2,oligodendrocyte_progenitor_2,oligodendrocyte_progenitor_2,0.9563165630647495,0.0397991415558489,0.9165174215089007,0.20084539167045,nan,nan,nan,0415_M2_T,True,29.0,49.0,glial_non_neuronal,astrocyte,False
2787889600279100182,pericyte,2,astrocyte_1,astrocyte_1,astrocyte_1,astrocyte_1,0.9979167464869212,0.00044451371900237506,0.9974722327679189,0.020348143030461303,nan,nan,nan,0503_M4_C,True,10.0,10.0,glial_non_neuronal,vascular,False
2796212800922100019,oligodendrocyte_progenitor_2,4,oligodendrocyte_precursor_cell,oligodendrocyte_precursor_cell,oligodendrocyte_precursor_cell,oligodendrocyte_precursor_cell,0.8252691438230753,0.16107891681335193,0.6641902270097233,0.5349903771614423,nan,nan,nan,0613_F4_C,True,8.0,10.0,glial_non_neuronal,oligodendrocyte_opc,False
2787445900206100245,oligodendrocyte_1,2,astrocyte_1,astrocyte_1,astrocyte_1,astrocyte_1,0.6428111728796487,0.3563731302157908,0.2864380426638579,0.660066845143492,nan,nan,nan,0503_F5_C,True,22.0,113.0,glial_non_neuronal,oligodendrocyte_opc,False
2656143800153100102,DH_ex_Maf/Cck,2,DH_ex_Rreb1,DH_ex_Rreb1,MV_in_Gabra1,MV_ex_Syt2,0.6312735925823265,0.2314551586257476,0.3998184339565789,1.0789323143512612,1.0,excitatory,10.0,0328_M3_C,False,15.0,22.0,neuron,neuronal_or_other,False
2656144900531100064,endothelial,4,oligodendrocyte_1,oligodendrocyte_1,oligodendrocyte_1,MV_in_Gabra1,0.5349528305280601,0.24381874490465097,0.29113408562340914,1.3352444879998409,nan,nan,nan,0328_M2_L,True,10.0,14.0,glial_non_neuronal,vascular,False
2945606900000002962,DH_ex_Prkcg/Cck,1,DH_ex_Prkcg/Nts,DH_ex_Prkcg/Nts,DH_ex_Maf/Cck,DH_ex_Maf/Cck,0.8585119646683166,0.04815914431129373,0.8103528203570228,0.6952021992058037,1.0,excitatory,8.0,0328_F1_C,False,15.0,26.0,neuron,neuronal_or_other,False
2796212800175100064,astrocyte_2,3,oligodendrocyte_progenitor_2,oligodendrocyte_progenitor_2,oligodendrocyte_1,oligodendrocyte_progenitor_2,0.9535750865028295,0.03836110555071673,0.9152139809521128,0.22054404383874446,nan,nan,nan,0613_F5_L,True,3.0,8.0,glial_non_neuronal,astrocyte,False
2796212800627100070,DH_in_Klhl14,1,DH_in_Cdh3,DH_in_Cdh3,astrocyte_1,astrocyte_1,0.48221514162880597,0.25820231136819505,0.22401283026061092,1.567073165301405,1.0,inhibitory,10.0,0613_F4_T,False,10.0,13.0,neuron,neuronal_or_other,False
2787889600580100159,oligodendrocyte_1,2,oligodendrocyte_progenitor_2,oligodendrocyte_progenitor_2,oligodendrocyte_progenitor_2,oligodendrocyte_progenitor_2,0.9759384486651633,0.022793504910164117,0.9531449437549993,0.11989501928849858,nan,nan,nan,0503_M4_S,True,8.0,20.0,glial_non_neuronal,oligodendrocyte_opc,False
2707604800322100160,peripheral_glia,2,Schwann_cell,Schwann_cell,Schwann_cell,Schwann_cell,0.9999777419516336,1.120530047546487e-05,0.9999665366511581,0.00028466939024043245,nan,nan,nan,0415_M1_C,True,8.0,36.0,glial_non_neuronal,remaining_glial_non_neuronal,False
2945606900000005083,oligodendrocyte_progenitor_1,4,oligodendrocyte_precursor_cell,oligodendrocyte_precursor_cell,oligodendrocyte_precursor_cell,oligodendrocyte_precursor_cell,0.9750988150692154,0.022877086371714574,0.9522217286975008,0.12694121882770046,nan,nan,nan,0328_F1_C,True,17.0,37.0,glial_non_neuronal,oligodendrocyte_opc,False
2787445900774200023,meninges_2,2,meninges_1,meninges_1,meninges_1,meninges_3,0.977611281159402,0.0153655130047281,0.9622457681546739,0.12203376691812,nan,nan,nan,0503_F3_C,True,3.0,59.0,glial_non_neuronal,meningeal,False
2796212800561100084,oligodendrocyte_progenitor_2,2,oligodendrocyte_1,oligodendrocyte_1,oligodendrocyte_1,oligodendrocyte_progenitor_2,0.9543697660039697,0.023723669532987584,0.9306460964709822,0.2656763464758224,nan,nan,nan,0613_F4_T,True,10.0,19.0,glial_non_neuronal,oligodendrocyte_opc,True
2795584800450100198,DH_ex_Prkcg/Cck,3,DH_ex_Tac2,DH_ex_Tac2,DH_ex_Prkcg/Rxfp1,DH_ex_Nmu/Tac2,0.5340534151030205,0.1727770519110612,0.3612763631919593,1.564483592677376,1.0,excitatory,8.0,0610_F4_T,False,14.0,34.0,neuron,neuronal_or_other,False
2787889600097100017,oligodendrocyte_2,3,oligodendrocyte_progenitor_2,oligodendrocyte_progenitor_2,oligodendrocyte_progenitor_2,oligodendrocyte_progenitor_2,0.9946389531340873,0.004340586296609623,0.9902983668374777,0.03732032485198268,nan,nan,nan,0503_M5_C,True,10.0,21.0,glial_non_neuronal,oligodendrocyte_opc,False
2707604800299100021,meninges_3,2,meninges_2,meninges_2,oligodendrocyte_1,oligodendrocyte_progenitor_2,0.7575775817680793,0.20995611773411704,0.5476214640339623,0.6800226811736213,nan,nan,nan,0415_M1_C,True,4.0,26.0,glial_non_neuronal,meningeal,False
2787445900755100112,oligodendrocyte_precursor_cell,1,oligodendrocyte_progenitor_2,astrocyte_1,astrocyte_1,astrocyte_1,0.8343050784368832,0.16468917768807734,0.6696159007488058,0.4578076063277253,nan,nan,nan,0503_F3_L,True,15.0,37.0,glial_non_neuronal,oligodendrocyte_opc,False
2726562700215100157,DH_ex_Maf/Cck,1,DH_ex_Rreb1,DH_ex_Rreb1,oligodendrocyte_progenitor_2,oligodendrocyte_1,0.6598593942959072,0.27949454399376206,0.3803648503021452,0.9239776791511739,1.0,excitatory,10.0,0422_F2_L,False,4.0,4.0,neuron,neuronal_or_other,False
2795103300367100037,oligodendrocyte_1,4,oligodendrocyte_progenitor_2,oligodendrocyte_progenitor_2,oligodendrocyte_progenitor_2,oligodendrocyte_progenitor_2,0.9993557129284754,0.0005527839663483769,0.998802928962127,0.005865643604421802,nan,nan,nan,0610_M5_T,True,9.0,19.0,glial_non_neuronal,oligodendrocyte_opc,False
2787445900292200023,peripheral_glia,0,Schwann_cell,Schwann_cell,Schwann_cell,Schwann_cell,0.9970143944218067,0.0019235719959096174,0.9950908224258971,0.0233050689528787,nan,nan,nan,0503_F4_C,True,11.0,37.0,glial_non_neuronal,remaining_glial_non_neuronal,False
2795584800226100077,oligodendrocyte_progenitor_2,4,oligodendrocyte_2,oligodendrocyte_2,oligodendrocyte_2,oligodendrocyte_2,0.942230991291952,0.05756739697808122,0.8846635943138708,0.222505211548288,nan,nan,nan,0610_F3_C,True,8.0,11.0,glial_non_neuronal,oligodendrocyte_opc,False
2787445900254100099,oligodendrocyte_progenitor_1,2,oligodendrocyte_precursor_cell,oligodendrocyte_precursor_cell,oligodendrocyte_precursor_cell,oligodendrocyte_precursor_cell,0.9951850136944722,0.004092167376730477,0.9910928463177417,0.03340107003849614,nan,nan,nan,0503_F4_C,True,29.0,66.0,glial_non_neuronal,oligodendrocyte_opc,False
2787445900441100073,meninges_2,0,meninges_1,meninges_1,meninges_1,meninges_1,0.9562279798958309,0.03560607428322074,0.9206219056126101,0.20641353216791927,nan,nan,nan,0503_F4_C,True,7.0,125.0,glial_non_neuronal,meningeal,False
2787889600093100312,astrocyte_1,3,oligodendrocyte_1,oligodendrocyte_progenitor_2,oligodendrocyte_1,oligodendrocyte_progenitor_2,0.8589067312255562,0.08621632011714568,0.7726904111084105,0.5897388354141994,nan,nan,nan,0503_M5_C,True,12.0,22.0,glial_non_neuronal,astrocyte,False
2787889600580100057,DH_ex_Prkcg/Nts,0,DH_ex_Tac2,DH_ex_Tac2,DH_ex_Prkcg/Cck,DH_ex_Prkcg/Nts,0.26600876476900714,0.19183155402250235,0.0741772107465048,2.1398009858313105,1.0,excitatory,8.0,0503_M4_S,False,7.0,17.0,neuron,neuronal_or_other,True
2787445900510100083,astrocyte_2,1,oligodendrocyte_2,oligodendrocyte_2,oligodendrocyte_2,oligodendrocyte_2,0.8311105932036935,0.13286533130642317,0.6982452618972703,0.5976292712747474,nan,nan,nan,0503_F3_C,True,17.0,28.0,glial_non_neuronal,astrocyte,False
2795103300127100139,beta_motoneuron,1,alpha_motoneuron,alpha_motoneuron,oligodendrocyte_1,oligodendrocyte_progenitor_2,0.6546558515281748,0.13005951805910967,0.5245963334690652,1.3590669056185842,nan,nan,22.0,0610_M4_L,False,3.0,3.0,glial_non_neuronal,neuronal_or_other,False
2945606900000011838,meninges_3,4,meninges_1,meninges_1,meninges_1,meninges_3,0.8107840129139167,0.18521407880465604,0.6255699341092607,0.5076603737535711,nan,nan,nan,0328_F1_C,True,6.0,91.0,glial_non_neuronal,meningeal,True
2787445900462100125,oligodendrocyte_progenitor_2,2,oligodendrocyte_1,oligodendrocyte_1,oligodendrocyte_1,oligodendrocyte_progenitor_2,0.8832305347401789,0.07983378089133604,0.8033967538488428,0.4795197276240942,nan,nan,nan,0503_F4_T,True,8.0,12.0,glial_non_neuronal,oligodendrocyte_opc,True
2707604800342100056,oligodendrocyte_progenitor_2,1,oligodendrocyte_2,oligodendrocyte_2,oligodendrocyte_2,oligodendrocyte_progenitor_2,0.8060630071617674,0.19359787433330608,0.6124651328284613,0.4951083580177398,nan,nan,nan,0415_M1_C,True,16.0,26.0,glial_non_neuronal,oligodendrocyte_opc,True
2656143800164100061,oligodendrocyte_progenitor_2,3,oligodendrocyte_2,oligodendrocyte_1,oligodendrocyte_1,oligodendrocyte_2,0.6904938844283716,0.21913281389418507,0.4713610705341865,0.9434925862435183,nan,nan,nan,0328_M3_T,True,4.0,4.0,glial_non_neuronal,oligodendrocyte_opc,False
2787445900291100132,microglia,0,oligodendrocyte_2,oligodendrocyte_2,oligodendrocyte_2,oligodendrocyte_2,0.9983172603881414,0.0013309927640693443,0.996986267624072,0.013412701259021645,nan,nan,nan,0503_F4_C,True,12.0,34.0,glial_non_neuronal,microglia,False
2656143800416100040,DH_in_Klhl14,4,DH_in_Cdh3,DH_in_Cdh3,DH_in_Pdyn,DH_in_Cdh3,0.5370602781838697,0.20189858182486864,0.33516169635900106,1.3978698289953857,1.0,inhibitory,10.0,0328_M3_L,False,25.0,32.0,neuron,neuronal_or_other,False
2787889600478100141,oligodendrocyte_1,2,oligodendrocyte_progenitor_2,oligodendrocyte_progenitor_2,oligodendrocyte_progenitor_2,oligodendrocyte_progenitor_2,0.9881892513636812,0.006470685050686946,0.9817185663129943,0.08047112888850796,nan,nan,nan,0503_M4_L,True,18.0,41.0,glial_non_neuronal,oligodendrocyte_opc,False
2946331700000017356,oligodendrocyte_precursor_cell,2,oligodendrocyte_1,oligodendrocyte_1,MV_in_Sema5b,endothelial,0.3489137390155819,0.34335437807043656,0.005559360945145364,1.7341188955261002,nan,nan,nan,0415_F2_L,True,5.0,5.0,glial_non_neuronal,oligodendrocyte_opc,False
2707737900007100256,DH_ex_Tac2,0,DH_ex_Prkcg/Cck,DH_ex_Prkcg/Cck,DH_ex_Prkcg/Cck,astrocyte_1,0.3860427111130582,0.281431901288155,0.10461080982490323,1.89715822679959,1.0,excitatory,8.0,0415_F1_S,False,8.0,9.0,neuron,neuronal_or_other,False
2787889600315100058,oligodendrocyte_progenitor_2,4,astrocyte_1,astrocyte_1,oligodendrocyte_1,oligodendrocyte_progenitor_2,0.648022950479338,0.2015511434234391,0.4464718070558989,1.0027202982250862,nan,nan,nan,0503_M4_C,True,21.0,27.0,glial_non_neuronal,oligodendrocyte_opc,True
2796212800553100213,oligodendrocyte_progenitor_2,4,astrocyte_1,astrocyte_1,astrocyte_1,astrocyte_1,0.9240967062823491,0.049432146256458934,0.8746645600258901,0.34701317827187655,nan,nan,nan,0613_F3_L,True,12.0,18.0,glial_non_neuronal,oligodendrocyte_opc,False
2796212800684100065,meninges_2,4,meninges_1,meninges_1,meninges_3,meninges_3,0.9080808754343455,0.07280955999229696,0.8352713154420485,0.355246224413518,nan,nan,nan,0613_F3_T,True,1.0,25.0,glial_non_neuronal,meningeal,False
2787889600584100100,endothelial,1,meninges_1,meninges_1,meninges_1,meninges_1,0.8161394467522674,0.18213993679314242,0.6339995099591249,0.490094577771338,nan,nan,nan,0503_M4_S,True,11.0,16.0,glial_non_neuronal,vascular,False
2726543700142100084,astrocyte_1,2,endothelial,endothelial,MV_in_Chrna2,MV_in_Chrna2,0.9503361946826651,0.0380271772852321,0.912309017397433,0.25319194103617737,nan,nan,nan,0422_M3_T,True,11.0,16.0,glial_non_neuronal,astrocyte,False
2795903600031100202,endothelial,3,oligodendrocyte_1,oligodendrocyte_1,oligodendrocyte_1,DH_ex_Maf/Cck,0.4216271149511175,0.3024862823443818,0.11914083260673569,1.557757561617109,nan,nan,nan,0613_M5_S,True,4.0,6.0,glial_non_neuronal,vascular,False
2707604700389100195,DH_ex_Gpr83,0,DH_ex_Grpr,DH_ex_Grpr,DH_ex_Sox5,DH_ex_Grpr,0.8599504836603371,0.04041827089141055,0.8195322127689265,0.7059507628418747,1.0,excitatory,2.0,0415_M2_C,False,17.0,26.0,neuron,neuronal_or_other,False
2796212800398100084,DH_ex_Gpr83,3,DH_ex_Grpr,DH_ex_Grpr,DM_ex_Zfhx3,DM_ex_Zfhx3,0.7366153206323843,0.097999819458052,0.6386155011743323,1.2027042522001792,1.0,excitatory,2.0,0613_F4_L,False,20.0,32.0,neuron,neuronal_or_other,False
2795903600463100194,oligodendrocyte_1,4,oligodendrocyte_progenitor_2,oligodendrocyte_progenitor_2,oligodendrocyte_progenitor_2,oligodendrocyte_progenitor_2,0.7935360849279911,0.1965763206368408,0.5969597642911503,0.5688368638999207,nan,nan,nan,0613_M5_C,True,12.0,15.0,glial_non_neuronal,oligodendrocyte_opc,False
2787445900328100064,oligodendrocyte_progenitor_2,4,astrocyte_2,astrocyte_2,astrocyte_2,oligodendrocyte_progenitor_2,0.5063868107517073,0.35890639610492414,0.1474804146467832,1.08544609804542,nan,nan,nan,0503_F4_C,True,12.0,21.0,glial_non_neuronal,oligodendrocyte_opc,True
2796212800625100214,astrocyte_1,0,oligodendrocyte_1,oligodendrocyte_1,oligodendrocyte_1,oligodendrocyte_1,0.6582741305396577,0.24730604891823418,0.4109680816214235,0.9880579412200311,nan,nan,nan,0613_F4_T,True,3.0,5.0,glial_non_neuronal,astrocyte,False
2946331700000018324,DH_ex_Rreb1,3,DH_ex_Maf/Cck,DH_ex_Maf/Cck,DH_ex_Prkcg/Rxfp1,DH_ex_Cpne4,0.1702901721989748,0.163600079307135,0.006690092891839805,2.6426607038070475,1.0,excitatory,10.0,0415_F2_L,False,20.0,36.0,neuron,neuronal_or_other,False
2656144900516100033,peripheral_glia,4,Schwann_cell,Schwann_cell,Schwann_cell,Schwann_cell,0.9515811107949105,0.04722428761554711,0.9043568231793634,0.20013227166388237,nan,nan,nan,0328_M1_S,True,11.0,20.0,glial_non_neuronal,remaining_glial_non_neuronal,False
2787445900195100061,astrocyte_1,1,astrocyte_2,astrocyte_2,astrocyte_2,astrocyte_2,0.9993786398594067,0.0006159783739209647,0.9987626614854858,0.0052547742350887655,nan,nan,nan,0503_F5_L,True,8.0,12.0,glial_non_neuronal,astrocyte,False
2787889600449100032,endothelial,2,oligodendrocyte_progenitor_2,oligodendrocyte_progenitor_2,oligodendrocyte_progenitor_2,MV_in_Gm26673,0.5938092849883316,0.29938942534281504,0.2944198596455166,1.088844284602033,nan,nan,nan,0503_M4_T,True,16.0,23.0,glial_non_neuronal,vascular,False
2787889600485100085,gamma_motoneuron,1,alpha_motoneuron,alpha_motoneuron,alpha_motoneuron,astrocyte_1,0.8932634631169718,0.10456586322812032,0.7886975998888515,0.3532251687359665,nan,nan,22.0,0503_M4_T,False,13.0,23.0,glial_non_neuronal,neuronal_or_other,False
2656144900210100051,endothelial,2,astrocyte_1,astrocyte_1,astrocyte_2,astrocyte_2,0.5925380362702027,0.23850227075258643,0.3540357655176163,1.0152342389850872,nan,nan,nan,0328_M2_C,True,4.0,5.0,glial_non_neuronal,vascular,False
2796212800882100352,DH_ex_Rreb1,1,DH_ex_Maf/Cpne4,DH_ex_Maf/Cpne4,oligodendrocyte_1,oligodendrocyte_progenitor_2,0.8007539816765498,0.1674720026655825,0.6332819790109673,0.6170964357976779,1.0,excitatory,10.0,0613_F3_C,False,6.0,8.0,neuron,neuronal_or_other,False
2707604800012100008,astrocyte_2,2,oligodendrocyte_progenitor_2,oligodendrocyte_progenitor_2,oligodendrocyte_progenitor_2,oligodendrocyte_progenitor_2,0.8459657550537821,0.07875367675414592,0.7672120782996362,0.7278348043067038,nan,nan,nan,0415_M1_S,True,12.0,15.0,glial_non_neuronal,astrocyte,False
2656144300086100193,oligodendrocyte_progenitor_2,0,oligodendrocyte_2,oligodendrocyte_2,oligodendrocyte_2,oligodendrocyte_2,0.9999120360762032,7.14530023345534e-05,0.9998405830738686,0.0009756624749712782,nan,nan,nan,0328_F2_C,True,7.0,10.0,glial_non_neuronal,oligodendrocyte_opc,False
2795584800450100146,DH_ex_Grp,4,DH_ex_Prkcg/Rxfp1,DH_ex_Prkcg/Rxfp1,microglia,microglia,0.6908615373552419,0.06547608209709893,0.625385455258143,1.4355878339308348,1.0,excitatory,6.0,0610_F4_T,False,13.0,17.0,neuron,neuronal_or_other,False
2787445900583100201,astrocyte_1,4,endothelial,endothelial,endothelial,MV_in_Gabra1,0.41906144479311064,0.18213629136539217,0.23692515342771847,1.6471631041104404,nan,nan,nan,0503_F3_C,True,11.0,23.0,glial_non_neuronal,astrocyte,False
2656143800468100203,astrocyte_2,3,astrocyte_1,astrocyte_1,astrocyte_1,astrocyte_1,0.9773406200956511,0.008267036526213026,0.9690735835694381,0.15164895552988064,nan,nan,nan,0328_M3_L,True,10.0,11.0,glial_non_neuronal,astrocyte,False
2796212800264100110,endothelial,1,astrocyte_1,astrocyte_1,astrocyte_1,astrocyte_1,0.7447867098863796,0.13819708318016932,0.6065896267062103,0.91885322666444,nan,nan,nan,0613_F4_S,True,9.0,12.0,glial_non_neuronal,vascular,False
2787889600094100228,oligodendrocyte_1,2,oligodendrocyte_progenitor_2,oligodendrocyte_progenitor_2,oligodendrocyte_progenitor_2,oligodendrocyte_progenitor_2,0.9964651146359685,0.002026713846227457,0.9944384007897411,0.029144500536301167,nan,nan,nan,0503_M5_C,True,7.0,34.0,glial_non_neuronal,oligodendrocyte_opc,False
2787445900437100097,oligodendrocyte_1,3,oligodendrocyte_2,oligodendrocyte_2,oligodendrocyte_2,oligodendrocyte_2,0.6981774519192762,0.2932053414623458,0.4049721104569304,0.6614157100541549,nan,nan,nan,0503_F4_C,True,8.0,15.0,glial_non_neuronal,oligodendrocyte_opc,False
2796212800356100047,astrocyte_2,3,astrocyte_1,astrocyte_1,astrocyte_1,astrocyte_1,0.5333116568709287,0.4525209132763814,0.08079074359454735,0.763717506947287,nan,nan,nan,0613_F3_S,True,10.0,11.0,glial_non_neuronal,astrocyte,False
2787445900698100019,oligodendrocyte_1,3,microglia,microglia,microglia,oligodendrocyte_2,0.439653725940466,0.3234828053978344,0.11617092054263156,1.1721737458154389,nan,nan,nan,0503_F3_C,True,8.0,9.0,glial_non_neuronal,oligodendrocyte_opc,False
2707604800035100111,astrocyte_1,2,oligodendrocyte_progenitor_2,oligodendrocyte_progenitor_2,oligodendrocyte_progenitor_2,oligodendrocyte_progenitor_2,0.9996232833822171,0.0002605954765125561,0.9993626879057045,0.0038565471387532325,nan,nan,nan,0415_M1_S,True,11.0,18.0,glial_non_neuronal,astrocyte,False
2707604000153100184,oligodendrocyte_2,1,oligodendrocyte_progenitor_2,oligodendrocyte_progenitor_2,oligodendrocyte_progenitor_2,oligodendrocyte_progenitor_2,0.9531628791772945,0.04615231628896256,0.9070105628883319,0.19395571773610107,nan,nan,nan,0415_M3_T,True,8.0,10.0,glial_non_neuronal,oligodendrocyte_opc,False
2707604800119100170,oligodendrocyte_precursor_cell,2,oligodendrocyte_progenitor_2,oligodendrocyte_progenitor_2,oligodendrocyte_progenitor_2,oligodendrocyte_progenitor_2,0.9038000365946767,0.0658349962188075,0.8379650403758692,0.4489257107553205,nan,nan,nan,0415_M1_L,True,9.0,10.0,glial_non_neuronal,oligodendrocyte_opc,False
2656144900396100015,oligodendrocyte_1,3,oligodendrocyte_progenitor_2,oligodendrocyte_progenitor_2,oligodendrocyte_progenitor_2,oligodendrocyte_progenitor_2,0.999607659528426,0.0002754521980909511,0.999332207330335,0.004009228984317249,nan,nan,nan,0328_M2_T,True,11.0,38.0,glial_non_neuronal,oligodendrocyte_opc,False
2787445900402100051,astrocyte_2,4,oligodendrocyte_progenitor_2,oligodendrocyte_progenitor_2,oligodendrocyte_1,oligodendrocyte_progenitor_2,0.9554739101761742,0.03901754809895213,0.9164563620772221,0.20648938682578213,nan,nan,nan,0503_F4_C,True,4.0,5.0,glial_non_neuronal,astrocyte,False
2656143800190100061,astrocyte_1,1,oligodendrocyte_progenitor_2,oligodendrocyte_progenitor_2,oligodendrocyte_progenitor_2,oligodendrocyte_progenitor_2,0.9980527656035105,0.0013682058746107436,0.9966845597288998,0.01636330112191968,nan,nan,nan,0328_M3_T,True,16.0,41.0,glial_non_neuronal,astrocyte,False
2707604700131100087,oligodendrocyte_1,0,oligodendrocyte_2,oligodendrocyte_2,oligodendrocyte_2,oligodendrocyte_2,0.884481976347724,0.049097910908884296,0.8353840654388397,0.5091842267963609,nan,nan,nan,0415_M2_L,True,8.0,10.0,glial_non_neuronal,oligodendrocyte_opc,False
2946331700000011054,M_ex_Vsx2,0,M_ex_Vsx2/Shox2,M_ex_Vsx2/Shox2,M_ex_Vsx2/Shox2,M_ex_Vsx2/Shox2,0.5189174645601193,0.4496031761305863,0.06931428842953302,0.8166470154695841,3.0,excitatory,20.0,0415_F2_T,False,37.0,99.0,neuron,neuronal_or_other,False
2796212800297100156,DH_ex_Rreb1,4,DH_ex_Maf/Cck,DH_ex_Maf/Cck,DH_ex_Maf/Cck,MV_ex_Syt2,0.8440413650804206,0.13185743257096913,0.7121839325094514,0.5551117599353078,1.0,excitatory,10.0,0613_F4_S,False,23.0,38.0,neuron,neuronal_or_other,False
2787445900290100191,pericyte,2,endothelial,endothelial,endothelial,endothelial,0.9882854826072605,0.007926796671309157,0.9803586859359513,0.07792125798746304,nan,nan,nan,0503_F4_C,True,11.0,15.0,glial_non_neuronal,vascular,False
2787445900437100053,astrocyte_2,0,oligodendrocyte_progenitor_2,oligodendrocyte_progenitor_2,oligodendrocyte_progenitor_2,oligodendrocyte_progenitor_2,0.9899978705207272,0.007055841107993591,0.9829420294127336,0.06766768703502408,nan,nan,nan,0503_F4_C,True,13.0,25.0,glial_non_neuronal,astrocyte,False
2796212800946100284,oligodendrocyte_precursor_cell,2,astrocyte_1,astrocyte_1,astrocyte_1,astrocyte_1,0.9969848839710869,0.0014314202401679674,0.9955534637309189,0.02574358814396286,nan,nan,nan,0613_F3_C,True,7.0,8.0,glial_non_neuronal,oligodendrocyte_opc,False
2796212800328100098,oligodendrocyte_1,4,endothelial,endothelial,endothelial,oligodendrocyte_progenitor_2,0.5640844956619886,0.2375197891136666,0.326564706548322,1.3350021382611368,nan,nan,nan,0613_F4_S,True,7.0,10.0,glial_non_neuronal,oligodendrocyte_opc,False
2656144900584100151,astrocyte_1,2,oligodendrocyte_1,oligodendrocyte_1,oligodendrocyte_1,oligodendrocyte_1,0.4733127636714354,0.34188731904630687,0.1314254446251285,1.2245393055894853,nan,nan,nan,0328_M2_L,True,8.0,8.0,glial_non_neuronal,astrocyte,False
2795903600320100064,oligodendrocyte_progenitor_2,2,oligodendrocyte_1,oligodendrocyte_1,oligodendrocyte_1,oligodendrocyte_progenitor_2,0.8863128333878549,0.10315175286404384,0.7831610805238111,0.401653643160773,nan,nan,nan,0613_M4_L,True,6.0,7.0,glial_non_neuronal,oligodendrocyte_opc,True
2707604700116100020,oligodendrocyte_progenitor_2,4,oligodendrocyte_2,oligodendrocyte_2,oligodendrocyte_2,oligodendrocyte_2,0.9118429993993996,0.0873949120285123,0.8244480873708873,0.30439905222193164,nan,nan,nan,0415_M3_S,True,10.0,13.0,glial_non_neuronal,oligodendrocyte_opc,False
2787445900364100179,oligodendrocyte_2,3,oligodendrocyte_progenitor_2,oligodendrocyte_progenitor_2,oligodendrocyte_progenitor_2,oligodendrocyte_progenitor_2,0.9833969716584374,0.016414019464572296,0.9669829521938651,0.08598383330620317,nan,nan,nan,0503_F4_C,True,11.0,17.0,glial_non_neuronal,oligodendrocyte_opc,False
2796212800889100168,astrocyte_1,4,oligodendrocyte_progenitor_2,oligodendrocyte_progenitor_2,DH_ex_Sox5/Tac1,oligodendrocyte_progenitor_2,0.7232404259702645,0.2110140496333079,0.5122263763369566,0.8970168565958273,nan,nan,nan,0613_F4_C,True,17.0,25.0,glial_non_neuronal,astrocyte,False
2787889600230100272,astrocyte_1,1,oligodendrocyte_1,oligodendrocyte_1,oligodendrocyte_1,oligodendrocyte_1,0.4189791438272792,0.28755768357698214,0.13142146025029705,1.3607475912632312,nan,nan,nan,0503_M5_T,True,6.0,10.0,glial_non_neuronal,astrocyte,False
2946331700000020146,endothelial,2,astrocyte_1,astrocyte_1,astrocyte_1,astrocyte_1,0.9983415822318101,0.0005781000363527951,0.9977634821954573,0.015342880781153171,nan,nan,nan,0415_F2_L,True,12.0,17.0,glial_non_neuronal,vascular,False
2787889600479100028,oligodendrocyte_2,3,oligodendrocyte_progenitor_2,oligodendrocyte_progenitor_2,oligodendrocyte_progenitor_2,oligodendrocyte_progenitor_2,0.9893957200086861,0.005950677999600101,0.983445042009086,0.07577953692078228,nan,nan,nan,0503_M4_L,True,15.0,36.0,glial_non_neuronal,oligodendrocyte_opc,False
2795103300179100161,DH_ex_Grp,4,DH_ex_Prkcg/Rxfp1,DH_ex_Prkcg/Rxfp1,DH_ex_Tac2,DH_ex_Nmu/Tac2,0.9904873368965462,0.002791537794191617,0.9876957991023546,0.07919190082427628,1.0,excitatory,6.0,0610_M4_C,False,9.0,12.0,neuron,neuronal_or_other,False
2787445900226100204,oligodendrocyte_1,4,astrocyte_1,astrocyte_1,astrocyte_1,astrocyte_1,0.5802440137234535,0.34248173418892336,0.2377622795345301,0.9202043093555835,nan,nan,nan,0503_F5_S,True,14.0,19.0,glial_non_neuronal,oligodendrocyte_opc,False
2656143800216100133,oligodendrocyte_precursor_cell,3,astrocyte_1,astrocyte_1,astrocyte_1,astrocyte_1,0.6273288326876582,0.13321466050475528,0.4941141721829029,1.4391292332204801,nan,nan,nan,0328_M3_T,True,13.0,15.0,glial_non_neuronal,oligodendrocyte_opc,False
2726544200026100175,endothelial,3,astrocyte_1,astrocyte_1,astrocyte_1,astrocyte_1,0.5347177621049906,0.41886563407434746,0.1158521280306431,0.9353633098604628,nan,nan,nan,0422_M1_C,True,11.0,16.0,glial_non_neuronal,vascular,False
2796212800625100295,oligodendrocyte_progenitor_1,2,oligodendrocyte_precursor_cell,oligodendrocyte_precursor_cell,oligodendrocyte_precursor_cell,oligodendrocyte_precursor_cell,0.9972795526456858,0.0012151372170557861,0.99606441542863,0.02277396834339645,nan,nan,nan,0613_F4_T,True,23.0,36.0,glial_non_neuronal,oligodendrocyte_opc,False
2945606900000003759,meninges_2,3,meninges_3,meninges_1,meninges_3,meninges_3,0.9398421376125798,0.04139196300216683,0.898450174610413,0.2839807250002504,nan,nan,nan,0328_F1_C,True,3.0,21.0,glial_non_neuronal,meningeal,False
2707604000070100198,oligodendrocyte_1,3,oligodendrocyte_progenitor_2,oligodendrocyte_progenitor_2,oligodendrocyte_progenitor_2,oligodendrocyte_progenitor_2,0.9385040687663437,0.0165027830840127,0.9220012856823311,0.3634844823538982,nan,nan,nan,0415_M3_L,True,15.0,16.0,glial_non_neuronal,oligodendrocyte_opc,False
2707737900034100153,astrocyte_1,3,astrocyte_2,astrocyte_2,astrocyte_2,astrocyte_2,0.975994409422238,0.016676409600338497,0.9593179998218996,0.13396007925041037,nan,nan,nan,0415_F1_L,True,14.0,21.0,glial_non_neuronal,astrocyte,False
2796212800980100276,astrocyte_2,0,endothelial,endothelial,endothelial,oligodendrocyte_precursor_cell,0.651828896850088,0.3152155132338796,0.33661338361620846,0.8048837602817644,nan,nan,nan,0613_F3_C,True,11.0,16.0,glial_non_neuronal,astrocyte,False
2656144900111100285,DH_ex_Maf/Cpne4,4,DH_ex_Maf/Cck,DH_ex_Maf/Cck,MV_in_Sema5b,MV_in_Gm26673,0.28720802650265403,0.25837810554624313,0.028829920956410904,2.0104503852235993,1.0,excitatory,10.0,0328_M1_C,False,8.0,11.0,neuron,neuronal_or_other,False
2795103300195100284,oligodendrocyte_1,3,oligodendrocyte_progenitor_2,oligodendrocyte_progenitor_2,oligodendrocyte_progenitor_2,oligodendrocyte_progenitor_2,0.7200196939633747,0.11580320424367184,0.6042164897197029,1.0769191641813889,nan,nan,nan,0610_M4_L,True,15.0,27.0,glial_non_neuronal,oligodendrocyte_opc,False
2946331700000022166,DH_in_Kcnip2,4,DH_in_Npy2r,DH_in_Npy2r,DH_in_Npy2r,astrocyte_1,0.30307932081737143,0.14837631923159747,0.15470300158577396,2.540025504312433,1.0,inhibitory,9.0,0415_F2_L,False,11.0,16.0,neuron,neuronal_or_other,False
2656143800080100205,oligodendrocyte_1,4,astrocyte_1,astrocyte_1,astrocyte_1,astrocyte_1,0.9896102583424459,0.004196558572104616,0.9854136997703412,0.07613818828109054,nan,nan,nan,0328_M3_C,True,11.0,17.0,glial_non_neuronal,oligodendrocyte_opc,False
2795584800449100183,DH_ex_Maf/Slc17a8,3,DH_ex_Rreb1,DH_ex_Rreb1,DH_ex_Rreb1,endothelial,0.6387637274448273,0.2835507108938984,0.35521301655092896,1.0069378465956191,1.0,excitatory,10.0,0610_F4_T,False,18.0,28.0,neuron,neuronal_or_other,False
2787889600350100266,astrocyte_1,1,oligodendrocyte_progenitor_2,oligodendrocyte_progenitor_2,oligodendrocyte_progenitor_2,oligodendrocyte_progenitor_2,0.9649132478031118,0.01747335988548731,0.9474398879176246,0.21500037191752083,nan,nan,nan,0503_M4_C,True,14.0,22.0,glial_non_neuronal,astrocyte,False
2796212800821100152,gamma_motoneuron,1,alpha_motoneuron,alpha_motoneuron,alpha_motoneuron,alpha_motoneuron,0.9703806972041952,0.028546868884468998,0.9418338283197262,0.13942651655435015,nan,nan,22.0,0613_F4_C,False,17.0,41.0,glial_non_neuronal,neuronal_or_other,False
2946331700000012697,oligodendrocyte_1,4,oligodendrocyte_2,oligodendrocyte_2,oligodendrocyte_2,oligodendrocyte_2,0.9760517767690053,0.022729560906403986,0.9533222158626014,0.12128006403159668,nan,nan,nan,0415_F2_T,True,11.0,16.0,glial_non_neuronal,oligodendrocyte_opc,False
2795584800450100076,microglia,1,endothelial,endothelial,endothelial,endothelial,0.8095883837970037,0.14891985593871884,0.6606685278582849,0.686073395881209,nan,nan,nan,0610_F4_T,True,7.0,8.0,glial_non_neuronal,microglia,False
2726543700466100088,MV_in_Chrna2,2,MV_in_Gm26673,MV_in_Gm26673,oligodendrocyte_1,oligodendrocyte_1,0.5607256605722462,0.4114469341175231,0.14927872645472307,0.8392489341509981,4.0,inhibitory,19.0,0422_M3_L,False,1.0,1.0,neuron,neuronal_or_other,False
2945606900000018159,oligodendrocyte_1,2,endothelial,endothelial,endothelial,endothelial,0.6254721248888422,0.15423117932519814,0.47124094556364404,1.244321619772175,nan,nan,nan,0328_F1_T,True,9.0,14.0,glial_non_neuronal,oligodendrocyte_opc,False
2946331700000013295,oligodendrocyte_1,4,oligodendrocyte_progenitor_2,oligodendrocyte_progenitor_2,oligodendrocyte_progenitor_2,oligodendrocyte_progenitor_2,0.9953625489188475,0.0032920212398600147,0.9920705276789874,0.034027728441989404,nan,nan,nan,0415_F2_S,True,8.0,15.0,glial_non_neuronal,oligodendrocyte_opc,False
2787889600355100079,oligodendrocyte_progenitor_2,0,oligodendrocyte_2,oligodendrocyte_2,oligodendrocyte_2,oligodendrocyte_progenitor_2,0.7595084532550432,0.20665226457966496,0.5528561886753782,0.6691097470336755,nan,nan,nan,0503_M4_C,True,8.0,9.0,glial_non_neuronal,oligodendrocyte_opc,True
2796212800715100159,oligodendrocyte_progenitor_2,2,oligodendrocyte_1,oligodendrocyte_1,oligodendrocyte_1,oligodendrocyte_progenitor_2,0.28104416994608333,0.21950838802170622,0.061535781924377114,1.8250335961164237,nan,nan,nan,0613_F3_T,True,8.0,8.0,glial_non_neuronal,oligodendrocyte_opc,True
2795903600435100030,oligodendrocyte_precursor_cell,0,astrocyte_1,astrocyte_1,astrocyte_1,astrocyte_1,0.6292405034183982,0.25193234512139506,0.37730815829700315,1.0760234675269327,nan,nan,nan,0613_M5_C,True,9.0,11.0,glial_non_neuronal,oligodendrocyte_opc,False
2707604800014100240,endothelial,0,astrocyte_1,astrocyte_1,astrocyte_1,DH_in_Cdh3,0.37248678928108675,0.16576369691929937,0.20672309236178738,1.9000257461735883,nan,nan,nan,0415_M1_S,True,2.0,2.0,glial_non_neuronal,vascular,False
2946331700000002516,meninges_1,2,meninges_3,meninges_3,meninges_3,meninges_3,0.9703150797981847,0.0287083892667193,0.9416066905314654,0.13871476553280557,nan,nan,nan,0415_F2_C,True,2.0,34.0,glial_non_neuronal,meningeal,False
2656144900185100079,endothelial,3,astrocyte_1,astrocyte_1,astrocyte_1,astrocyte_1,0.7858025876674385,0.13984238541394703,0.6459602022534915,0.8253193647377651,nan,nan,nan,0328_M2_C,True,8.0,12.0,glial_non_neuronal,vascular,False
2795584800413100228,oligodendrocyte_progenitor_2,4,oligodendrocyte_1,oligodendrocyte_1,M_in_Tfap2b,M_in_Tfap2b,0.5585107407463351,0.22279408256065755,0.33571665818567753,1.397589282655184,nan,nan,nan,0610_F4_T,True,12.0,25.0,glial_non_neuronal,oligodendrocyte_opc,False
2795903600563100287,DH_ex_Prkcg/Nts,3,DH_ex_Prkcg/Cck,DH_ex_Prkcg/Cck,DH_ex_Prkcg/Cck,DH_ex_Prkcg/Nts,0.9278660275537561,0.06569639785807609,0.86216962969568,0.29426643516974205,1.0,excitatory,8.0,0613_M4_C,False,5.0,7.0,neuron,neuronal_or_other,True
2787445900266200023,DH_in_Klhl14,2,DH_in_Cdh3,DH_in_Cdh3,DH_ex_Tac2,MV_in_Gabra1,0.4752506605381652,0.33190435338371693,0.1433463071544483,1.4851186914381638,1.0,inhibitory,10.0,0503_F5_L,False,17.0,26.0,neuron,neuronal_or_other,False
2795584800713100064,endothelial,3,astrocyte_1,astrocyte_1,astrocyte_1,astrocyte_1,0.6473925481767405,0.1662560637122406,0.4811364844644999,1.351125543088873,nan,nan,nan,0610_F5_S,True,13.0,23.0,glial_non_neuronal,vascular,False
2787889600351100314,oligodendrocyte_progenitor_1,3,oligodendrocyte_precursor_cell,oligodendrocyte_precursor_cell,oligodendrocyte_precursor_cell,oligodendrocyte_precursor_cell,0.9661654096315527,0.03340707811174427,0.9327583315198085,0.15093246740792202,nan,nan,nan,0503_M4_C,True,15.0,33.0,glial_non_neuronal,oligodendrocyte_opc,False
2787445900252100162,DH_ex_Prkcg/Cck,0,DH_ex_Prkcg/Nts,DH_ex_Prkcg/Nts,DH_ex_Nmu/Tac2,DH_ex_Nmu/Tac2,0.7257495071560247,0.27239805603766853,0.4533514511183562,0.6016265980104197,1.0,excitatory,8.0,0503_F4_C,False,13.0,23.0,neuron,neuronal_or_other,False
2707737900063100081,DH_ex_Tac2,3,DH_ex_Nmu/Tac2,DH_ex_Nmu/Tac2,astrocyte_1,astrocyte_1,0.973646105462072,0.025830709259189198,0.9478153962028828,0.12555629512588362,1.0,excitatory,8.0,0415_F1_L,False,19.0,39.0,neuron,neuronal_or_other,False
2787889600195100212,DH_ex_Grp,4,DH_ex_Prkcg/Rxfp1,DH_ex_Prkcg/Rxfp1,DH_in_Cdh3,oligodendrocyte_progenitor_2,0.8692550277351591,0.03328785386472543,0.8359671738704336,0.6615058861385772,1.0,excitatory,6.0,0503_M5_T,False,15.0,43.0,neuron,neuronal_or_other,False
2787445900321100105,oligodendrocyte_1,0,pericyte,pericyte,pericyte,pericyte,0.8978877165224208,0.04141464738458294,0.8564730691378379,0.47451937475606365,nan,nan,nan,0503_F4_C,True,8.0,15.0,glial_non_neuronal,oligodendrocyte_opc,False
2787445900134100141,oligodendrocyte_1,1,oligodendrocyte_progenitor_2,oligodendrocyte_progenitor_2,DH_in_Cdh3,oligodendrocyte_progenitor_2,0.789902591424795,0.1295861633660208,0.6603164280587742,0.7239779201809937,nan,nan,nan,0503_F5_C,True,15.0,27.0,glial_non_neuronal,oligodendrocyte_opc,False
2787889600132100205,oligodendrocyte_1,3,oligodendrocyte_progenitor_2,oligodendrocyte_progenitor_2,oligodendrocyte_progenitor_2,oligodendrocyte_progenitor_2,0.9967752623852517,0.0015514042183363103,0.9952238581669154,0.025873484115875173,nan,nan,nan,0503_M5_C,True,8.0,21.0,glial_non_neuronal,oligodendrocyte_opc,False
2726544600107200114,oligodendrocyte_precursor_cell,0,microglia,microglia,microglia,microglia,0.8799976102487537,0.06728237906875713,0.8127152311799966,0.5478246321188216,nan,nan,nan,0422_F1_C,True,11.0,16.0,glial_non_neuronal,oligodendrocyte_opc,False
2726562800241100012,oligodendrocyte_progenitor_2,3,astrocyte_1,astrocyte_1,astrocyte_1,astrocyte_1,0.5347675676685266,0.43634909826004425,0.09841846940848237,0.8395852033393167,nan,nan,nan,0422_M2_L,True,7.0,13.0,glial_non_neuronal,oligodendrocyte_opc,False
2787889600422100054,oligodendrocyte_progenitor_1,2,oligodendrocyte_precursor_cell,oligodendrocyte_precursor_cell,oligodendrocyte_precursor_cell,oligodendrocyte_precursor_cell,0.997170892904391,0.0018500865425648881,0.9953208063618261,0.02296493646546779,nan,nan,nan,0503_M4_C,True,27.0,46.0,glial_non_neuronal,oligodendrocyte_opc,False
2946331700000004413,DH_in_Npy2r,0,DH_in_Kcnip2,DH_in_Kcnip2,DH_in_Cdh3,DH_in_Cdh3,0.9650165042606932,0.017656999401144916,0.9473595048595482,0.20115019733367767,1.0,inhibitory,9.0,0415_F2_C,False,20.0,31.0,neuron,neuronal_or_other,False
2795584800102100067,oligodendrocyte_2,2,oligodendrocyte_progenitor_2,oligodendrocyte_progenitor_2,oligodendrocyte_progenitor_2,oligodendrocyte_progenitor_2,0.9951006889250983,0.0014022527441149573,0.9936984361809833,0.039782608386501384,nan,nan,nan,0610_F3_S,True,8.0,15.0,glial_non_neuronal,oligodendrocyte_opc,False
2795103300108100038,endothelial,2,astrocyte_1,astrocyte_1,astrocyte_1,astrocyte_1,0.9251252322599804,0.025668164810627194,0.8994570674493533,0.3995161039218088,nan,nan,nan,0610_M4_C,True,9.0,10.0,glial_non_neuronal,vascular,False
2787445900395100073,beta_motoneuron,2,alpha_motoneuron,alpha_motoneuron,alpha_motoneuron,alpha_motoneuron,0.7005449391085046,0.07833866663512752,0.622206272473377,1.2095382627188376,nan,nan,22.0,0503_F4_C,False,13.0,17.0,glial_non_neuronal,neuronal_or_other,False
2707604000124100196,oligodendrocyte_1,0,astrocyte_1,astrocyte_1,astrocyte_1,astrocyte_1,0.8785700011089638,0.05071159714277092,0.8278584039661928,0.5402513621082404,nan,nan,nan,0415_M3_T,True,15.0,20.0,glial_non_neuronal,oligodendrocyte_opc,False
2795584800451100007,microglia,2,oligodendrocyte_2,oligodendrocyte_2,oligodendrocyte_2,microglia,0.6091949502326817,0.22125137073588008,0.3879435794968016,1.239523892791169,nan,nan,nan,0610_F4_T,True,10.0,15.0,glial_non_neuronal,microglia,True
2707604800162100101,oligodendrocyte_progenitor_2,0,oligodendrocyte_2,oligodendrocyte_2,oligodendrocyte_2,oligodendrocyte_2,0.7157638295713705,0.28345219698203866,0.43231163258933186,0.6037789338129991,nan,nan,nan,0415_M1_L,True,12.0,20.0,glial_non_neuronal,oligodendrocyte_opc,False
2787445900210100014,astrocyte_2,1,oligodendrocyte_2,oligodendrocyte_2,oligodendrocyte_2,oligodendrocyte_progenitor_2,0.8574547828976231,0.14126812781532483,0.7161866550822983,0.4175323024547792,nan,nan,nan,0503_F5_C,True,20.0,53.0,glial_non_neuronal,astrocyte,False
2726544600410100062,DH_in_Klhl14,1,DH_in_Cdh3,DH_in_Cdh3,DH_in_Cdh3,DH_in_Cdh3,0.37112707926159644,0.2611706962652177,0.10995638299637872,1.694412652345798,1.0,inhibitory,10.0,0422_F1_S,False,6.0,8.0,neuron,neuronal_or_other,False
2707604000124100020,astrocyte_1,1,oligodendrocyte_progenitor_1,oligodendrocyte_progenitor_1,oligodendrocyte_progenitor_1,astrocyte_1,0.6127591300502018,0.2748229318759995,0.3379361981742023,1.0930621454350427,nan,nan,nan,0415_M3_T,True,21.0,27.0,glial_non_neuronal,astrocyte,True
2787445900770100037,astrocyte_1,4,astrocyte_2,astrocyte_2,astrocyte_2,astrocyte_2,0.3527242625326418,0.25753908834631944,0.09518517418632233,1.8576253318535798,nan,nan,nan,0503_M5_C,True,8.0,9.0,glial_non_neuronal,astrocyte,False
2796212800849100208,DH_in_Klhl14,2,DH_in_Cdh3,DH_in_Cdh3,DH_ex_Prkcg/Rxfp1,DH_ex_Prkcg/Nts,0.3099045205602376,0.2570517949920084,0.052852725568229175,2.134045461206619,1.0,inhibitory,10.0,0613_F3_C,False,28.0,46.0,neuron,neuronal_or_other,False
2796212800330100077,oligodendrocyte_2,4,oligodendrocyte_progenitor_2,oligodendrocyte_progenitor_2,oligodendrocyte_progenitor_2,oligodendrocyte_progenitor_2,0.9958158654228277,0.0033153067118173404,0.9925005587110104,0.030590366163102463,nan,nan,nan,0613_F4_L,True,8.0,14.0,glial_non_neuronal,oligodendrocyte_opc,False
2945606900000016917,oligodendrocyte_1,3,oligodendrocyte_progenitor_2,oligodendrocyte_progenitor_2,oligodendrocyte_progenitor_2,oligodendrocyte_progenitor_2,0.9986550965024397,0.000889926959365124,0.9977651695430746,0.01227073508215628,nan,nan,nan,0328_F1_T,True,11.0,29.0,glial_non_neuronal,oligodendrocyte_opc,False
2787445900053200095,astrocyte_1,1,oligodendrocyte_progenitor_2,oligodendrocyte_progenitor_2,oligodendrocyte_progenitor_2,astrocyte_1,0.5068913672710142,0.485762003465419,0.02112936380559527,0.7482946578486706,nan,nan,nan,0503_F5_T,True,37.0,162.0,glial_non_neuronal,astrocyte,True
2795903600268100291,oligodendrocyte_progenitor_2,3,oligodendrocyte_progenitor_1,oligodendrocyte_progenitor_1,oligodendrocyte_progenitor_1,MV_in_Gm26673,0.4501017570166733,0.21112120563723125,0.23898055137944207,1.7285097508492915,nan,nan,nan,0613_M4_L,True,31.0,82.0,glial_non_neuronal,oligodendrocyte_opc,False
2787445900545200035,astrocyte_2,0,meninges_1,meninges_1,oligodendrocyte_progenitor_2,oligodendrocyte_progenitor_2,0.9974322632386736,0.0014755537156459716,0.9959567095230276,0.022244867086264154,nan,nan,nan,0503_F3_C,True,9.0,42.0,glial_non_neuronal,astrocyte,False
2656144900397100106,endothelial,0,astrocyte_1,astrocyte_1,astrocyte_2,astrocyte_1,0.705885347832438,0.1403868103569527,0.5654985374754853,0.9446089183973603,nan,nan,nan,0328_M2_T,True,11.0,17.0,glial_non_neuronal,vascular,False
2726543700099100133,oligodendrocyte_progenitor_2,1,oligodendrocyte_1,oligodendrocyte_1,oligodendrocyte_1,oligodendrocyte_progenitor_2,0.3695927473480241,0.2883761649263487,0.0812165824216754,1.731983634810265,nan,nan,nan,0422_M3_C,True,6.0,11.0,glial_non_neuronal,oligodendrocyte_opc,True
2707737900101100037,astrocyte_1,2,oligodendrocyte_1,oligodendrocyte_1,endothelial,MV_ex_Syt2,0.41358950724940247,0.1896747765183001,0.22391473073110238,1.6973217787064883,nan,nan,nan,0415_F1_L,True,14.0,23.0,glial_non_neuronal,astrocyte,False
2787445900137100055,astrocyte_2,1,meninges_1,meninges_1,oligodendrocyte_1,oligodendrocyte_progenitor_2,0.9682766924650983,0.009865752810848503,0.9584109396542498,0.19675967321235693,nan,nan,nan,0503_F5_C,True,6.0,16.0,glial_non_neuronal,astrocyte,False
2726544600056100123,oligodendrocyte_1,2,oligodendrocyte_precursor_cell,oligodendrocyte_precursor_cell,endothelial,MV_in_Gm26673,0.955554773792491,0.024119698876249384,0.9314350749162416,0.24840719860953653,nan,nan,nan,0422_F1_C,True,5.0,5.0,glial_non_neuronal,oligodendrocyte_opc,False
2787889600163100092,pericyte,1,endothelial,endothelial,endothelial,endothelial,0.9998381203291283,6.814353407344086e-05,0.9997699767950549,0.0018939910493883908,nan,nan,nan,0503_M5_C,True,5.0,9.0,glial_non_neuronal,vascular,False
2795903600670100187,oligodendrocyte_progenitor_2,3,oligodendrocyte_1,oligodendrocyte_1,oligodendrocyte_1,MV_in_Gm26673,0.47495932150863773,0.26979180538057645,0.20516751612806128,1.4554671514982016,nan,nan,nan,0613_M4_C,True,12.0,16.0,glial_non_neuronal,oligodendrocyte_opc,False
2787445900585100050,oligodendrocyte_1,2,oligodendrocyte_progenitor_2,oligodendrocyte_progenitor_2,oligodendrocyte_progenitor_2,oligodendrocyte_progenitor_2,0.6292161218587923,0.3189680077561754,0.3102481141026169,0.9399446520667288,nan,nan,nan,0503_F3_C,True,20.0,64.0,glial_non_neuronal,oligodendrocyte_opc,False
2795584800639100111,oligodendrocyte_1,3,oligodendrocyte_progenitor_2,oligodendrocyte_progenitor_2,oligodendrocyte_progenitor_2,oligodendrocyte_progenitor_2,0.9996033932283193,0.00022375323372315702,0.9993796399945961,0.0041067061467495785,nan,nan,nan,0610_F5_L,True,8.0,15.0,glial_non_neuronal,oligodendrocyte_opc,False
2787445900658100034,oligodendrocyte_1,1,oligodendrocyte_progenitor_2,oligodendrocyte_progenitor_2,oligodendrocyte_progenitor_2,oligodendrocyte_progenitor_2,0.997845955416838,0.0013907151436710408,0.9964552402731669,0.018674353772824566,nan,nan,nan,0503_F3_C,True,18.0,46.0,glial_non_neuronal,oligodendrocyte_opc,False
2726544200026100065,oligodendrocyte_progenitor_2,0,astrocyte_1,astrocyte_1,astrocyte_1,astrocyte_1,0.4541290397628615,0.31084464390029753,0.14328439586256397,1.541940685461266,nan,nan,nan,0422_M1_C,True,8.0,9.0,glial_non_neuronal,oligodendrocyte_opc,False
2656144900183100082,DH_in_Klhl14,3,DH_in_Cdh3,DH_in_Cdh3,DH_in_Cdh3,DH_in_Npy,0.5070035434821655,0.32291506958944405,0.18408847389272143,1.284085616925582,1.0,inhibitory,10.0,0328_M2_C,False,18.0,32.0,neuron,neuronal_or_other,False
2656143800129100064,oligodendrocyte_1,0,oligodendrocyte_progenitor_2,oligodendrocyte_progenitor_2,oligodendrocyte_progenitor_2,oligodendrocyte_progenitor_2,0.9995715359856217,0.000167450947350624,0.999404085038271,0.004824047303651441,nan,nan,nan,0328_M3_C,True,15.0,44.0,glial_non_neuronal,oligodendrocyte_opc,False
2656144900510100004,oligodendrocyte_progenitor_1,4,oligodendrocyte_precursor_cell,oligodendrocyte_precursor_cell,oligodendrocyte_precursor_cell,oligodendrocyte_precursor_cell,0.9885788143715049,0.006148590060327421,0.9824302243111774,0.07718778594388315,nan,nan,nan,0328_M1_L,True,12.0,14.0,glial_non_neuronal,oligodendrocyte_opc,False
2945606900000003671,oligodendrocyte_progenitor_1,1,oligodendrocyte_precursor_cell,oligodendrocyte_precursor_cell,oligodendrocyte_precursor_cell,oligodendrocyte_precursor_cell,0.9990644683766954,0.0005448924494063763,0.998519575927289,0.008409899007839143,nan,nan,nan,0328_F1_C,True,10.0,15.0,glial_non_neuronal,oligodendrocyte_opc,False
2707604700343100079,DH_ex_Maf/Slc17a8,4,DH_ex_Maf/Cck,DH_ex_Maf/Cck,DH_ex_Maf/Cck,DH_ex_Maf/Cck,0.8350525350747358,0.145821714837753,0.6892308202369828,0.5322201737197171,1.0,excitatory,10.0,0415_M2_C,False,27.0,48.0,neuron,neuronal_or_other,False
2945606900000014812,oligodendrocyte_progenitor_2,4,oligodendrocyte_1,oligodendrocyte_1,oligodendrocyte_1,oligodendrocyte_progenitor_2,0.8836722767933598,0.11542599103338298,0.7682462857599768,0.3666664835309786,nan,nan,nan,0328_F1_T,True,6.0,11.0,glial_non_neuronal,oligodendrocyte_opc,True
2946331700000017402,oligodendrocyte_1,3,astrocyte_1,astrocyte_1,astrocyte_1,astrocyte_1,0.9935794640492811,0.005526193477223921,0.9880532705720572,0.04385920523421707,nan,nan,nan,0415_F2_L,True,22.0,39.0,glial_non_neuronal,oligodendrocyte_opc,False
2707604700132100321,astrocyte_2,4,astrocyte_1,astrocyte_1,astrocyte_1,astrocyte_1,0.5068315525525936,0.10052151588816824,0.40631003666442533,2.022241018898563,nan,nan,nan,0415_M2_L,True,7.0,8.0,glial_non_neuronal,astrocyte,False
2946331700000001926,oligodendrocyte_progenitor_2,1,astrocyte_1,astrocyte_1,astrocyte_1,astrocyte_1,0.9996224126393338,0.00014606498646175208,0.9994763476528721,0.004111503114228383,nan,nan,nan,0415_F2_C,True,6.0,9.0,glial_non_neuronal,oligodendrocyte_opc,False
2656144900641100169,DH_ex_Prkcg/Nts,3,DH_ex_Tac2,DH_ex_Tac2,astrocyte_1,astrocyte_1,0.8190503799701152,0.05921428391077351,0.7598360960593417,0.9220765388166726,1.0,excitatory,8.0,0328_M1_L,False,9.0,11.0,neuron,neuronal_or_other,False
2787889600197100027,oligodendrocyte_progenitor_2,3,astrocyte_2,astrocyte_2,astrocyte_2,oligodendrocyte_progenitor_2,0.7099606130101068,0.28926214575466164,0.4206984672554452,0.6087147144777242,nan,nan,nan,0503_M5_T,True,9.0,21.0,glial_non_neuronal,oligodendrocyte_opc,True
2787889600326100171,astrocyte_1,0,endothelial,endothelial,endothelial,endothelial,0.9717988669397207,0.015518445393914355,0.9562804215458064,0.18199182002717368,nan,nan,nan,0503_M5_S,True,13.0,16.0,glial_non_neuronal,astrocyte,False
2795584800512100034,oligodendrocyte_progenitor_2,0,oligodendrocyte_2,oligodendrocyte_2,oligodendrocyte_2,oligodendrocyte_2,0.998487677131872,0.0014037683451661083,0.9970839087867059,0.011962380262585424,nan,nan,nan,0610_F4_C,True,14.0,16.0,glial_non_neuronal,oligodendrocyte_opc,False
2787445900328100174,oligodendrocyte_progenitor_2,0,oligodendrocyte_2,oligodendrocyte_2,oligodendrocyte_2,oligodendrocyte_progenitor_2,0.9896521092979754,0.009828079648920005,0.9798240296490555,0.06052690960319278,nan,nan,nan,0503_F4_C,True,14.0,22.0,glial_non_neuronal,oligodendrocyte_opc,True
2946331700000014829,oligodendrocyte_progenitor_2,0,oligodendrocyte_precursor_cell,oligodendrocyte_precursor_cell,oligodendrocyte_1,oligodendrocyte_1,0.4196791385503071,0.11328665003486113,0.306392488515446,1.9679993119315498,nan,nan,nan,0415_F2_S,True,3.0,5.0,glial_non_neuronal,oligodendrocyte_opc,False
2787445900325100219,oligodendrocyte_precursor_cell,2,astrocyte_1,astrocyte_1,astrocyte_1,astrocyte_1,0.6670208901301661,0.1809033962509641,0.486117493879202,1.0433092769532835,nan,nan,nan,0503_F4_C,True,18.0,27.0,glial_non_neuronal,oligodendrocyte_opc,False
2795584800139100144,microglia,4,oligodendrocyte_1,oligodendrocyte_1,oligodendrocyte_1,oligodendrocyte_progenitor_2,0.7833487472388408,0.13205756731805943,0.6512911799207814,0.7392255911951662,nan,nan,nan,0610_F3_S,True,6.0,7.0,glial_non_neuronal,microglia,False
2945606900000001942,pericyte,2,astrocyte_1,astrocyte_1,astrocyte_1,astrocyte_1,0.6927271601692653,0.15379920132528485,0.5389279588439804,1.0634304166371509,nan,nan,nan,0328_F1_C,True,7.0,8.0,glial_non_neuronal,vascular,False
2707737900063100045,DH_ex_Prkcg/Cck,2,DH_ex_Prkcg/Nts,DH_ex_Prkcg/Nts,DH_ex_Prkcg/Nts,DH_ex_Prkcg/Nts,0.9353235879940516,0.01734169308088521,0.9179818949131664,0.38331696363741435,1.0,excitatory,8.0,0415_F1_L,False,19.0,41.0,neuron,neuronal_or_other,False
2787889600351100169,pericyte,1,endothelial,endothelial,endothelial,pericyte,0.6429137683396203,0.3004680045773579,0.34244576376226243,0.8401089011392083,nan,nan,nan,0503_M4_C,True,10.0,12.0,glial_non_neuronal,vascular,True
2796212800716100181,DH_ex_Prkcg/Nts,4,DH_ex_Prkcg/Cck,DH_ex_Prkcg/Cck,DH_ex_Prkcg/Cck,DH_ex_Prkcg/Cck,0.8656632203591818,0.1297758056612095,0.7358874146979723,0.4225913254781887,1.0,excitatory,8.0,0613_F3_T,False,11.0,27.0,neuron,neuronal_or_other,False
2787445900550100185,DH_ex_Prkcg/Nts,3,DH_ex_Nmu/Tac2,DH_ex_Nmu/Tac2,DH_ex_Nmu/Tac2,DH_ex_Nmu/Tac2,0.7217317995499252,0.1884890804142709,0.5332427191356542,0.992700580853567,1.0,excitatory,8.0,0503_F3_C,False,36.0,98.0,neuron,neuronal_or_other,False
2795903600463100205,pericyte,4,endothelial,endothelial,oligodendrocyte_precursor_cell,oligodendrocyte_precursor_cell,0.9402382924854691,0.01641815952157115,0.923820132963898,0.33858142152507137,nan,nan,nan,0613_M5_C,True,8.0,14.0,glial_non_neuronal,vascular,False
2796212800715100169,endothelial,3,microglia,microglia,oligodendrocyte_2,oligodendrocyte_2,0.5245565961571925,0.2749486577979164,0.24960793835927614,1.130613978778318,nan,nan,nan,0613_F3_T,True,9.0,10.0,glial_non_neuronal,vascular,False
2787889600617100185,oligodendrocyte_1,3,oligodendrocyte_progenitor_2,oligodendrocyte_progenitor_2,oligodendrocyte_progenitor_2,oligodendrocyte_progenitor_2,0.964401801890401,0.033534541656687795,0.9308672602337132,0.16416776063609367,nan,nan,nan,0503_M4_S,True,7.0,22.0,glial_non_neuronal,oligodendrocyte_opc,False
2707604000054100131,oligodendrocyte_progenitor_1,1,oligodendrocyte_precursor_cell,oligodendrocyte_precursor_cell,oligodendrocyte_precursor_cell,oligodendrocyte_precursor_cell,0.998469349870804,0.0006529836053643109,0.9978163662654397,0.01395131442599899,nan,nan,nan,0415_M3_L,True,27.0,44.0,glial_non_neuronal,oligodendrocyte_opc,False
2795584800589100125,oligodendrocyte_progenitor_2,0,astrocyte_1,astrocyte_1,astrocyte_1,astrocyte_1,0.9238025588799103,0.0632853695398306,0.8605171893400796,0.31616646178396235,nan,nan,nan,0610_F5_C,True,9.0,13.0,glial_non_neuronal,oligodendrocyte_opc,False
2707604000110100203,oligodendrocyte_precursor_cell,3,endothelial,endothelial,endothelial,endothelial,0.9982113581758969,0.0003804237479753714,0.9978309344279215,0.018067558348336624,nan,nan,nan,0415_M3_T,True,14.0,14.0,glial_non_neuronal,oligodendrocyte_opc,False
2787889600277100054,meninges_2,3,meninges_1,meninges_1,meninges_1,oligodendrocyte_progenitor_2,0.7533471217841236,0.16608928239394607,0.5872578393901775,0.8399023399143567,nan,nan,nan,0503_M4_C,True,9.0,28.0,glial_non_neuronal,meningeal,False
2787445900400100148,oligodendrocyte_1,1,endothelial,endothelial,endothelial,pericyte,0.9821796124371449,0.010825048014924451,0.9713545644222205,0.1104505250212495,nan,nan,nan,0503_F4_C,True,10.0,12.0,glial_non_neuronal,oligodendrocyte_opc,False
2795103300400100174,DH_ex_Reln/Nmur2,1,DH_ex_Cpne4,DH_ex_Cpne4,DH_in_Cdh3,DH_in_Cdh3,0.6792349171737461,0.11419551536917054,0.5650394018045756,1.3765387763540704,1.0,excitatory,3.0,0610_M5_T,False,13.0,14.0,neuron,neuronal_or_other,False
2707604700086100238,oligodendrocyte_precursor_cell,3,astrocyte_1,astrocyte_1,astrocyte_1,astrocyte_1,0.9601696832767744,0.012029490430085889,0.9481401928466885,0.2441906903873142,nan,nan,nan,0415_M2_L,True,14.0,25.0,glial_non_neuronal,oligodendrocyte_opc,False
2796212800494200034,oligodendrocyte_1,2,oligodendrocyte_progenitor_2,oligodendrocyte_progenitor_2,oligodendrocyte_progenitor_2,oligodendrocyte_progenitor_2,0.9143471359148437,0.080927307239739,0.8334198286751048,0.3143781482091511,nan,nan,nan,0613_F4_L,True,7.0,13.0,glial_non_neuronal,oligodendrocyte_opc,False
2707604700133100099,astrocyte_2,0,oligodendrocyte_progenitor_2,oligodendrocyte_progenitor_2,oligodendrocyte_progenitor_2,oligodendrocyte_progenitor_2,0.987623059549496,0.011515485726902001,0.976107573822594,0.07211281241785082,nan,nan,nan,0415_M2_L,True,10.0,14.0,glial_non_neuronal,astrocyte,False
2795903600454100196,oligodendrocyte_2,2,oligodendrocyte_progenitor_2,oligodendrocyte_progenitor_2,oligodendrocyte_progenitor_2,oligodendrocyte_progenitor_2,0.8248987222967483,0.059365893862802416,0.7655328284339459,0.7600084739707981,nan,nan,nan,0613_M4_T,True,16.0,29.0,glial_non_neuronal,oligodendrocyte_opc,False
2796212800667100273,oligodendrocyte_1,1,astrocyte_1,astrocyte_1,MV_in_Sema5b,MV_in_Sema5b,0.6526403888555603,0.13703341928585253,0.5156069695697078,1.26673605838151,nan,nan,nan,0613_F5_C,True,9.0,10.0,glial_non_neuronal,oligodendrocyte_opc,False
2795903600353200105,microglia,3,oligodendrocyte_progenitor_2,oligodendrocyte_progenitor_2,oligodendrocyte_progenitor_2,oligodendrocyte_progenitor_2,0.9945103108193559,0.004562420357082207,0.9899478904622737,0.03897990110631707,nan,nan,nan,0613_M5_T,True,15.0,36.0,glial_non_neuronal,microglia,False
2946331700000020347,oligodendrocyte_progenitor_2,4,oligodendrocyte_1,oligodendrocyte_1,oligodendrocyte_1,oligodendrocyte_progenitor_2,0.8752368874838621,0.11921007214765948,0.7560268153362026,0.40723047989371947,nan,nan,nan,0415_F2_L,True,5.0,14.0,glial_non_neuronal,oligodendrocyte_opc,True
2787889600347100126,oligodendrocyte_progenitor_2,2,astrocyte_2,astrocyte_2,astrocyte_2,astrocyte_2,0.9966594323514973,0.002068904165926136,0.9945905281855713,0.025691741351467172,nan,nan,nan,0503_M4_C,True,9.0,14.0,glial_non_neuronal,oligodendrocyte_opc,False
2656143800052100222,endothelial,2,oligodendrocyte_progenitor_2,oligodendrocyte_progenitor_2,DH_ex_Reln/Nmur2,DH_ex_Sox5,0.463620892336591,0.22135692405163776,0.24226396828495322,1.8516863932065062,nan,nan,nan,0328_M3_C,True,11.0,12.0,glial_non_neuronal,vascular,False
2707604700227100029,oligodendrocyte_progenitor_2,0,oligodendrocyte_2,oligodendrocyte_2,oligodendrocyte_2,oligodendrocyte_2,0.9628090263499232,0.017177037060740752,0.9456319892891825,0.21877039745848434,nan,nan,nan,0415_M2_T,True,7.0,7.0,glial_non_neuronal,oligodendrocyte_opc,False
2656144300147100030,oligodendrocyte_1,4,oligodendrocyte_progenitor_2,oligodendrocyte_progenitor_2,oligodendrocyte_progenitor_2,oligodendrocyte_progenitor_2,0.9988871931662295,0.0009056745053821272,0.9979815186608474,0.009657200220239949,nan,nan,nan,0328_F2_T,True,8.0,18.0,glial_non_neuronal,oligodendrocyte_opc,False
2787445900207100059,oligodendrocyte_1,2,oligodendrocyte_progenitor_2,oligodendrocyte_progenitor_2,oligodendrocyte_progenitor_2,oligodendrocyte_progenitor_2,0.8136716290138026,0.17056155285402574,0.6431100761597769,0.5403521573277428,nan,nan,nan,0503_F5_C,True,5.0,56.0,glial_non_neuronal,oligodendrocyte_opc,False
2795903600616100113,oligodendrocyte_1,4,astrocyte_1,astrocyte_1,DH_ex_Cpne4,astrocyte_1,0.8061191152933881,0.053683725684003085,0.752435389609385,0.9881464683614176,nan,nan,nan,0613_M4_C,True,10.0,13.0,glial_non_neuronal,oligodendrocyte_opc,False
2707737900134200082,astrocyte_2,3,oligodendrocyte_progenitor_2,oligodendrocyte_progenitor_2,oligodendrocyte_progenitor_2,oligodendrocyte_progenitor_2,0.8507168231124941,0.12062590560275192,0.7300909175097422,0.52589329170253,nan,nan,nan,0415_F1_T,True,11.0,11.0,glial_non_neuronal,astrocyte,False
2787445900770100020,meninges_1,1,astrocyte_2,astrocyte_2,oligodendrocyte_1,oligodendrocyte_progenitor_2,0.7851013443817887,0.17378053396710266,0.611320810414686,0.6509074966529008,nan,nan,nan,0503_M5_C,True,7.0,20.0,glial_non_neuronal,meningeal,False
2656143800469100187,peripheral_glia,2,Schwann_cell,Schwann_cell,Schwann_cell,Schwann_cell,0.9999945569668676,2.0409742336978184e-06,0.9999925159926338,8.087838515702481e-05,nan,nan,nan,0328_M3_L,True,5.0,24.0,glial_non_neuronal,remaining_glial_non_neuronal,False
2656143800003100123,pericyte,0,microglia,microglia,astrocyte_1,astrocyte_1,0.9411405038097547,0.029103406213129894,0.9120370975966248,0.3350348827617719,nan,nan,nan,0328_M3_C,True,12.0,19.0,glial_non_neuronal,vascular,False
2656144900535100189,pericyte,0,endothelial,endothelial,endothelial,endothelial,0.9928544572519558,0.002785256915196149,0.9900692003367596,0.0574292491368547,nan,nan,nan,0328_M1_L,True,12.0,21.0,glial_non_neuronal,vascular,False
2726544600435100028,endothelial,0,astrocyte_1,astrocyte_1,DH_ex_Maf/Cck,astrocyte_1,0.41820535774077067,0.2066710770115226,0.21153428072924807,1.802450068048976,nan,nan,nan,0422_F1_S,True,6.0,9.0,glial_non_neuronal,vascular,False
2795103300198100171,DH_in_Klhl14,3,DH_in_Cdh3,DH_in_Cdh3,oligodendrocyte_progenitor_2,oligodendrocyte_progenitor_2,0.8810304746749015,0.09129627123006809,0.7897342034448334,0.5022073711384308,1.0,inhibitory,10.0,0610_M4_L,False,13.0,22.0,neuron,neuronal_or_other,False
2787889600193100015,DH_ex_Grp,1,DH_ex_Prkcg/Rxfp1,DH_ex_Prkcg/Rxfp1,astrocyte_1,astrocyte_1,0.56829746101356,0.3350857486197712,0.23321171239378885,1.1011042377285194,1.0,excitatory,6.0,0503_M5_T,False,10.0,12.0,neuron,neuronal_or_other,False
2795584800237100106,endothelial,4,oligodendrocyte_progenitor_2,oligodendrocyte_progenitor_2,oligodendrocyte_1,oligodendrocyte_progenitor_2,0.47732989193826714,0.22943322382830866,0.24789666810995847,1.344640328574116,nan,nan,nan,0610_F3_L,True,9.0,10.0,glial_non_neuronal,vascular,False
2796212800944100093,oligodendrocyte_progenitor_2,3,astrocyte_1,astrocyte_1,astrocyte_1,astrocyte_1,0.535507659473354,0.2104357026119758,0.3250719568613782,1.5217691628544203,nan,nan,nan,0613_F3_C,True,16.0,28.0,glial_non_neuronal,oligodendrocyte_opc,False
2946331700000002594,oligodendrocyte_progenitor_2,3,oligodendrocyte_1,oligodendrocyte_1,oligodendrocyte_1,oligodendrocyte_1,0.7388145988225889,0.13247608063616528,0.6063385181864236,0.97782737406904,nan,nan,nan,0415_F2_C,True,6.0,7.0,glial_non_neuronal,oligodendrocyte_opc,False
2656144900536100103,endothelial,2,astrocyte_1,astrocyte_1,astrocyte_1,astrocyte_1,0.5494897623676611,0.4328979785230603,0.11659178384460084,0.7887836283654429,nan,nan,nan,0328_M1_L,True,6.0,10.0,glial_non_neuronal,vascular,False
2707737900147100172,DH_in_Klhl14,4,DH_in_Cdh3,DH_in_Cdh3,DH_in_Cdh3,oligodendrocyte_progenitor_2,0.27888054615878743,0.1444196874312409,0.13446085872754654,2.10883624546255,1.0,inhibitory,10.0,0415_F1_T,False,17.0,33.0,neuron,neuronal_or_other,False
2656143800153100155,oligodendrocyte_progenitor_2,2,oligodendrocyte_1,oligodendrocyte_1,oligodendrocyte_1,oligodendrocyte_progenitor_2,0.9949411585811655,0.004041633314276439,0.9908995252668891,0.03733383282341018,nan,nan,nan,0328_M3_C,True,8.0,16.0,glial_non_neuronal,oligodendrocyte_opc,True
2787445900859100202,DH_in_Klhl14,3,DH_in_Cdh3,DH_in_Cdh3,MV_in_Gabra1,MV_in_Gabra1,0.9268161652488709,0.03144518353564145,0.8953709817132295,0.3573797061867873,1.0,inhibitory,10.0,0503_F3_S,False,35.0,90.0,neuron,neuronal_or_other,False
2796212800429100114,oligodendrocyte_progenitor_2,0,astrocyte_1,astrocyte_1,astrocyte_1,MV_ex_Syt2,0.6328002268813344,0.2927027494727108,0.3400974774086236,0.9870098554195202,nan,nan,nan,0613_F4_L,True,28.0,50.0,glial_non_neuronal,oligodendrocyte_opc,False
2795584800203100322,oligodendrocyte_progenitor_2,3,astrocyte_1,astrocyte_1,astrocyte_1,astrocyte_1,0.9884605895043767,0.007287098246655648,0.981173491257721,0.07654820748226243,nan,nan,nan,0610_F3_L,True,17.0,25.0,glial_non_neuronal,oligodendrocyte_opc,False
2796212800913100297,oligodendrocyte_progenitor_2,4,oligodendrocyte_1,oligodendrocyte_1,MV_in_Chrna2,oligodendrocyte_progenitor_2,0.900491290931513,0.028077539360828074,0.8724137515706849,0.5725714931777962,nan,nan,nan,0613_F3_C,True,9.0,12.0,glial_non_neuronal,oligodendrocyte_opc,True
2795903600374100128,astrocyte_2,0,oligodendrocyte_2,oligodendrocyte_2,oligodendrocyte_progenitor_2,oligodendrocyte_2,0.7743568738984519,0.22258806131910536,0.5517688125793465,0.557334078624656,nan,nan,nan,0613_M4_L,True,8.0,11.0,glial_non_neuronal,astrocyte,False
2656144900583100192,oligodendrocyte_1,0,oligodendrocyte_2,oligodendrocyte_2,oligodendrocyte_2,oligodendrocyte_2,0.9372677249141256,0.05835494346830553,0.8789127814458201,0.25956284573422833,nan,nan,nan,0328_M2_L,True,7.0,9.0,glial_non_neuronal,oligodendrocyte_opc,False
2787889600486100089,oligodendrocyte_precursor_cell,1,oligodendrocyte_2,oligodendrocyte_2,oligodendrocyte_2,oligodendrocyte_2,0.999648563751653,0.00020398513938911278,0.9994445786122639,0.0036143242345710006,nan,nan,nan,0503_M4_T,True,19.0,45.0,glial_non_neuronal,oligodendrocyte_opc,False
2707604700250100313,DH_ex_Prkcg/Cck,2,DH_ex_Tac2,DH_ex_Tac2,DH_ex_Reln/Nmur2,DH_ex_Reln/Nmur2,0.6375985517785828,0.21581270964009094,0.4217858421384919,1.271999188590208,1.0,excitatory,8.0,0415_M2_T,False,19.0,32.0,neuron,neuronal_or_other,False
2795584800448100039,endothelial,1,oligodendrocyte_1,oligodendrocyte_1,MV_in_Gabra1,MV_in_Gabra1,0.3842624551905827,0.3251272008386808,0.05913525435190192,1.4416642417994932,nan,nan,nan,0610_F4_T,True,7.0,9.0,glial_non_neuronal,vascular,False
2795584800476100046,oligodendrocyte_progenitor_2,3,oligodendrocyte_1,oligodendrocyte_1,DH_ex_Reln/Nmur2,DH_ex_Prkcg/Nts,0.3933330853635147,0.1449771006597722,0.24835598470374248,2.148681348256658,nan,nan,nan,0610_F4_C,True,8.0,13.0,glial_non_neuronal,oligodendrocyte_opc,False
2796212800342100080,gamma_motoneuron,0,alpha_motoneuron,alpha_motoneuron,alpha_motoneuron,alpha_motoneuron,0.6193653752816725,0.36597716711970835,0.2533882081619641,0.7447344723929704,nan,nan,22.0,0613_F5_T,False,15.0,42.0,glial_non_neuronal,neuronal_or_other,False
2946331700000014009,oligodendrocyte_progenitor_2,4,oligodendrocyte_2,oligodendrocyte_2,oligodendrocyte_2,oligodendrocyte_2,0.9816201510143501,0.008182286717834858,0.9734378642965152,0.1123429620638522,nan,nan,nan,0415_F2_T,True,9.0,10.0,glial_non_neuronal,oligodendrocyte_opc,False
2656144900541100206,oligodendrocyte_1,2,astrocyte_1,astrocyte_1,astrocyte_1,astrocyte_1,0.9046300543362796,0.04614495958928531,0.8584850947469943,0.4962034141465022,nan,nan,nan,0328_M1_S,True,11.0,11.0,glial_non_neuronal,oligodendrocyte_opc,False
2787889600485100104,gamma_motoneuron,2,alpha_motoneuron,alpha_motoneuron,alpha_motoneuron,alpha_motoneuron,0.9999122188302362,4.1432607121987584e-05,0.9998707862231142,0.001038563168198306,nan,nan,22.0,0503_M4_T,False,16.0,26.0,glial_non_neuronal,neuronal_or_other,False
2787445900426100052,astrocyte_1,0,endothelial,endothelial,astrocyte_2,endothelial,0.6348378268536127,0.20236683519288484,0.43247099166072783,0.9317516069253807,nan,nan,nan,0503_F4_T,True,20.0,24.0,glial_non_neuronal,astrocyte,False
2787889600515100014,oligodendrocyte_1,4,astrocyte_1,astrocyte_1,astrocyte_1,astrocyte_1,0.7375611831611455,0.2276172877530865,0.509943895408059,0.7648907077932744,nan,nan,nan,0503_M4_L,True,8.0,14.0,glial_non_neuronal,oligodendrocyte_opc,False
2656144900530100130,endothelial,2,oligodendrocyte_1,oligodendrocyte_1,oligodendrocyte_1,oligodendrocyte_1,0.4620625894966016,0.15542554810840842,0.3066370413881932,1.8701354571475715,nan,nan,nan,0328_M2_L,True,7.0,11.0,glial_non_neuronal,vascular,False
2787889600093100265,M_ex_Vsx2/Shox2,1,M_ex_Vsx2,M_ex_Vsx2,oligodendrocyte_progenitor_2,oligodendrocyte_progenitor_2,0.8317307754822799,0.08423212517499455,0.7474986503072854,0.678114052509757,3.0,excitatory,20.0,0503_M5_C,False,28.0,56.0,neuron,neuronal_or_other,False
2796212800231100142,gamma_motoneuron,3,alpha_motoneuron,alpha_motoneuron,beta_motoneuron,alpha_motoneuron,0.9780435857781887,0.007381546657879809,0.9706620391203089,0.1509329225019,nan,nan,22.0,0613_F4_S,False,12.0,16.0,glial_non_neuronal,neuronal_or_other,False
2787445900661100019,oligodendrocyte_2,2,oligodendrocyte_progenitor_2,oligodendrocyte_progenitor_2,oligodendrocyte_progenitor_2,oligodendrocyte_progenitor_2,0.9379120792331322,0.03807068493131579,0.8998413943018164,0.32214208690347546,nan,nan,nan,0503_F3_C,True,14.0,18.0,glial_non_neuronal,oligodendrocyte_opc,False
2795103300125100241,oligodendrocyte_1,2,astrocyte_1,astrocyte_1,MV_in_Chrna2,MV_in_Sema5b,0.7641518738150247,0.1857776698673926,0.5783742039476321,0.7655886426368722,nan,nan,nan,0610_M4_L,True,7.0,11.0,glial_non_neuronal,oligodendrocyte_opc,False
2796212800079100090,oligodendrocyte_1,0,astrocyte_1,astrocyte_1,astrocyte_1,astrocyte_1,0.9492940435397333,0.03128365221982567,0.9180103913199077,0.27487810827551296,nan,nan,nan,0613_F5_S,True,4.0,4.0,glial_non_neuronal,oligodendrocyte_opc,False
2795584800139100104,astrocyte_2,4,oligodendrocyte_progenitor_2,oligodendrocyte_progenitor_2,oligodendrocyte_progenitor_2,oligodendrocyte_progenitor_2,0.994484076394419,0.0037806541305025272,0.9907034222639165,0.038996140864623025,nan,nan,nan,0610_F3_S,True,10.0,20.0,glial_non_neuronal,astrocyte,False
2656144900217100140,DH_in_Kcnip2,0,DH_in_Npy2r,DH_in_Npy2r,DH_in_Cdh3,DH_in_Cdh3,0.9906862266016435,0.002426160643599101,0.9882600659580444,0.07504810531246894,1.0,inhibitory,9.0,0328_M1_C,False,16.0,23.0,neuron,neuronal_or_other,False
2795903600570200068,peripheral_glia,4,Schwann_cell,Schwann_cell,Schwann_cell,Schwann_cell,0.9943065362036428,0.003223849433462455,0.9910826867701804,0.041252158718347136,nan,nan,nan,0613_M5_C,True,8.0,19.0,glial_non_neuronal,remaining_glial_non_neuronal,False
2707604800035200013,pericyte,4,oligodendrocyte_1,oligodendrocyte_1,endothelial,pericyte,0.3573260925715694,0.26792485342880795,0.08940123914276144,1.6265341631584493,nan,nan,nan,0415_M1_S,True,9.0,10.0,glial_non_neuronal,vascular,True
2656144900246100049,DH_ex_Grpr,1,DH_ex_Gpr83,DH_ex_Gpr83,MV_in_Sema5b,MV_in_Sema5b,0.917282355351587,0.04770708681740722,0.8695752685341798,0.41348978872885983,1.0,excitatory,2.0,0328_M1_C,False,10.0,14.0,neuron,neuronal_or_other,False
2656144900298100114,oligodendrocyte_progenitor_2,4,oligodendrocyte_2,oligodendrocyte_2,oligodendrocyte_2,oligodendrocyte_2,0.963318269279339,0.03512098312152169,0.9281972861578173,0.16650412612440713,nan,nan,nan,0328_M1_T,True,7.0,10.0,glial_non_neuronal,oligodendrocyte_opc,False
2787445900545100298,DH_ex_Maf/Slc17a8,2,DH_ex_Maf/Cck,DH_ex_Maf/Cck,MV_in_Gabra1,MV_ex_Syt2,0.851919796775126,0.0949745128742416,0.7569452839008843,0.629015977449771,1.0,excitatory,10.0,0503_F3_C,False,18.0,39.0,neuron,neuronal_or_other,False
2946331700000019031,oligodendrocyte_precursor_cell,4,oligodendrocyte_2,oligodendrocyte_2,oligodendrocyte_2,oligodendrocyte_2,0.913661834234637,0.08422525802952974,0.8294365762051072,0.30853046872725676,nan,nan,nan,0415_F2_L,True,8.0,9.0,glial_non_neuronal,oligodendrocyte_opc,False
2945606900000021324,oligodendrocyte_progenitor_2,4,oligodendrocyte_2,oligodendrocyte_2,oligodendrocyte_2,oligodendrocyte_2,0.9680330515642454,0.03167245247241054,0.9363605990918348,0.1440340861221833,nan,nan,nan,0328_F1_T,True,10.0,13.0,glial_non_neuronal,oligodendrocyte_opc,False
2787445900587100057,oligodendrocyte_2,3,oligodendrocyte_progenitor_2,oligodendrocyte_progenitor_2,oligodendrocyte_1,oligodendrocyte_progenitor_2,0.8909060987113577,0.0655828959260714,0.8253232027852864,0.4769852722003112,nan,nan,nan,0503_F3_C,True,5.0,6.0,glial_non_neuronal,oligodendrocyte_opc,False
2656144900635100108,oligodendrocyte_2,1,oligodendrocyte_progenitor_2,oligodendrocyte_progenitor_2,oligodendrocyte_progenitor_2,oligodendrocyte_progenitor_2,0.9170296740307541,0.0596689304765307,0.8573607435542234,0.38109278119950085,nan,nan,nan,0328_M2_L,True,11.0,17.0,glial_non_neuronal,oligodendrocyte_opc,False
2656143800052100258,DH_ex_Prkcg/Nts,2,DH_ex_Prkcg/Cck,DH_ex_Prkcg/Cck,DH_ex_Prkcg/Cck,DH_ex_Prkcg/Cck,0.6762346490637523,0.3215476189238953,0.35468703013985703,0.647220418967743,1.0,excitatory,8.0,0328_M3_C,False,14.0,34.0,neuron,neuronal_or_other,False
2795903600693100176,oligodendrocyte_progenitor_2,2,endothelial,endothelial,endothelial,endothelial,0.5506525579606949,0.2401201533355755,0.31053240462511944,1.2643393682506847,nan,nan,nan,0613_M4_C,True,9.0,15.0,glial_non_neuronal,oligodendrocyte_opc,False
2787889600314100043,oligodendrocyte_progenitor_2,2,astrocyte_2,astrocyte_2,astrocyte_2,astrocyte_2,0.9897869805751642,0.005082535365358814,0.9847044452098054,0.06949407137443117,nan,nan,nan,0503_M4_C,True,5.0,7.0,glial_non_neuronal,oligodendrocyte_opc,False
2787445900098100223,DH_ex_Maf/Slc17a8,0,DH_ex_Maf/Cck,DH_ex_Maf/Cck,DH_ex_Maf/Cck,DH_ex_Maf/Cck,0.9211241042371953,0.045955078122910865,0.8751690261142844,0.3758071791185421,1.0,excitatory,10.0,0503_F5_C,False,28.0,43.0,neuron,neuronal_or_other,False
2795103300230100111,endothelial,4,oligodendrocyte_2,oligodendrocyte_2,oligodendrocyte_2,oligodendrocyte_2,0.9821685002649031,0.016226380719385945,0.9659421195455171,0.09818217819946871,nan,nan,nan,0610_M4_L,True,7.0,12.0,glial_non_neuronal,vascular,False
2795903600323100066,astrocyte_2,0,oligodendrocyte_progenitor_2,oligodendrocyte_progenitor_2,oligodendrocyte_1,oligodendrocyte_1,0.3205818469370334,0.31234496809816314,0.008236878838870254,1.6564811587623434,nan,nan,nan,0613_M4_L,True,4.0,4.0,glial_non_neuronal,astrocyte,False
2787445900130100144,oligodendrocyte_2,1,oligodendrocyte_progenitor_2,oligodendrocyte_progenitor_2,oligodendrocyte_progenitor_2,oligodendrocyte_progenitor_2,0.8543284171200027,0.13562635558294972,0.718702061537053,0.46930477941111093,nan,nan,nan,0503_F5_C,True,12.0,16.0,glial_non_neuronal,oligodendrocyte_opc,False
2656144900192100014,endothelial,1,astrocyte_1,astrocyte_1,astrocyte_1,MV_in_Gm26673,0.35454234592686673,0.2320899053324908,0.12245244059437593,1.699886251870309,nan,nan,nan,0328_M1_C,True,7.0,10.0,glial_non_neuronal,vascular,False
