Cell_ID,fold
2707604700067100081,2
2796212800986100038,1
2656144900112100180,3
2787445900053200043,4
2795103300233100096,4
2787445900753100213,2
2787889600412100201,0
2796212800399100077,1
2946331700000001467,3
2796212800760100266,3
2945606900000017077,0
2787445900548100167,2
2707604000123100134,4
2795103300156100042,3
2656144900395100204,0
2787445900097100208,3
2796212800854100197,3
2656143800129100068,0
2787445900512200012,0
2787445900361100208,0
2795584800124200179,2
2787889600315100079,4
2787889600353100095,4
2787445900858100201,4
2787445900618100070,4
2787889600351100126,3
2796212800922100073,4
2787445900754100137,0
2796212800265100093,0
2787445900549100054,3
2787889600409100243,0
2707737900021100138,0
2787445900126100131,1
2656143800267100079,1
2946331700000018601,0
2707604700037200059,1
2656143800468100060,3
2795903600372100097,0
2787445900425100195,4
2707737900112100022,2
2946331700000004514,4
2795903600518100067,3
2707604700272100112,0
2707604000109100211,4
2656144900058100068,4
2707604700365100052,1
2796212800456100305,3
2796212800760100272,1
2787889600092100060,0
2787889600196100010,1
2795584800411100147,2
2795584800420100182,1
2787445900389100156,2
2656143800153100191,2
2795103300382100107,0
2787889600413100192,3
2656144900504100204,2
2787445900253100102,3
2787445900933100079,4
2945606900000006599,1
2795903600435200091,3
2656143800078100083,1
2787445900659100022,2
2656143800052100323,4
2787445900437100077,1
2787445900896100105,2
2787889600348100196,1
2945606900000003404,3
2795103300154100140,4
2795903600518100164,2
2787889600479100206,2
2707604700106100095,0
2656143800213200032,4
2945606900000014789,4
2787889600384200032,0
2787445900248100160,3
2796212800233100131,3
2787889600058100120,1
2787445900583100189,2
2795584800226100152,0
2787889600384100094,4
2707604700035100093,2
2656143800153100293,3
2707737900101100075,1
2656144900530100093,4
2795584800185100303,1
2787445900163100081,1
2707737900007100130,0
2787889600129100183,0
2796212800882100020,1
2795903600089100200,3
2707604000086100243,2
2795103300182100065,2
2796212800488100280,3
2787889600315100102,3
2795103300156100200,0
2656144300141100022,3
2707737900086100132,0
2946331700000020454,1
2726544600456100095,3
2656143800368100034,2
2795103300193100190,3
2945606900000008135,2
2787445900250100079,3
2656143800152100094,0
2726562700118100166,1
2787445900051100104,3
2796212800627100042,2
2656144900403100060,2
2787889600094100080,1
2946331700000013341,2
2787889600409100225,1
2787445900268100092,3
2796212800716100234,1
2726544200059100062,2
2707604700083200126,0
2726544600219100117,2
2707604000038100061,4
2787445900718100163,1
2796212800977100222,3
2787445900090100096,1
2787889600195100078,4
2707604700318100119,3
2787889600445200006,1
2796212800110100105,0
2656144900112100127,3
2656143800192100146,1
2656144900615100044,2
2707604800404100223,1
2795584800419100280,1
2656144900185100150,4
2945606900000003322,0
2656144900111100020,1
2656144900566100073,4
2787445900682100135,0
2707604700318100044,2
2787889600279100150,3
2795903600380200032,1
2796212800452100117,1
2787445900360100160,2
2946331700000003422,0
2656143800418100283,2
2787445900398100118,0
2656143800190100065,2
2787445900096100030,2
2946331700000010493,1
2945606900000016911,3
2787445900252100151,1
2946331700000003596,0
2946331700000003340,2
2796212800406100093,3
2656144900535100149,0
2796212800920100156,0
2656143800129100146,3
2796212800305100059,4
2795103300345100017,3
2795584800448100083,0
2787445900836100086,3
2787445900167100052,2
2787445900127100019,4
2787445900127100075,0
2795103300178100211,0
2795903600481100179,0
2787889600023100227,1
2787889600379100067,0
2656143800443100175,4
2656144900167100041,1
2787889600445100169,3
2656144900541100087,2
2787889600276100039,1
2787445900623100172,4
2656143800130100179,2
2796212801012100140,1
2656144900563200175,2
2656143800052100248,0
2795584800434100172,3
2795584800225100168,1
2656143800215100118,2
2795103300405100111,2
2707604700132100199,4
2795584800709100282,0
2946331700000019907,0
2795903600516100151,0
2946331700000011126,2
2795584800434200032,3
2656144900297200042,2
2707737900101100147,2
2796212800920100186,3
2796212801076100088,4
2787889600361100176,2
2656144900423100118,3
2656144900479100069,0
2656144900588100091,2
2707737900049100026,4
2796212800355100039,4
2656144900584100215,4
2726562700233100049,1
2707604700342100017,1
2787445900231100134,3
2787445900050100097,4
2707604800058100104,0
2795584800400100402,1
2795903600006100074,1
2707604800280100016,0
2707604700250100162,0
2707604000054100060,3
2946331700000001665,1
2787445900097100032,3
2795903600354100114,3
2795903600641100239,3
2946331700000005130,4
2787889600059100183,3
2795903600616100042,0
2795103300345100187,0
2707737900021200024,2
2707737900021100149,1
2707737900087100192,4
2795903600517100085,0
2946331700000012532,1
2787445900752100165,1
2656144900166100113,1
2795903600059100029,1
2787445900580100145,0
2945606900000001552,4
2656144900190100266,0
2795903600033100179,4
2787889600480100065,3
2787889600362100215,3
2787445900225100171,4
2796212800563100112,2
2787445900861100089,0
2795903600462100093,4
2707604700131100047,3
2707604700271100260,0
2795903600694200027,2
2787445900265100216,0
2787445900859100117,2
2795103300160100095,2
2787445900193100122,0
2787445900252100013,1
2787889600583100038,2
2796212800142100152,0
2707604700200100133,3
2787445900087100060,2
2707604800059100087,2
2787445900752100043,4
2707604000086100185,3
2795103300063100206,4
2796212800396100144,4
2656144300162100014,0
2707604000086100021,0
2707604000155100092,3
2787889600057100125,4
2707737900144100205,0
2796212800418100152,4
2787889600518100079,4
2787445900360100208,0
2707604800445100185,0
2707604700106100156,0
2707737900110100007,1
2795903600348100132,2
2795584800419100108,1
2656143800393200013,3
2656144300102100179,1
2945606900000028496,1
2795103300410100288,0
2796212800536100091,3
2787445900698100134,0
2787445900660100194,2
2787445900095100103,4
2787445900432100051,4
2787889600094100239,3
2656144900609100174,3
2787889600518100141,1
2707604000057100275,1
2656144900110100072,3
2787889600193100194,1
2787445900685100065,3
2795584800388100087,3
2787889600478100046,0
2796212800456100298,1
2795103300181100070,4
2787889600379100095,4
2707737900120100153,3
2707604700363100162,1
2787445900126100072,2
2795584800202100191,4
2656144900351100151,4
2795903600300100043,0
2656144900537100149,0
2787445900327100116,1
2795903600669100305,1
2795584800449100206,2
2795584800103100060,3
2787889600230100269,0
2787445900324100101,4
2946331700000003291,1
2795903600463100037,1
2656143800029200138,3
2795103300346100275,2
2796212800207200125,0
2787445900127100018,4
2795903600193100019,3
2796212800429100202,0
2787445900537100049,0
2946331700000018420,2
2707604800424100118,4
2656144900565100164,0
2946331700000014941,4
2795584800222100094,2
2707604700363200032,3
2787445900790100045,1
2787445900249100097,3
2795584800494100150,0
2787889600549100068,1
2795103300382100017,4
2787889600230100144,2
2796212800296100102,3
2946331700000015824,3
2656144900111100164,2
2787445900546100123,0
2656144900590100237,3
2707604800425200049,3
2796212800421100026,1
2796212800886100219,4
2707737900021200044,1
2787889600410100233,3
2707604800102100026,4
2795103300452100022,3
2795584800122100117,1
2787445900726100268,3
2656143800152100075,1
2787445900286100145,1
2726544600053100083,4
2787445900292100174,0
2707737900126100032,2
2707604700295100085,1
2656143800031100019,2
2787445900399200095,1
2795103300098100192,1
2795103300200100050,4
2796212800667100077,2
2795903600320100046,1
2946331700000001675,3
2656144300125200083,2
2787445900361100230,3
2787445900323100099,2
2796212800387100292,0
2707604700412100113,0
2787445900359100123,3
2796212800882100349,1
2946331700000021284,2
2656144900504100190,1
2656143800105100194,0
2796212800823100056,3
2787889600546100213,0
2787445900549100170,3
2795584800747100097,1
2787445900759100119,4
2787445900859100158,4
2795903600268100244,4
2795903600540100023,2
2795584800714100018,0
2787445900251100108,4
2656144900192100181,3
2795903600348100238,2
2796212800142100062,4
2787445900267100210,2
2726544600027100237,2
2787445900324100241,0
2796212800779100104,2
2795903600241100054,2
2946331700000003802,2
2795584800130100185,4
2787445900264100033,4
2787445900303100132,3
2946331700000003124,1
2707737900135100028,4
2707604700200100084,2
2795103300367100045,2
2946331700000018817,2
2656144900529200056,3
2795103300366100183,1
2787889600416100065,2
2787445900225100207,1
2707604800121200057,2
2795584800589100202,0
2707604700107100066,4
2946331700000015765,1
2796212800553100050,3
2656144900532100019,0
2707604000122100133,4
2796212800657100066,2
2787889600353100120,4
2656144900535100107,4
2796212800747100293,2
2707604800403100158,2
2656143800394100034,0
2795903600438100162,0
2796212800887100175,4
2656144900616200135,3
2787445900301100038,0
2787445900686100148,0
2787445900726100281,4
2787445900352100065,2
2707604000010100086,4
2796212800978100235,3
2796212800824100160,2
2726562700278100055,0
2787889600398200058,3
2787445900898100020,0
2795584800238100291,4
2787445900051100037,4
2656144300141100025,0
2795584800494100146,3
2707604000042100205,4
2656144900111100032,3
2787445900097100044,2
2795903600354100169,0
2787889600266100173,4
2707737900077100122,0
2787445900330100033,2
2796212800456100030,3
2656143800131100093,1
2946331700000022441,0
2656144900473100055,1
2787445900264100127,4
2656144900264100096,2
2795903600436100270,4
2787445900548100175,4
2787889600163100015,0
2795584800313100072,1
2787445900550100256,1
2707604700108100194,3
2787445900051100210,4
2707604000110200102,2
2796212800886100208,4
2795584800354100043,1
2795584800137100183,0
2795584800139100153,3
2795584800349100201,1
2795584800124100245,0
2796212800792100191,1
2656144900217100217,3
2796212801050100122,4
2796212800343100093,1
2707604700035100156,1
2787445900398100116,2
2787889600350100103,0
2795903600169100089,4
2787889600354100054,0
2707604000155100180,3
2656143800418100063,2
2795584800101100205,2
2795584800713100089,1
2946331700000015905,2
2795103300146100184,4
2656144900562100058,1
2656143800003100156,3
2707737900060100041,1
2795584800494100148,2
2707604700271100235,2
2787889600193100115,1
2795903600694100117,3
2656144300188100230,1
2707604000040100083,4
2707604800242100248,4
2795903600639100170,3
2796212800623100048,1
2796212800747100155,3
2707604000087100224,3
2796212800715100166,1
2787445900585100071,0
2707604700226100221,3
2787445900657100147,1
2796212800791100086,4
2787889600127100132,2
2656143800128100291,1
2796212800779100178,2
2707604800119100064,3
2656144900343100207,2
2795903600401100209,0
2945606900000028675,1
2787445900229100050,3
2707737900020100069,4
2656144900166100222,1
2656143800241100034,3
2656144300125100022,2
2787889600095100107,0
2656144900288100070,1
2726543700099100012,3
2795584800152100329,2
2787445900730100021,3
2707604000110100291,1
2726543700194100187,2
2707604000085100071,1
2787889600313100114,1
2795903600489100085,2
2707604700342100104,2
2795584800748200051,0
2946331700000000900,4
2796212800980100213,4
2656143800167100063,3
2946331700000008879,0
2707604700061100217,0
2707604700068100176,0
2656143800081100092,3
2796212800816200003,3
2795103300445100084,1
2787445900252100222,3
2795584800421100048,4
2656144900483200003,2
2656143800027100344,3
2707604000154100042,2
2656144900395100181,1
2656144900478100114,3
2707604800101100059,3
2787445900248100070,2
2787445900858100097,0
2787889600326100064,3
2795584800239100064,2
2796212800890100208,2
2787889600379100099,2
2707604000155100044,4
2656143800028100190,1
2787445900168100168,3
2795103300153100149,3
2787889600388100127,2
2787445900163100062,4
2707737900133100223,2
2795584800428100052,4
2787445900389100097,4
2787889600441100117,4
2656144900510100035,1
2787889600389100039,1
2787445900397100033,4
2656143800054100105,1
2795584800225100220,3
2796212800552100138,2
2946331700000017564,1
2726543700098100172,3
2795903600159100113,4
2707604000025100103,4
2787445900088100075,1
2795103300051100106,4
2707737900101100093,4
2787445900252100041,3
2787445900547100043,4
2946331700000012655,0
2707604000152100108,0
2726542200063100202,4
2945606900000006335,4
2795903600461100026,4
2795584800421100152,3
2787445900434100022,0
2946331700000021488,1
2795903600322100055,0
2656144900446100057,0
2795903600489100162,0
2787445900209100186,4
2707604800119100189,1
2707737900121200017,1
2796212800048100035,1
2787445900324100284,0
2945606900000005064,4
2707604000057100022,3
2796212800855100259,2
2796212800979100126,0
2796212800520100213,4
2795903600301100052,0
2946331700000002712,0
2707604700223100181,2
2656144900396100267,4
2787889600414100194,2
2796212800520100087,2
2787445900860100075,4
2707737900007100257,3
2796212800600100106,4
2787445900686100178,0
2707604800080200033,2
2656144900515100178,2
2796212800529100110,1
2707604000026100018,3
2796212800264100246,4
2787445900252100232,2
2796212800595100131,3
2946331700000014165,2
2796212800429100306,1
2787445900090100024,1
2795103300381100300,1
2796212800431100019,3
2707604700060100211,2
2945606900000029557,0
2656144900135100026,0
2656144900377200109,1
2787445900327100122,0
2707604800078100099,3
2707604800014100179,1
2787445900545100063,1
2796212800529100021,3
2795584800419100227,1
2787445900510100019,4
2787445900681100180,2
2787889600280100187,1
2656144900190100049,1
2795103300332100061,1
2796212800889100238,1
2795584800222100100,4
2707604000110100282,0
2796212800779100157,3
2795903600463100104,3
2795103300181100156,2
2656144900535100021,2
2946331700000013232,2
2796212800855100235,0
2787445900261100124,0
2945606900000028780,3
2795903600211100202,4
2787889600397100193,3
2656143800105100155,0
2707737900074100184,3
2787445900625100109,2
2726543700433100081,2
2787445900752100150,0
2795903600320100084,0
2795903600302100045,2
2796212800457100043,3
2946331700000013468,1
2656144900217200049,2
2796212800913100070,0
2726562800040100083,1
2796212800420100232,4
2945606900000012740,1
2787889600377100069,0
2707737900034100174,3
2787445900597100130,1
2707737900133100176,0
2707737900062100103,0
2795103300178100085,4
2787889600396100092,1
2796212800583100026,2
2656144900503100190,0
2795903600348100080,1
2787445900284100060,4
2656143800164100063,0
2707604000126100060,0
2707737900074100236,4
2787445900896100222,4
2707737900047100154,0
2656144300146100227,4
2946331700000004996,4
2787445900617100074,4
2787889600485100060,1
2787445900361100178,2
2796212801009100118,0
2787889600389100137,2
2787889600351100217,4
2787445900052100108,0
2787445900432100098,4
2707737900075100138,0
2796212800232200076,3
2726562700255100152,0
2796212800951100149,2
2656143800027100303,1
2787445900685100098,0
2787445900364100093,3
2796212800595100046,2
2787889600444200175,2
2946331700000017243,4
2796212800554100272,4
2795584800129100103,1
2656143800054100170,3
2795103300344100019,2
2787445900132100057,4
2787445900659100212,3
2707737900134100140,2
2787445900620100089,2
2795903600639100122,1
2656144900421100075,4
2795584800425100122,4
2795103300108100026,1
2656143800215100289,2
2787445900686100244,3
2707604000101100111,0
2656144300187100061,2
2656144900325100030,3
2656143800179100164,1
2707737900099100020,4
2787889600346100131,2
2726544200060200054,0
2656144900537200040,4
2796212800593100138,3
2795903600185200054,3
2795584800391100125,2
2946331700000015941,4
2787445900321100131,0
2787445900209100162,2
2796212800882100339,1
2656144900504100144,3
2795903600212100125,0
2795103300232100193,1
2707604800240100120,1
2787889600197100126,1
2787445900206100149,2
2796212800920100202,1
2787445900700100017,3
2787889600362100073,0
2707604800445100225,3
2656143800104100148,4
2787445900509100078,4
2796212800109100145,0
2707604800182100044,2
2787445900696100057,2
2787445900243100229,3
2787445900624100133,2
2796212800595100220,0
2726544600456100096,0
2707604700067200029,1
2787889600095100205,4
2796212800374100015,3
2796212800046100088,0
2795584800386200020,2
2787445900397100094,1
2796212800945100206,1
2946331700000000560,0
2787445900440100096,1
2656143800079100018,4
2796212800530100028,3
2656144900238100093,2
2796212800889100116,2
2787445900364100130,2
2795103300197100223,0
2707604000110100065,2
2946331700000014193,1
2707604000086100312,3
2795903600614100222,2
2656144300164100022,0
2795584800677100046,3
2795584800457100271,4
2796212800887200134,2
2796212800570100205,0
2795903600488100062,2
2656144900184100149,2
2796212800693100168,3
2796212800855100031,1
2726562800039100112,2
2656144900246100036,3
2707604800059100134,1
2656143800103100207,0
2795584800384100230,2
2787889600231100307,4
2796212800914100220,0
2707604800102100073,4
2787445900840100059,1
2656144900503100235,0
2795584800136100143,1
2795584800154100202,3
2707604000043100137,4
2787445900253100069,2
2946331700000022140,4
2795103300233100064,0
2795103300192100032,4
2795103300165100044,3
2795584800400100374,0
2656144900566100136,4
2787445900368100029,0
2787445900206100256,2
2795584800715100032,3
2795903600436100138,4
2707604700342100102,3
2787445900289100027,1
2656144900489100179,4
2787445900549100176,1
2787889600555100028,3
2656144900422100060,3
2787445900751100108,3
2795584800462100162,1
2787889600091100100,0
2787889600388100134,0
2795903600194100112,3
2707604700342100085,0
2787445900265100127,1
2795103300063100196,4
2795584800149100350,1
2795903600668100127,2
2795903600353100318,4
2796212800264100149,3
2787445900400100117,2
2707604800221100052,0
2707604700224100044,1
2787445900752100098,1
2787889600581100022,0
2707604000057100130,3
2726544600029100174,4
2656144900086100045,3
2656144900377100073,4
2795584800166200086,3
2796212801016100049,2
2787889600094100267,4
2795903600113100201,2
2795903600032100071,2
2795103300163100169,2
2946331700000003185,4
2787889600617100209,2
2787889600486100100,2
2795584800419100209,3
2787445900390100041,2
2945606900000004564,3
2707604700035100119,1
2787445900398100083,4
2707604800322100110,0
2787445900821100034,3
2656144900537200153,0
2707737900099100094,1
2796212800462100157,3
2787889600480100113,2
2787889600194100119,2
2795903600143100135,1
2795103300200100048,0
2787445900205100076,4
2795903600641100188,1
2787445900837100051,1
2795584800124100044,3
2707604800142100150,3
2796212800362100078,0
2707604700367100051,2
2787445900681100170,2
2787445900756100063,0
2795103300367100017,3
2795903600541100205,3
2796212800456100252,0
2707604700068100182,2
2795584800638200099,1
2946331700000017329,3
2796212800631100018,2
2707604700067100218,3
2707604700272100141,1
2796212800080100016,2
2707604000155100045,2
2796212800424200052,4
2796212800553100258,4
2945606900000003612,4
2656144900110100185,1
2787889600384100095,3
2795584800709100079,2
2787445900717100195,4
2707604700249100037,0
2787889600405100195,2
2707604800384100151,1
2787889600196100090,2
2656143800127100130,1
2946331700000000304,0
2656144900237100079,4
2787889600481100192,3
2795903600410100025,3
2787445900253100197,2
2707604000055100048,1
2795103300155100193,3
2795903600541100227,0
2656144900211100045,4
2946331700000010986,2
2787445900771100033,3
2707737900047100174,3
2795103300121100090,1
2795103300298100028,0
2787445900322100059,4
2726543700195100105,2
2787889600422100129,0
2795584800472100176,0
2656144900583100141,4
2795903600057100084,2
2707737900095200015,0
2796212800585100061,3
2787889600450100068,3
2787889600127100038,2
2796212800109100153,3
2787445900550100265,1
2795103300194100255,0
2787889600160100005,3
2795584800493100085,1
2787889600580100140,0
2787445900358100017,3
2796212800249100014,4
2656144900033100041,4
2945606900000028832,2
2787889600389100019,0
2795903600141100114,0
2787889600165100015,4
2795903600590100281,4
2707604000042100196,1
2787889600055100062,2
2795903600158100065,4
2707604700316100053,1
2787889600056100092,0
2795584800435100149,3
2787445900434100147,4
2787889600545100073,1
2795103300411100201,4
2787889600280100049,0
2656144300149200031,0
2946331700000008179,2
2656144900404100023,0
2796212800626200036,3
2787445900284100090,0
2787889600348100027,1
2787889600325100080,3
2946331700000012393,4
2787445900323100159,3
2795584800101100165,4
2795584800222100035,3
2787445900660100141,3
2787889600384100081,2
2946331700000012473,3
2656144900503100067,2
2707737900132100054,0
2946331700000015889,0
2707604700365100101,2
2795103300234100140,0
2787445900173100064,0
2656144900264100063,4
2787445900581100192,1
2787445900588100088,2
2787445900253100357,1
2795103300382100169,1
2796212800888100108,4
2795103300233100283,0
2787445900090100195,3
2795584800434100110,4
2795903600300100055,0
2795103300232100046,0
2787445900060100046,0
2795103300411100067,4
2795103300119100042,0
2787445900401100076,0
2656144900211200036,2
2656143800442100187,4
2787889600276100061,0
2796212800822100176,0
2707604800343100130,3
2656144900503100201,0
2946331700000020199,2
2796212800265100046,1
2795103300131100053,4
2707604800406100019,4
2796212800880100212,1
2656144900557100089,0
2787445900285100188,0
2787445900660100100,2
2787445900224100171,1
2946331700000011040,3
2707737900113100105,4
2707604700272100172,0
2946331700000010948,2
2656144900537100175,3
2787889600360100199,2
2656143800153100063,4
2787445900173100034,2
2795584800700100066,0
2796212800394100070,0
2656143800028100075,3
2787889600194100079,0
2795584800382100241,1
2656144900324100039,4
2787445900353100090,4
2656143800029100143,3
2795903600269100021,4
2795584800380100010,2
2707604700342100033,0
2707604700082100067,1
2946331700000021737,0
2707604700389200208,1
2656144300102100210,0
2707604800240100095,3
2787445900387100061,2
2795903600408100072,4
2656144900585100136,1
2787445900284100038,3
2796212800791100135,0
2795903600589100109,1
2656143800395100049,3
2787445900130200072,2
2787889600348100180,2
2656144300188100109,3
2796212800792100086,3
2787445900357100007,2
2707737900075100161,4
2787889600097100071,4
2787445900645100103,0
2796212800373100067,0
2707604700248100266,3
2656144900113100199,4
2707604800060100117,0
2656144900315100106,4
2707604700363100152,2
2946331700000012663,1
2787889600488100049,0
2656144900298100117,0
2946331700000008872,1
2707737900045100046,3
2795903600670100272,3
2946331700000007362,3
2707604800014200029,1
2945606900000029469,3
2795584800123100172,3
2656144900314100182,2
2946331700000018751,3
2707604800034100108,2
2946331700000013084,4
2787889600231100070,3
2726562800059100191,0
2656144300147100136,1
2787889600410100226,3
2795584800136100120,3
2796212800264100058,0
2787445900126100047,1
2656144300148100103,0
2796212800333100156,2
2656144900165100206,4
2795584800324100118,1
2656143800395100087,4
2945606900000005485,4
2795584800454100023,1
2795584800435100032,2
2656144900616100246,0
2795584800493100084,0
2787445900500100017,2
2787889600482100046,4
2707737900114100111,2
2726543700432100217,1
2726562800099100136,4
2795903600696100115,4
2795584800167100121,0
2795103300146100183,3
2795584800385200012,1
2787889600373100063,3
2656144900166200115,4
2787445900286100178,1
2795584800622100099,3
2945606900000000710,3
2945606900000009885,3
2787445900088100188,1
2946331700000000856,2
2707604000086100252,2
2656144900352100124,3
2795103300233100227,3
2795903600269100116,2
2787445900723100035,1
2656144900315100221,3
2787889600443100119,3
2787445900290100129,3
2787889600098100070,1
2796212800333100029,2
2787445900756100053,1
2945606900000016901,2
2787445900545100168,3
2707604700092100058,3
2707604000126100220,3
2787445900356100068,1
2946331700000019958,0
2795584800224100106,4
2787889600056100086,2
2787445900250100110,0
2796212801012100215,1
2787445900242100084,0
2707604000124100126,4
2707604700091100243,4
2796212800397100047,1
2656144900247100055,0
2656144900641100240,1
2795903600141100184,4
2656143800003100150,0
2787889600380100057,1
2787889600058100136,1
2946331700000016267,0
2787445900397100150,2
2795103300381100258,1
2795584800101100257,1
2787445900546100037,1
2795584800385100283,3
2795584800710100051,4
2795584800238100152,0
2656144900185100154,2
2795103300380100319,3
2707604800424100059,4
2656144900350100058,1
2946331700000010890,3
2795903600329100117,3
2795903600185100124,2
2656144900641100255,3
2787889600132100171,0
2787445900253100252,2
2707604000055100283,3
2796212800945100053,4
2707604700085100026,4
2795903600140100177,0
2726544600192100054,0
2787445900161200017,2
2795584800202100095,3
2707737900036100040,0
2796212800821100177,2
2656143800189100068,0
2707604800402100006,1
2726543700434100081,0
2787445900582100103,2
2795903600589200009,1
2787445900286100069,4
2656144900351200123,3
2707604700062100233,1
2796212800174100040,4
2787889600384100079,4
2656144300060100179,3
2787889600360100172,2
2795103300368100087,3
2795584800138100236,2
2795584800353100107,4
2656143800192100069,4
2707604800060100147,2
2707737900036100042,3
2796212800919100151,1
2726562700119100130,2
2796212800625100073,4
2787445900289100143,2
2656144900558100177,3
2795103300219100123,4
2787445900365100131,0
2656144900541100114,0
2796212800176100149,0
2787445900616100005,2
2796212801076100050,0
2796212800913100278,1
2707737900147100271,1
2707737900077100049,1
2787445900397100099,4
2787445900361100272,3
2787889600360100127,2
2796212800599100041,2
2726543700130100054,3
2796212800822100173,4
2787889600349100175,4
2796212800377100126,2
2795584800118100067,2
2707604700132200249,2
2656144900190100207,4
2656144300210100200,1
2787445900326100073,2
2795103300179100159,0
2795103300344100018,4
2795103300330100098,4
2656144900237100080,4
2787889600314100216,1
2787445900761100117,4
2707604700155100019,2
2707737900087100211,4
2656144900262100025,1
2796212800882100154,2
2795903600168100273,1
2707737900132100163,3
2726544200036100086,1
2795584800389100229,3
2795584800702100110,0
2787445900125100020,4
2707604000070100247,2
2726544200070100057,4
2795903600462100044,0
2946331700000000278,4
2787889600277100068,1
2787889600195100103,0
2796212800395100045,4
2796212800295100181,2
2795584800241100099,4
2787445900255100026,1
2795903600616100043,4
2707737900098100063,2
2787445900657100203,0
2707604800059100116,0
2656143800154100107,2
2656144900641100095,3
2795903600143100345,4
2796212800399100086,2
2656143800129100095,4
2656144900583100130,1
2795103300417100019,0
2707604700362100030,2
2795584800715100014,0
2707604700247100078,0
2707604700133100078,0
2656143800080100045,2
2796212800298100123,4
2795903600668100106,4
2787889600386100025,0
2787445900693200024,4
2795103300029100113,3
2787445900804100090,3
2787445900716100220,2
2945606900000006378,3
2707737900131100132,3
2795903600438100113,1
2787445900359100176,1
2795903600354100044,1
2726543700401100041,1
2787445900326100236,2
2656144900421100282,4
2787445900262100075,2
2795103300331100205,0
2795103300144100118,3
2796212800790100231,0
2787889600129100055,2
2707604700038100142,3
2787445900247100098,0
2656144900562100256,1
2796212800489100071,2
2726562700117100326,3
2726544600193200110,4
2787445900200100196,1
2795903600642100147,1
2945606900000003472,4
2796212800887100077,3
2707737900146100140,1
2787889600409100019,3
2656143800416100329,0
2795103300446100279,0
2795584800136100155,3
2787445900094100023,2
2946331700000018808,0
2795584800103100078,3
2787445900860100172,4
2796212800176100078,0
2656144900086100184,4
2707604700012100099,4
2787889600231100247,1
2795584800137200073,1
2656143800054100097,1
2787889600512100128,3
2795903600140100211,0
2787445900242100087,3
2795103300446100310,2
2656144300123100021,1
2707737900048100079,0
2787445900286100122,2
2795903600143100380,4
2787445900582100108,3
2795584800447100229,0
2946331700000017600,4
2787889600416100118,2
2707604000155100034,0
2787445900363100042,0
2656143800418100055,2
2787445900401100112,3
2707604000041100057,4
2795584800584100037,1
2787445900168100024,1
2795103300189100043,0
2726544600404100198,3
2787445900127100017,0
2656144900541100117,1
2787445900303200013,3
2787445900352100165,4
2656144300125100270,1
2796212800329100152,3
2787445900399100183,2
2787445900329100048,3
2656144900423100200,0
2707604000101100079,0
2796212800914100081,3
2707737900060200159,4
2787889600229100023,3
2656143800190100162,3
2946331700000006711,2
2787889600582100166,4
2787889600516100044,2
2787889600059100062,3
2707604800082100050,0
2795903600616100088,1
2795584800435100333,2
2787889600410100130,0
2787445900290100088,3
2656143800368100172,2
2787445900396100255,3
2796212800142200009,1
2707604700317100153,4
2796212800919100069,1
2656144900186200096,4
2787889600057100207,0
2787889600165100140,2
2707604800141100064,3
2787445900584100082,0
2787445900618100086,1
2795584800660100134,1
2656143800104100188,1
2795584800122100059,4
2656143800052100110,3
2707604800321100160,3
2787445900659100089,1
2787445900363100027,4
2787889600315100153,0
2795903600696100024,3
2656144300188100231,0
2795103300191100094,2
2945606900000006766,1
2656144300195100054,1
2707604700367100018,0
2787889600131100100,1
2795103300113100076,1
2796212800529100094,1
2707604000058100018,0
2946331700000010664,4
2795584800129100148,2
2787889600424100078,0
2656144300149100130,2
2795103300120100163,3
2656143800130100125,2
2795103300131100028,3
2707604800341100216,4
2656144900530100054,4
2656143800215100166,1
2707604800425100200,0
2656144900609100198,0
2796212801048100215,3
2795903600241200092,1
2707604700221100061,4
2795584800691100034,1
2707604800222100025,3
2707604700082100034,4
2787445900263100160,4
2796212800977100037,1
2707604700059100142,3
2787445900789100118,4
2707604800403100163,1
2795584800166100073,1
2707604800384100232,3
2656144900447100103,0
2787445900359100085,0
2796212800570100101,0
2795903600166100037,4
2656144900506100017,4
2795584800224100061,3
2795584800456100071,1
2787445900130100046,2
2787889600450100189,1
2787445900725100116,0
2726543700467100137,4
2795103300312100055,0
2795584800455100125,4
2707604000140100290,4
2796212801010100021,2
2656144900475100049,1
2656144900086100214,4
2656143800055100188,3
2707604800141100047,1
2787445900094100050,0
2787445900232100046,2
2787445900087100097,0
2787889600280100304,2
2707604800081100138,0
2796212800790100256,3
2787445900597100166,1
2707604800056100070,4
2787445900352100142,3
2726544200049100135,1
2796212800978100024,3
2796212800337100156,4
2787445900654100050,3
2787445900328100066,3
2795584800125100047,0
2787445900265100028,0
2656144900167100168,2
2795103300163100183,0
2787445900285100127,2
2707604000138100161,4
2795103300147100116,2
2795103300153100274,4
2707604800099100069,0
2795103300191100127,2
2656144900582100186,1
2795584800453100080,2
2946331700000004620,3
2656144900085100196,3
2787445900752100090,0
2787445900199100016,4
2795103300366100035,1
2796212800561100162,1
2707604000110100036,4
2946331700000004636,4
2787445900297100022,3
2795584800696100028,4
2656144900186100063,1
2787445900764100034,0
2795103300332100123,0
2656144300164100132,4
2656144300082100094,4
2796212801012100179,4
2787889600277100011,3
2795584800381100173,0
2795903600437100233,1
2795584800413100225,4
2946331700000003000,4
2795903600114100055,2
2656143800055100071,2
2707604800384100256,2
2787445900662100044,3
2945606900000028825,0
2656144900085100215,0
2796212800600100243,2
2787445900657100164,0
2707604800059100109,0
2707604700367100107,1
2795584800204100110,3
2946331700000010667,4
2656144900273100100,4
2795903600186100093,2
2656144900479100111,2
2787445900098100147,2
2707604700387100208,1
2707604800404100075,3
2796212800585100243,4
2656143800392100044,0
2795584800419100041,4
2795903600427100241,0
2796212800944100061,2
2787889600483100128,4
2795103300148100078,1
2656144900421100171,2
2787445900225100147,3
2726544600054100260,2
2796212800297100083,3
2787889600444100097,4
2796212800888100146,4
2726562700099100197,3
2707604000153100049,3
2945606900000017008,4
2787445900790100022,1
2796212800142100232,3
2656144900536100146,1
2946331700000014384,2
2707737900059100120,4
2787445900396100248,3
2707604800164100068,4
2795584800750100007,0
2787889600353100068,0
2796212800880100058,0
2795584800679100065,4
2795584800139100108,0
2656144900588100086,4
2787889600093100285,2
2796212800980100286,0
2795103300132100082,4
2707604800162100105,2
2787445900156100017,0
2796212800212100008,0
2787889600058100092,4
2945606900000016928,4
2787445900097100233,4
2787445900287100091,4
2796212800855100114,0
2656144900377100139,2
2795903600489200147,1
2795903600428100059,1
2787445900581100044,1
2707604000155100192,2
2656144900589100058,0
2945606900000008179,3
2656144900609100037,3
2795103300347100043,1
2787889600545100042,0
2787445900804100154,2
2796212800913100116,2
2796212800880100075,1
2787445900224100054,2
2796212800855100162,1
2795903600515100071,4
2796212800419100109,0
2726544600002100163,3
2796212800889100012,2
2796212800792200131,1
2795584800239100131,3
2787445900265100225,3
2787445900659200073,2
2787889600129100147,3
2787445900326100198,0
2787445900204100036,1
2656144900378100145,1
2795903600269100134,2
2795584800122100023,0
2787445900134100111,2
2787445900397100159,0
2656144900609100056,0
2795584800450100239,3
2787445900397100042,2
2787889600095100150,4
2787445900761200150,4
2707604000101100106,2
2707604800037100020,1
2656144900421100259,0
2787445900617100165,0
2796212800364100056,0
2796212800781100076,0
2796212800921100093,3
2796212800462100027,2
2787445900167100081,1
2787445900726100247,2
2787445900289100044,2
2795903600353100272,1
2787445900774200005,4
2707604700201100053,1
2796212800562100175,0
2787445900824100123,2
2656144900480100148,1
2945606900000001645,2
2707604700388100091,3
2787445900681100123,3
2795103300377100032,2
2796212800714100218,1
2796212800594100237,1
2787445900427100114,3
2946331700000018728,1
2787445900434100066,1
2795103300232100235,2
2656144900113100155,3
2707604700362100104,3
2707737900007100250,2
2787445900804100164,3
2796212800109100030,2
2795584800446100145,0
2656144900111100104,4
2707604700227100028,4
2795584800188100248,1
2707604700086100071,2
2787889600388100113,4
2707604000095200011,3
2707604700271100177,1
2795584800185100220,0
2707604700365100206,3
2795584800454100186,4
2707604000139100111,3
2795584800660100042,2
2795903600489100272,1
2795903600346100148,2
2787445900550100290,4
2796212800457100128,2
2707604000041100205,1
2787445900583100209,2
2795103300161100219,1
2707737900021100021,2
2707604700059100025,4
2656144900589100173,2
2795903600489100136,0
2946331700000021582,1
2796212800684100092,4
2796212800849100193,4
2945606900000000578,1
2656144300162100043,3
2795584800412100093,1
2656144900587100015,3
2787445900654100075,3
2726562800098100274,3
2707604700246100039,0
2795903600541100153,0
2656144900505100116,0
2795903600590100287,4
2787445900301100170,3
2787445900290100178,4
2656143800415100023,2
2796212800584100036,2
2787445900281100048,2
2707604800164100058,2
2795903600241200127,2
2787445900634100017,1
2796212800633100043,4
2795903600517100029,0
2945606900000001948,1
2946331700000001699,3
2795903600411100019,3
2656144900589100180,4
2656144900238100021,2
2946331700000015836,0
2656143800079100123,0
2656144900138100135,1
2787889600382100032,0
2787445900464100044,2
2795584800185100229,3
2656144900371100142,1
2656143800391100195,3
2795584800421100200,3
2707604700318100133,1
2726562800078100055,1
2726562700216100124,4
2707737900087100048,4
2796212800668100013,3
2787445900426100129,3
2656143800343100215,4
2787445900550100228,4
2795903600481100147,3
2787445900169100085,4
2795903600400100035,1
2707604700247100091,0
2946331700000006688,0
2945606900000001429,2
2656143800178100120,4
2656144300102100095,3
2707604700364100115,0
2796212800945100041,2
2707604000140100070,4
2796212800376100010,4
2787445900620100210,3
2946331700000021478,0
2795584800103100092,3
2656143800367100223,1
2796212800394100031,0
2795903600428100076,4
2787445900695100049,2
2946331700000006828,1
2707737900021100017,0
2787445900550100232,1
2656144900209100194,4
2787445900840100017,4
2795584800749100119,1
2707604800102100063,1
2796212800792100233,4
2795103300331100331,2
2796212800387100116,4
2656143800054100226,1
2787445900050100089,2
2707604700083100185,4
2787445900822100202,4
2787445900546100044,4
2795584800418100037,4
2656144900314100125,0
2787445900760100107,1
2707604800425100029,2
2707604700389100209,3
2656143800241100242,4
2787889600405100288,1
2795903600481100063,4
2707737900048100169,4
2796212800594100218,3
2707604000054100167,2
2787445900686100149,1
2707737900060100153,0
2795584800221100045,0
2795903600267100066,0
2787445900252100074,2
2787445900762100145,4
2787889600243100078,4
2946331700000017490,2
2787889600451100046,0
2787889600092100043,2
2707604700087100062,2
2787445900512100083,1
2787445900548100146,1
2656144900111100264,1
2796212800399100071,3
2796212800388100154,1
2787889600132100196,4
2796212800716100104,0
2946331700000004869,1
2787445900897100196,4
2656143800190100078,0
2795103300378100099,3
2795584800087100056,3
2707604800382100052,2
2787445900682100104,1
2707604800404100228,1
2726543700195100241,0
2787445900089100118,4
2787445900431100033,3
2707604700070100133,4
2796212800625100072,2
2656144900615100088,3
2796212800486100123,3
2795903600294100071,4
2795584800435100345,3
2795584800493100159,1
2795903600293100148,1
2795584800747100174,3
2795584800674100070,3
2795584800512100028,3
2946331700000014831,1
2707604700081200046,4
2787889600450100193,4
2787889600266100096,3
2707604800342100193,4
2787889600361100117,1
2726543700165100248,2
2787889600479100095,3
2707604800139100019,0
2787889600421100191,4
2787445900760200154,3
2707604800165100038,1
2707604800364100170,4
2796212800812100181,3
2796212800111100134,2
2707604800424100200,0
2796212800779100214,3
2795584800185100100,0
2707604800403100039,4
2787889600347100097,3
2707604700082100082,0
2787889600060100090,3
2707604800014100237,1
2795584800242100071,1
2656143800191100190,1
2795903600322100049,3
2795584800123100094,1
2796212800013100060,1
2787445900822100184,4
2795103300233100135,3
2795903600412100055,0
2656144300172100154,1
2795103300400100111,2
2707604000140100055,4
2945606900000014953,2
2787445900365100108,1
2787445900620100139,2
2795584800374100017,4
2796212800488100116,0
2787889600397100210,3
2707604700131100178,3
2787889600231100119,1
2726543700227100235,3
2787445900362100027,1
2796212800700100071,3
2796212800489100062,0
2787445900395100139,1
2707604800033100022,4
2656143800079100222,4
2946331700000006342,1
2707604800162100155,1
2707604700037100056,3
2707604800383100111,4
2726562800242100144,0
2795584800660100201,1
2707604700271200103,1
2707604800361100189,3
2656144900350100059,3
2795903600614100079,0
2796212800529100186,4
2795103300154100205,3
2656144900565100150,4
2787445900195100095,2
2707604700130100023,0
2787889600279100105,2
2707737900007100042,1
2787445900682100044,1
2787889600277100258,4
2707604700086100038,4
2787445900253100301,2
2946331700000002645,1
2707604700225100237,0
2787889600445200056,1
2656143800153100207,1
2795903600346200057,0
2796212800248100090,1
2656144900477100087,0
2796212801012100252,0
2656144900478100116,0
2707604000122100150,2
2787445900618100026,3
2787445900364100165,0
2787445900193100123,3
2707604700069100204,4
2707737900144100150,2
2787445900462100026,2
2707604000084100100,3
2946331700000000828,2
2945606900000001412,3
2656144900615100103,2
2796212800397100269,4
2796212800790100225,1
2945606900000005288,0
2795903600669200108,2
2945606900000028691,0
2707604800445100061,1
2707604700224100023,0
2656144900371100035,2
2707604800284100053,0
2707604800340100190,1
2796212800327100095,0
2795103300164100198,1
2796212800554100029,1
2656144900536100014,4
2707604700093100214,2
2795103300233100358,1
2795584800709100041,2
2787445900753200023,0
2787889600348100092,2
2787445900625100100,4
2656143800265100021,4
2656144900555100055,0
2656144900164100119,3
2656143800052100267,2
2656143800130100106,4
2707604000054100107,3
2946331700000002034,4
2795584800086100062,0
2656144900488100149,2
2787445900805100100,4
2796212800922100131,2
2795903600481100163,2
2656144900564100070,3
2707737900060100148,3
2707604800424100111,4
2796212800791100075,2
2787889600405100193,1
2787445900657100072,3
2787445900858100202,1
2726544600055100158,0
2787889600312100137,0
2787445900173100031,1
2945606900000005317,0
2795903600670100221,3
2707737900100100157,3
2787445900098100082,2
2707604800143200225,3
2795584800090100014,3
2707604000127100200,0
2707604000024100087,4
2787889600354100180,1
2726543700432100220,2
2787889600618200020,3
2795584800421100246,2
2945606900000005352,3
2795584800160100245,0
2795903600238100008,2
2787889600093100030,0
2787889600422100186,0
2796212800890100131,4
2707604800162100038,0
2707604800082100205,4
2787445900899100025,3
2795903600490100171,1
2946331700000004280,2
2707737900049100194,0
2787889600311100120,0
2796212800748100208,0
2707604800140100064,0
2787445900095100086,3
2787889600412100042,1
2707604700223100200,2
2795903600670100298,3
2796212800747100123,0
2787445900288100010,0
2796212800364100230,0
2787889600581100149,1
2656143800054100054,2
2787445900231100186,2
2945606900000014818,0
2795584800420100064,1
2787445900243100111,1
2787889600230100112,0
2796212801008100063,3
2707604700082100036,3
2787445900896100130,1
2656144900112200074,3
2787889600231100047,1
2656143800130100188,4
2787445900162100160,3
2726544600055100142,2
2946331700000006448,0
2946331700000001984,4
2796212800881100048,4
2656144900420100204,2
2795584800413100180,4
2796212800823100125,0
2707604700091100145,1
2796212800854100092,3
2707737900106100009,2
2656144300164100142,0
2787445900580100053,2
2707604800383100058,1
2795903600243100142,2
2795584800237100075,1
2787445900098100134,2
2787445900098100061,1
2796212800494100029,4
2945606900000002821,0
2796212800594100204,1
2787889600451100097,2
2787889600580100094,2
2787889600057100130,0
2787445900807100023,1
2787445900583100216,2
2656144900448100013,3
2795903600454100222,3
2787445900582100058,3
2787445900363100091,2
2795103300445100148,3
2707604700315100109,2
2787889600478100140,2
2707604800178200010,2
2787445900395200038,0
2707604000083100157,3
2796212800487100024,3
2787889600128100040,3
2795903600215100042,3
2795584800485100063,2
2787445900546100064,3
2787445900387100008,1
2707737900098100134,1
2707604000100100053,1
2787445900682100173,2
2795584800477100080,4
2946331700000003226,2
2787445900088100119,4
2656144900110200173,0
2946331700000003385,3
2795903600544100053,3
2787445900358100121,4
2796212800494100111,1
2656144900478100176,4
2787445900200100074,3
2946331700000002612,1
2707604700292200071,0
2795903600401100124,0
2707604700091100209,1
2707604700364100134,3
2795903600301100349,3
2796212800398100139,0
2707604700091100090,3
2795903600347100087,1
2707737900144100209,1
2707737900073100097,4
2796212800408100142,2
2795903600480100142,1
2787889600097100013,1
2707604700094100136,0
2707604800014100172,0
2796212800570100041,4
2787889600092100146,1
2787445900426100039,4
2946331700000004355,3
2787445900360100047,4
2795903600480100040,0
2795903600437100021,3
2796212800529100067,0
2795903600269100183,1
2656143800106100113,3
2707604800014100023,1
2656144900641100221,4
2707604800014100018,1
2656143800129100051,4
2796212800456100103,1
2656143800130100202,1
2795903600669100283,3
2726543700165100132,1
2787445900265100150,3
2787889600312100045,2
2787889600023100053,4
2946331700000000849,1
2945606900000029189,1
2946331700000016015,3
2795103300198200066,1
2796212800812100173,4
2787889600231100029,0
2707737900035100048,3
2787889600617100099,4
2656144900530100190,1
2787445900283100135,4
2787445900462100164,1
2796212800456100245,3
2795903600438100190,1
2787889600510100101,4
2707604000126100113,0
2795584800224100079,0
2796212800918100044,4
2796212800792100256,2
2796212800954100055,3
2656144900582100146,2
2656144900530100029,3
2787445900013100011,4
2795903600348100042,3
2787445900693100143,4
2656143800203100023,4
2726544600381100138,4
2787889600362100097,2
2787445900656100136,1
2795103300310200123,2
2796212800980100093,4
2656143800153100242,3
2656144900113100167,3
2946331700000021405,3
2707604000057100207,3
2946331700000020205,4
2656144300149100040,3
2787445900251100127,2
2707604800425100207,4
2656143800215100127,4
2787445900700100024,1
2787445900396100018,0
2787889600448100020,0
2795103300346200057,4
2787889600316100202,0
2707604800163100144,1
2787889600388100182,2
2656144900641100239,3
2795584800160100123,0
2656144900165100125,4
2795103300084100222,1
2787445900471100051,1
2787445900123100022,1
2787445900621100330,3
2656143800104200042,3
2787445900725100082,2
2795103300098100091,2
2787445900659100180,3
2707604800033100008,4
2795103300412100009,2
2795584800382100052,4
2707604000124100179,0
2787889600313100066,0
2946331700000017280,4
2946331700000000774,0
2946331700000018762,4
2707604800143100159,2
2707604800402200006,3
2787889600132100226,0
2787445900322100108,4
2796212800239100022,4
2656144900211100084,1
2796212800263100228,2
2796212800365100233,2
2946331700000003295,4
2796212800881100113,0
2787889600412100217,4
2796212800304100174,3
2787889600021100026,2
2796212800271100055,2
2787445900327100093,2
2707604000056100183,2
2707604800301100018,1
2656143800242100029,0
2787445900502100121,1
2796212800530200045,4
2795903600322100199,4
2787889600318100053,2
2787445900654100063,3
2787889600546100029,3
2656144900323100139,3
2656144900642100134,3
2656144900112100286,1
2946331700000000215,0
2787889600163100050,4
2787889600242100074,2
2795903600428100028,1
2787889600132200038,2
2787445900396100130,4
2707737900021100079,4
2795903600115100201,1
2656144900189100078,3
2795584800398200029,1
2707604700180200015,1
2707737900133100218,2
2656144900536100144,1
2787445900751100126,4
2787445900685100042,3
2795103300097100252,1
2656144900503100045,2
2796212800748100065,0
2787889600058100143,4
2707604800036100073,4
2787445900463100044,0
2707604700070100112,1
2946331700000017343,2
2787445900252100131,4
2707604700201100012,1
2787445900860100091,0
2656143800030100127,2
2945606900000001488,2
2795903600349100115,3
2787889600129100198,0
2656144300102100126,3
2656143800394100104,0
2795584800382100072,3
2796212800822100022,0
2707604000054100020,0
2795584800484100091,3
2726544600003100080,3
2707737900060100260,4
2795584800457100131,4
2656144900352100214,0
2787889600450100248,4
2707604800103100118,0
2707604800381100171,1
2707737900087100090,2
2707604000054100161,1
2796212800585100200,3
2656144900166100212,4
2726543700206100075,0
2707604000070100097,2
2796212800889100232,2
2656144900537100063,2
2795584800349100151,1
2787889600326100080,2
2726544600378200090,4
2707604800385100086,0
2787445900718100161,0
2945606900000010005,4
2787889600387100137,0
2795584800385100149,3
2795584800471100091,1
2796212801012100167,2
2795903600321100047,1
2707737900006100046,4
2945606900000005369,2
2656144900342100071,3
2707604000042100263,0
2787889600164100033,3
2707604000123200020,3
2656143800052100231,4
2946331700000005165,1
2787889600451200007,1
2726562700255100233,0
2787889600374100043,1
2796212800881100107,1
2787445900322100137,0
2787445900895100076,2
2707604700247100101,4
2707604000095100011,3
2795903600614100029,0
2787445900822100139,1
2796212800585100122,0
2707737900060100021,2
2656144900085100254,0
2707604800322200138,1
2787889600383100063,4
2656144900506100049,1
2726544600383100057,4
2795903600437100147,3
2795903600032100212,4
2795584800130100208,0
2787445900206100114,0
2787445900432100074,4
2796212801076200052,4
2787445900291100070,0
2946331700000018872,4
2946331700000003288,2
2726562700199100138,3
2796212800354100094,2
2787889600441100050,1
2795584800713100203,2
2796212800791100031,0
2707604800242100131,1
2796212800111100041,1
2946331700000012957,4
2795903600158100109,1
2707604800242100101,0
2787889600453100017,0
2787889600232100067,0
2787445900290100087,4
2707737900008100126,3
2796212801009100041,3
2945606900000006224,2
2707604800061100128,2
2707604700059100115,4
2707604700177100073,3
2787445900168100033,0
2707604800361100143,2
2795903600463100030,4
2656144900315100035,2
2787445900264100145,0
2707604800385100106,0
2787889600450100291,4
2656144900565100145,2
2795103300331100157,0
2795903600057100056,3
2656144900542200081,0
2796212800716100242,2
2787445900363100104,0
2946331700000001759,3
2656144900503100032,2
2796212800918100098,2
2787445900265100058,0
2707604000155100195,3
2796212800979200022,4
2787889600318100007,4
2656144900141100098,3
2795903600328100169,0
2707604800281100070,0
2707604800384100209,2
2787445900267100092,2
2787889600413100020,1
2656143800052100293,0
2796212800585100299,4
2795903600321100277,3
2656144900591100033,3
2787445900206100124,1
2787445900500100021,2
2795103300232100195,4
2787889600058200134,2
2787445900163100023,3
2946331700000011500,4
2707604700082100027,0
2796212800431100106,3
2707604000054100108,2
2796212800569100099,3
2787445900367100123,0
2796212800110100199,2
2795903600642100171,4
2796212800431100115,4
2796212800409100038,2
2656143800366100092,4
2707604800361100161,3
2787889600355100039,1
2787445900501100104,1
2787889600486100159,1
2795103300179100196,4
2796212800489100033,0
2787445900298100111,0
2656143800129100070,0
2787445900090100042,0
2795903600329100108,3
2787445900360100031,4
2707604700063100171,1
2707604700084100070,3
2707604700093100073,2
2796212800355100022,0
2787889600315100232,0
2707604000110100274,2
2796212800421100022,1
2707604000073100035,2
2787445900360100076,4
2726544200048100036,1
2787889600229100114,2
2656144300163100024,3
2787445900097100031,3
2787889600421100062,3
2796212800554100093,0
2796212800882100128,0
2795584800382100074,1
2795584800418100055,2
2707604700318100042,3
2796212800362100090,2
2787889600408100159,0
2656144900505100045,0
2726562800280100097,0
2787445900546100136,4
2656144900369100140,2
2656144900529100229,0
2795584800375100070,4
2787445900321100057,2
2656143800052100183,2
2707604800221100090,0
2787889600354100062,0
2707737900095100022,0
2656144900314200074,4
2787445900225100191,1
2795903600401200061,1
2796212800716100105,3
2796212800333100154,0
2656143800392100262,3
2795584800385100112,4
2656144300187100123,1
2796212800854200124,2
2946331700000008820,1
2656144300103100104,1
2796212800889100061,0
2787889600230100128,3
2656144900265100053,3
2656144900008100162,4
2946331700000001474,3
2795584800415100082,3
2656143800080100143,2
2795584800483100061,3
2656143800468100115,3
2787445900292100108,3
2946331700000008103,3
2707604700044100101,1
2787445900619100038,0
2707604000042100187,2
2656143800265100078,2
2795903600455100075,4
2726543700227100037,0
2796212800333100190,4
2656144900480100101,4
2707604000100100091,1
2656144900217100053,1
2707604700091100045,3
2656144900236100115,3
2795584800352100059,3
2795584800591100128,2
2787445900352100173,0
2795103300232100179,2
2946331700000014942,0
2795903600588100114,2
2795903600670100068,1
2795584800101100220,1
2795103300120100086,2
2787445900089100079,3
2787445900438100092,2
2656144900557200081,2
2795584800389100065,2
2787889600413100068,0
2795584800374100049,0
2787445900581100113,2
2707604700250100104,4
2787445900861100026,3
2795903600114100254,3
2656144900479100024,0
2945606900000008782,3
2787445900098100015,0
2795584800354100082,0
2945606900000001077,1
2787445900247100107,4
2707604800403100125,1
2795584800173100249,3
2787445900198100031,3
2787445900325100069,1
2656144300147100265,0
2945606900000010097,1
2795584800224100042,3
2787445900289100231,0
2796212800296200119,0
2796212800488100197,0
2796212800747100256,2
2796212800375100085,2
2707604000099100079,4
2787889600407100145,1
2707604000086100300,3
2656143800392100081,1
2707604700362100033,0
2707604800299200029,0
2656144900634100045,4
2707604800040200008,2
2726544600004100150,3
2796212800790100118,3
2787889600413100187,0
2707604700340100057,0
2795584800189100073,0
2707604000011100037,0
2707604800200100035,4
2707604000041100180,1
2787889600483100030,2
2796212800537100149,2
2795103300177200029,2
2787889600514100069,4
2787445900365100102,4
2787445900806100043,3
2656144900503100082,1
2726562700234100209,1
2787889600023100290,2
2946331700000009174,1
2787445900694100090,3
2796212800951100086,2
2787889600396100089,3
2656143800393100018,2
2796212800554100212,2
2787889600056100038,1
2796212801012100120,3
2656144900137100075,1
2707604000124100144,3
2656143800054100176,1
2707604800102100123,4
2787889600056100105,1
2707604800163100143,3
2795584800381100030,1
2707604700270100082,0
2795584800136100147,4
2656144900265100057,3
2795584800418100073,3
2656144900264100095,1
2707604700412100030,4
2707604800082100233,0
2787445900789100079,0
2726562800040100033,0
2787445900353100084,1
2795903600212200113,4
2796212800456100226,3
2945606900000003429,2
2945606900000029407,0
2795903600352100050,4
2795103300381100107,1
2707737900088200103,2
2787445900163200101,0
2707604700318100078,4
2787445900389100219,1
2656144900112100046,4
2726543700099100088,1
2796212800625100274,0
2795584800237100067,4
2707604700250100036,0
2795584800436100096,1
2787445900804100115,1
2796212800888100161,3
2707737900063100016,1
2656144900421100091,2
2787889600316100081,2
2787445900399100016,4
2656143800266100094,0
2945606900000028748,4
2787889600478100002,0
2787445900545100198,4
2787445900325100218,0
2787889600443100270,2
2796212800296100107,4
2787445900585100131,3
2656143800053100151,3
2787889600361100054,1
2787445900058100024,3
2787889600405100336,0
2787889600617100084,4
2796212800142100201,1
2787445900425100012,4
2787445900252100279,0
2795903600321100032,1
2795584800639100173,0
2946331700000004953,3
2656144300062100048,1
2795584800100100106,0
2707737900088100010,3
2707604800364100083,0
2787445900228100117,2
2726544600029100053,1
2946331700000009227,2
2787445900822100190,1
2945606900000005336,0
2787889600280100317,1
2787445900622100198,2
2796212800888100259,0
2787445900324100073,2
2787445900724100069,4
2787889600230100137,0
2796212800420100197,0
2707604700092200167,3
2787889600243100120,4
2656144900137100057,1
2946331700000007564,4
2787445900584100022,4
2707604800082100263,0
2946331700000000794,1
2795903600640100055,1
2796212800890100148,1
2707604700318100123,1
2795584800173100312,0
2707604800055100047,4
2656144900396100193,0
2787889600353100141,0
2726544200048100247,3
2787445900285100291,4
2796212800552100046,3
2946331700000020461,1
2795903600300100098,3
2726543700142100174,0
2787889600195100223,0
2787889600315100224,1
2796212800111100031,3
2787889600450100276,2
2795103300185100075,3
2796212800486100237,0
2946331700000015807,4
2795584800660100129,2
2707604000097200040,0
2787445900859100030,4
2656144900352100066,3
2726543700068100121,0
2656144900264100101,3
2796212800791100130,2
2787445900224100104,4
2707604000024100189,4
2787445900597100100,0
2726544200050100115,2
2787445900125100022,1
2656144900112100048,4
2707737900087100110,1
2795584800462100146,4
2787445900695100118,0
2795584800602100025,1
2946331700000004233,1
2656143800468100146,3
2796212800431100020,3
2726544600432100029,4
2707737900063100100,0
2795903600613100074,1
2656143800392200061,4
2707604700248200139,1
2795584800175100098,1
2796212800625100310,1
2795903600401100082,4
2707604700226100049,4
2796212800457100145,4
2787445900597100077,2
2707604700085100132,2
2787889600313100166,1
2656144900114100154,4
2656144900191100250,3
2795103300330100202,3
2707604800083100093,3
2656143800179100128,2
2656144900540200062,2
2795103300164100099,0
2656143800239100078,2
2796212800430100188,0
2787889600351100044,3
2795584800447100149,3
2795903600670100112,4
2787445900327100153,4
2787445900617100114,0
2707604000085100206,4
2795903600346100094,0
2787445900663100025,2
2945606900000006539,2
2707737900007100164,1
2796212800890100052,0
2787889600583100024,4
2795903600301100217,2
2656144300125100181,1
2656144900236100102,0
2707604000041100054,3
2787445900288100218,3
2946331700000017314,1
2795103300331100259,3
2656144900561100195,2
2787889600058100118,1
2946331700000001720,4
2945606900000016575,4
2787889600163100062,3
2787445900285100237,4
2707604000084100031,0
2796212800265100041,1
2795103300156100192,1
2787445900172100012,0
2795584800156100008,2
2787889600128100065,2
2796212800585100050,3
2945606900000014781,0
2946331700000015027,4
2796212800238100210,1
2796212800429100245,0
2787889600162100053,4
2707604700094100046,0
2787445900586100104,3
2707737900099100232,3
2787889600316100176,0
2787445900052100057,4
2726562700214100153,2
2787445900427100070,1
2707737900114100047,2
2656144900314100047,1
2787445900659100165,3
2795584800419100065,2
2946331700000000470,2
2707604000126100141,4
2787445900262100043,1
2787445900250100025,2
2796212800362100170,3
2787445900173100051,0
2787889600056100011,1
2707604700343100054,3
2707604800059100199,0
2795584800585100121,0
2726562700199100135,3
2795584800377100102,0
2795903600411100106,2
2795584800138100282,1
2726544600455100090,4
2787889600486100174,0
2787889600276200065,0
2795584800450100164,3
2795584800122100072,0
2795903600670100217,0
2707737900096100070,4
2795903600670100081,2
2787445900208100084,3
2795103300297100128,1
2656144900235100278,4
2787889600169100065,3
2795903600381100038,2
2787445900323200094,1
2707604700366100244,4
2787889600362100228,1
2795103300164100027,0
2795903600669100227,1
2795903600614100134,3
2707604800078100084,3
2945606900000001734,0
2726544600431100029,1
2787445900584100048,0
2707604700249100223,1
2656144900505100237,4
2787445900656100122,3
2795584800311100088,4
2787889600092100123,0
2795103300154100196,0
2795903600243100183,4
2707604700225200059,4
2707604700091100033,3
2795103300119100071,2
2787889600481100017,4
2656144900591100123,1
2656144900541200056,4
2796212800242100196,3
2796212800333100220,4
2656143800053100201,0
2795903600490100127,2
2795584800086100203,1
2787445900546100147,4
2707604800036100022,3
2707604700341100181,2
2787889600020100063,0
2656144900217100165,1
2656144900195200088,4
2787445900462100171,1
2787445900097100091,3
2945606900000000826,0
2796212800716100115,3
2707737900134100133,2
2707604800221100102,0
2787445900798100050,3
2795903600300100156,1
2656144900532100154,3
2787445900248100047,3
2795584800413100183,0
2946331700000001528,0
2796212800461100025,4
2787889600127100088,0
2946331700000018412,0
2787445900051100136,0
2787445900127100087,2
2656143800416100047,2
2795584800129100078,4
2795584800458100128,3
2656144900221100097,0
2787445900302100036,4
2795584800449100136,4
2787445900396100210,3
2796212800529100128,4
2795903600032100231,4
2787445900248200033,3
2707737900099100117,2
2795903600268100239,2
2787445900396100208,0
2787889600397100053,3
2787445900124100012,2
2787445900932100027,3
2795584800353100089,3
2656144900113100021,3
2707604700082100018,2
2787445900625100013,2
2656144900516100236,2
2787889600131100082,3
2787445900169100259,1
2795584800492100073,0
2656143800027100253,2
2796212800537100108,4
2656144300062200075,3
2656143800216100204,2
2795903600518100124,1
2656144900191100019,3
2787445900753100144,3
2795584800476100196,3
2787889600312100154,4
2946331700000001714,3
2795903600032100130,1
2795903600616100081,3
2787445900322100195,2
2707604700250100199,4
2796212800921100212,1
2796212800980100325,4
2796212800295100247,3
2787445900201100040,2
2946331700000003172,1
2787889600129100208,4
2795903600115100200,1
2707737900059100053,0
2707604700070100021,4
2787445900681100244,4
2707604000055100295,0
2795103300196100077,4
2707604800101100085,0
2656144900540100204,2
2787445900732100051,0
2795584800442100068,1
2795903600570100094,0
2656144900140100117,3
2795103300165100050,0
2787445900225100102,3
2787889600450100096,1
2787889600353100174,2
2795903600347100196,1
2795903600438100226,3
2787445900425100232,3
2795584800705100012,1
2795103300178100117,4
2796212800457100064,4
2787889600410100270,1
2795103300183100208,4
2795103300346100265,0
2656144300193100082,3
2787445900805100011,3
2795584800449100028,1
2787445900580100037,3
2795103300145100121,0
2787445900290100181,3
2787445900285100287,1
2787445900583100016,3
2656143800393100200,3
2787889600482100155,3
2726543700226100102,1
2796212801107200032,0
2787445900787100116,0
2656144900193100079,0
2787445900290100144,3
2707604700271100168,4
2656144900559100090,1
2795584800225100281,1
2656144900167100066,2
2787889600480100184,4
2946331700000017494,2
2656144900217100036,2
2656144900183100031,2
2787445900253100272,2
2707604000083100028,1
2796212800427100092,2
2795584800476100231,4
2707604000153200053,3
2787445900228100017,4
2707737900047200090,2
2796212800592100013,4
2656144900503100238,2
2787445900695100111,0
2946331700000020414,2
2656144900558100030,2
2795103300156100227,3
2796212800364100281,0
2707604800363100213,4
2945606900000003434,2
2795584800160100211,3
2787445900364100174,2
2787889600169100049,3
2707604800143100076,1
2707604700083100295,1
2656143800152100050,3
2787445900762100101,2
2787445900719100067,4
2707604000101100108,2
2787445900653100023,4
2796212800365100048,1
2656144300188100131,3
2787445900586100089,3
2707604800445100222,4
2795584800655100123,4
2656143800368100049,1
2787445900437100020,0
2707604700295100104,0
2946331700000011070,2
2946331700000015799,2
2795584800476100135,3
2795903600670100044,4
2787889600388100023,4
2787889600451100054,3
2795903600168100312,0
2707604700067100211,4
2795903600266100045,3
2796212800790100101,4
2787889600450100242,0
2787445900716100043,2
2707604700223100124,4
2795584800388100078,4
2795584800352200043,3
2787889600130100224,1
2946331700000004780,3
2707604800055100036,3
2707604000055100067,0
2795103300157100127,1
2707737900119100055,2
2707604800242100219,4
2787445900297100021,4
2787889600582100227,2
2795103300119100107,1
2656144900641200190,0
2796212800109100154,0
2787889600444100034,2
2787445900698100107,2
2946331700000001546,3
2656144900325100251,2
2787445900389100164,4
2796212800423100067,4
2656143800468100032,0
2946331700000001987,4
2796212800849100145,3
2796212800456100209,2
2795903600590100141,0
2795903600301100098,3
2787889600386200022,2
2707604700067100018,0
2795903600434100226,1
2707737900048100136,3
2787445900657100166,0
2795584800494100090,4
2707604800118100062,3
2707604800103100030,0
2946331700000018286,2
2787445900280100070,2
2787889600316100144,4
2946331700000003151,4
2656144900211100030,3
2787445900726100200,2
2726562800098100215,4
2656143800156100034,4
2787889600480100084,4
2795584800101100247,2
2795903600372100136,3
2726543700173100052,2
2796212800593100256,3
2795584800172100184,1
2795584800160100192,3
2787445900285100078,0
2707604000126100086,1
2787889600412100122,1
2787889600413100206,4
2787445900425100025,0
2656144900590100199,0
2795584800241100080,2
2796212801137100119,3
2945606900000005140,1
2795584800448100140,4
2787889600349100026,3
2795584800386100024,2
2795903600114100248,3
2707604800283200132,1
2707604700366100054,2
2787445900126100116,1
2787445900584100046,1
2726544600030100115,2
2787445900696100046,4
2656144900209100046,4
2945606900000006469,4
2656143800129100204,1
2796212800681100042,4
2787445900805100063,0
2795584800462100126,1
2795584800454100219,2
2707604700388100111,1
2707604700389100279,0
2656143800104100265,0
2707604800425100279,2
2795903600194100175,3
2795903600143100140,3
2787889600315100143,0
2795584800376100182,0
2707604000068100023,3
2787445900861100095,2
2795903600589100248,2
2787889600243100110,2
2796212800407100045,0
2946331700000002701,0
2707737900074100088,4
2787889600387100167,0
2787445900396100064,0
2787445900364100033,1
2787445900363100032,4
2656144900377100277,3
2656144900218100117,4
2707604700226200047,3
2795103300162100262,4
2656144900314200143,1
2707604000042100154,0
2796212800442100059,4
2795103300074100151,1
2796212800882100157,1
2726562800140100045,4
2796212800626100079,3
2707604800364100129,2
2787889600024100105,2
2656144900088100027,3
2787889600380100031,4
2795103300181200062,4
2707604700340100165,4
2795903600401100225,1
2796212800343100066,1
2726543700434100191,0
2796212800554100257,0
2707604800361100084,0
2787889600314100198,2
2707737900100100056,1
2787445900228100112,0
2795903600453100084,0
2787445900619100144,1
2795584800204100181,0
2707604700107100047,3
2796212800919100045,0
2795103300382100123,4
2795584800674100123,1
2707604000155100023,2
2946331700000008512,2
2787445900322100067,1
2707604000069100023,1
2787445900225100051,1
2787445900621100323,4
2656144900557200093,1
2656144300102200009,2
2656143800153100075,1
2787445900426100101,0
2656144900085100209,2
2787445900499100028,1
2707604000107100089,4
2787445900660100214,2
2726562700215100269,2
2656143800154100245,0
2707604700198100018,4
2796212800487100095,0
2656144900369100158,0
2787889600360100224,2
2787445900799100044,1
2787445900656200007,3
2787445900170100032,2
2945606900000001604,3
2796212800716100201,0
2707604700060100110,4
2787445900362200146,2
2787445900013100083,2
2787445900204100037,1
2796212800456100018,1
2796212800463100101,2
2795103300233100150,4
2707604700037100112,0
2795584800412100034,4
2795584800140100021,1
2707604000125100019,1
2796212800888100200,0
2795103300382100256,3
2796212800789100056,2
2707737900120100135,4
2787445900252100213,2
2707604800121100064,1
2707604800039100009,0
2707604700271100251,1
2726544600055100014,2
2787889600386100190,2
2656144900088100089,1
2787445900172100091,3
2787889600522100076,1
2707604000085100151,3
2707604800403100232,3
2795903600057100037,3
2787445900336100117,1
2787445900624100123,3
2795903600694100230,0
2795103300402100043,3
2796212800888100079,4
2707604000069100107,1
2795584800185100279,1
2795584800422100171,4
2787445900095100015,1
2656144900557100103,2
2795584800493100096,4
2787445900822100028,2
2787889600316100224,2
2795903600613200010,0
2795903600454100132,4
2796212800978100213,3
2787445900285100072,4
2795584800391100138,2
2787889600023100065,1
2787889600311100164,2
2946331700000020273,3
2795903600355100101,3
2795903600353100108,1
2726543700227100336,3
2946331700000020243,1
2787445900134100265,0
2656144300172100160,1
2656143800029100074,2
2945606900000003462,1
2707737900144100133,3
2707604700014100024,2
2796212800849100289,2
2787445900398100113,2
2796212800365100159,1
2796212800552100092,3
2656143800214100131,3
2796212800408100181,2
2787889600478100231,3
2787445900252100057,2
2795584800238200179,0
2795903600322100135,1
2946331700000013053,1
2946331700000020448,3
2946331700000004350,1
2707737900046100034,3
2945606900000008676,4
2707604800384100097,3
2795903600089100136,2
2796212800463100111,4
2787889600409100142,1
2796212800339100029,3
2796212800945100234,2
2726543700239100036,4
2707604000109100213,1
2656143800242100126,2
2787889600279100217,1
2946331700000004910,2
2787889600412100064,2
2787445900657100216,4
2707737900102100081,0
2946331700000015080,3
2787445900324100313,3
2787445900760100109,0
2707604700319100153,3
2707604700247100067,2
2945606900000016660,0
2946331700000001574,0
2795584800362100019,4
2787889600407100199,0
2946331700000014341,2
2795103300367100069,1
2795903600640100191,1
2787445900512100028,4
2787445900687100090,3
2656144900533100092,3
2795103300125100103,3
2707604700339100171,2
2946331700000010663,4
2707604700389100157,0
2796212800697100145,2
2796212800585100134,2
2787445900255100031,1
2707604700316100111,2
2795103300267100083,2
2656144900190100255,2
2656144300195100043,2
2707604700343200218,2
2795103300197100230,1
2787445900432100113,1
2946331700000019946,3
2656144900542100210,3
2707604000086100071,3
2656144900370100020,4
2787445900390100163,1
2787445900097100218,2
2787889600279100077,4
2787445900426100072,4
2656144900211100121,0
2707604000123100275,4
2795584800670100065,0
2945606900000003289,3
2707604000087100137,3
2946331700000017226,4
2787445900261100101,0
2795584800391100182,3
2656144900643100022,1
2787445900621100073,4
2787889600406100141,3
2656144300146100117,3
2796212800887100097,3
2707604700250100273,3
2787445900170100224,4
2707604700107100212,4
2787445900201100067,1
2656144300212100035,3
2707604000111100101,2
2707604000055100308,0
2787445900788100045,1
2707604000139100261,4
2795903600210100077,1
2795584800708200047,2
2795584800090100054,2
2796212800593100201,0
2787889600408200105,0
2796212800450100113,4
2656144300102100202,0
2656144900217100114,4
2787889600277100130,3
2946331700000012429,4
2787445900095100051,2
2787889600313100123,3
2656143800415100018,0
2795103300367100270,1
2707604700388100039,4
2787445900718100215,3
2707604800162100138,3
2787445900303100103,2
2707604800339100147,4
2707604000042100020,4
2796212800593100141,1
2707737900147100238,1
2787445900658100057,1
2787889600444200032,3
2787445900635100076,4
2726544600431100024,4
2945606900000008091,1
2707604800083100021,3
2656143800444100137,3
2787889600316100173,0
2656143800418100205,3
2796212800296100103,0
2707604700270100051,0
2946331700000011600,1
2946331700000011498,2
2656144900352100053,4
2946331700000005379,3
2656144900535100137,1
2796212800789100202,1
2946331700000009388,2
2796212800296100080,3
2787445900793100057,4
2787445900581100149,3
2796212800887100065,3
2945606900000001648,4
2707604700367100020,2
2707604000085100241,4
2707604700080100044,4
2707604700388100075,3
2795584800449100102,2
2787445900720100012,4
2707737900090100167,2
2795103300063100186,4
2796212801009100122,2
2726562700238100128,3
2795103300376100158,3
2787445900248100174,2
2795584800349100126,2
2656143800217100148,3
2656143800055100014,0
2795584800081100241,2
2787445900232100026,3
2946331700000010670,2
2945606900000028625,1
2656144300036100030,1
2795584800413100059,1
2795584800494100080,2
2946331700000006237,4
2707604000085100204,3
2787889600405100177,3
2795903600184100163,0
2787445900897100133,3
2787889600132100188,3
2795584800161100197,4
2707737900103100028,2
2946331700000000284,0
2946331700000017689,1
2656143800418100078,4
2726543700196100153,2
2795903600518100091,1
2946331700000018939,2
2795903600464200107,1
2707604700069100124,3
2656143800418100120,4
2796212800522100026,3
2796212800175100141,2
2796212800365100219,1
2796212800922100128,4
2795584800225100224,2
2656143800052100158,1
2796212800386100109,3
2656144900591200039,1
2787445900097100255,4
2787445900544100110,2
2787889600314100106,0
2795903600437100221,4
2787445900549100158,2
2796212800238100173,3
2707604800059100194,0
2707737900121100149,1
2787445900402100032,1
2795103300087100069,1
2946331700000008780,4
2946331700000022308,3
2656144900591100172,2
2787445900088100032,1
2787445900162100126,2
2707604000095100114,1
2707604800383100031,1
2787445900365100104,3
2656144900351100023,0
2787445900549100198,2
2945606900000009921,4
2707604000025100082,0
2707604800034100236,1
2795903600518100128,2
2707604000071100175,1
2656144900377100070,1
2656143800415100109,1
2787889600442100063,0
2787445900360100025,1
2795584800411100230,3
2795903600409100079,2
2946331700000017596,1
2796212800855100297,2
2795584800412100176,3
2656144300188200034,1
2787445900051100084,3
2787445900426100045,0
2945606900000017130,4
2795584800241100259,2
2795584800447100238,1
2707604700342100122,2
2795903600613100082,3
2656143800155100023,2
2787889600242100123,3
2787445900238100043,1
2796212800978100022,3
2656144900211100080,2
2787445900617100071,1
2795903600267100112,1
2796212800271100130,4
2726544600430100022,3
2707604700129200045,4
2945606900000016615,4
2795903600438100181,1
2707604700247100028,4
2795903600588100112,3
2726544600457100040,4
2656143800027100046,2
2707604700295100041,3
2707604700037100080,0
2795103300120100313,3
2795103300367100163,4
2787445900635200041,1
2787889600230100054,4
2787889600452100034,4
2795584800740100020,1
2656144900421100049,3
2787445900200100188,4
2726562800261100018,2
2656144300123100092,0
2726562800279100145,4
2787889600405100189,1
2707604700225100057,2
2795103300120100312,1
2787889600280100079,0
2787889600388100063,4
2707604700094100151,0
2656144900209100024,0
2787889600276100052,1
2787445900089100039,1
2726544600219100135,3
2787889600388100027,0
2656144300125100066,4
2787445900322100096,4
2656144300210100079,3
2656143800442100176,0
2787889600353100134,0
2656143800267100119,1
2707604700248100207,2
2787445900097100194,4
2656144900509200029,1
2707604800364100214,1
2795903600410100164,2
2787889600279100182,2
2795103300148100180,0
2656144300174100055,2
2795584800241100160,2
2787445900861100049,1
2656144900086100036,1
2796212800430100251,3
2787445900622100095,4
2796212800922100019,4
2787445900692200021,4
2787445900387100239,1
2656144900209100174,4
2707604800199100180,4
2795584800253200009,0
2796212800944100120,4
2796212800399100132,2
2796212800914100062,1
2787445900126100043,1
2787445900206100245,2
2656144900582100180,4
2787889600348100014,1
2787889600060100044,2
2945606900000003585,0
2796212800111100103,2
2796212800947100153,0
2787889600355100025,1
2795903600428100037,2
2656143800153100102,2
2787889600361100093,2
2795103300120100317,4
2796212800980100160,1
2707737900034100123,1
2787445900251100044,3
2796212800759100219,3
2787445900247100094,0
2656144900530100252,3
2796212800914100146,2
2795584800459100112,0
2787445900254100210,1
2656144900531100064,4
2787889600317100172,4
2945606900000005264,0
2945606900000002962,1
2946331700000016189,1
2787445900787100023,3
2707737900074100107,1
2795903600641100143,0
2656143800104100155,2
2795903600454100089,0
2656144900616100026,4
2796212800175100064,3
2707604700389100182,0
2796212801010100245,3
2796212800979100102,0
2796212800627100070,1
2795103300331100022,1
2787889600580100159,2
2656144900556100063,4
2796212800239100191,3
2656144900085100136,0
2795584800381100163,2
2787889600383100148,4
2707604700091100094,2
2656143800419200064,2
2656143800104100317,1
2787889600313100231,0
2787445900862100098,1
2707604800322100160,2
2796212800627100141,2
2707604700251100058,2
2796212800792100033,4
2787889600024100214,0
2795584800493100063,0
2796212801042100117,3
2795584800203100141,0
2787889600168100104,3
2795903600322100214,3
2707604000095100056,3
2707604000124100114,2
2946331700000022231,4
2707604700092100156,3
2787445900130100099,2
2795903600347100266,3
2656143800217100138,2
2656144900641200126,0
2795584800672100195,0
2707737900049100193,4
2795584800276100019,3
2656143800239100044,0
2656143800444100119,0
2787445900798200119,0
2945606900000005083,4
2795584800352100080,4
2787445900774200023,2
2795103300378100040,0
2946331700000000125,1
2796212800561100084,2
2795584800450100198,3
2795903600379100167,2
2787889600409100157,4
2796212800109100150,3
2707604700202100120,4
2796212800849200098,3
2787445900126100115,3
2787889600097100017,3
2787889600230100032,3
2796212800529100216,1
2726543700497200037,2
2796212800419100185,4
2796212800978100121,0
2707604800299100021,2
2726562700257100043,0
2656144900563100093,0
2726543700401100222,3
2707737900086200147,1
2707604000124100158,3
2707737900099100188,0
2795584800087100221,2
2796212800397100261,3
2787445900755100112,1
2726562700215100157,1
2787445900583100230,2
2707604000041100135,3
2795103300367100037,4
2787445900200200058,0
2787889600312100244,0
2796212800519100058,0
2656144900314100181,1
2707604000139100228,3
2787889600432100028,1
2656144900209100104,3
2796212801018100056,1
2707604800082100212,2
2656144900141100122,1
2945606900000029420,4
2656144900235100233,0
2656144900113100019,1
2796212800355100068,4
2787445900292200023,0
2787889600195100180,0
2795584800103100138,3
2787445900715100150,4
2707604800142100021,3
2795103300096100086,3
2656144900371100168,2
2656144900191100188,0
2796212800176100308,4
2707604700342200088,0
2787445900242100210,4
2787445900162100133,2
2795903600641100193,4
2656143800242100085,3
2787445900896100036,3
2707604700060100017,3
2946331700000006029,4
2795584800226100077,4
2795584800090100073,0
2795903600615100051,2
2795903600517100056,3
2795584800379100079,1
2707604800141100090,0
2796212800849100228,4
2796212800789100198,1
2946331700000003012,3
2795903600349100059,1
2656144900185100120,2
2787445900824200051,0
2787445900254100099,2
2787889600130100121,2
2787445900441100073,0
2787889600349100087,4
2656144900639100150,4
2795903600371100109,2
2787889600093100312,3
2787889600580100057,0
2795584800446100151,0
2946331700000002881,4
2795584800344100072,4
2787445900510100083,1
2787889600195100026,1
2795103300127100139,1
2796212800821100031,3
2656144900085100067,1
2795103300331100139,4
2707604700317100157,1
2945606900000011838,4
2946331700000009204,3
2787889600023100297,3
2795584800161100119,4
2787445900462100125,2
2707604800342100056,1
2787445900262100029,3
2796212800914100233,3
2656144900113100059,2
2707737900062100140,1
2707737900112100126,4
2707604700082100045,0
2796212800945100322,0
2707604000071100243,1
2796212800487100153,3
2795584800130100086,1
2946331700000002943,4
2795584800483100029,3
2656143800164100061,3
2787445900753100089,4
2707604000154100091,0
2946331700000008417,0
2795584800412100210,0
2796212800593100290,4
2787445900788100079,1
2787445900291100132,0
2795103300119100183,1
2795103300445100103,2
2787445900209100117,4
2656143800416100040,4
2656144900515100080,1
2787445900365100121,2
2707604700227100110,4
2707604700226100041,0
2787889600582100128,3
2787445900823100112,2
2787445900463100156,4
2787889600484100030,1
2946331700000002056,2
2796212800913100230,3
2787889600360100108,4
2707604800343100161,1
2707604800013100108,3
2656144900378100026,4
2946331700000004973,2
2707604700364100154,4
2795584800238100221,1
2796212800822100098,3
2787889600478100141,2
2707604000055100092,2
2795903600515200029,3
2656143800103100093,2
2787445900545100165,4
2707604700362100146,4
2946331700000017356,2
2795584800127100128,0
2787889600419100030,0
2707604800425100153,0
2787445900395100107,4
2795903600379100095,4
2707604700108100253,3
2795103300160100024,3
2796212800823100060,2
2726562800059100205,2
2796212800855100139,0
2656144900112100212,2
2787445900173100041,4
2707604800143100254,4
2796212800780100164,2
2787445900725100117,1
2946331700000020105,3
2787889600618100047,2
2656144900352100082,1
2787889600094100279,2
2707737900007100256,0
2656144900530100243,1
2795584800713100062,0
2787445900254100097,2
2787889600315100058,4
2707604000071100197,4
2795584800385100115,1
2707737900102100026,3
2796212800553100213,4
2795903600348100067,0
2656144900555100112,1
2707604700273100091,3
2795584800454100256,4
2795584800174100034,0
2787445900324100156,2
2787445900267100193,3
2796212800684100065,4
2787889600584100100,1
2707604700084100145,3
2707604800383100252,3
2795584800381100201,2
2726543700142100084,2
2787445900428100033,0
2787445900692100045,2
2795584800584200041,3
2656144900582100256,0
2707604700341100104,2
2707604700083100181,1
2946331700000002928,0
2796212800946100233,0
2795903600031100202,3
2795584800711100162,1
2707604700389100195,0
2796212800888100157,3
2795584800345100081,1
2787445900360100061,0
2796212800398100084,3
2787445900285100271,2
2707604800425100142,1
2656143800467100019,1
2656144300211100188,4
2796212800880100173,3
2796212800920100164,2
2796212800882100065,0
2656143800419100055,2
2787445900760200114,4
2795584800086100122,4
2787445900327100067,0
2946331700000017324,4
2795584800419100162,1
2796212800822100056,2
2787889600361100107,2
2726543700194100044,2
2707604800141100233,4
2707737900133100157,0
2795903600437100058,2
2787445900163100132,3
2946331700000000665,3
2707604700059100078,4
2726562700098100082,1
2787445900898100111,2
2795903600463100194,4
2787445900050100134,2
2795584800166100035,0
2656144300169100083,3
2795903600563100188,2
2707604800144100017,4
2787445900328100064,4
2796212800625100214,0
2707604000138100068,2
2787445900172100084,4
2946331700000018324,3
2945606900000006421,3
2787889600379100080,0
2787445900823100092,2
2796212800553200125,1
2946331700000010728,1
2946331700000017318,2
2795903600346100205,1
2707737900047100008,0
2795584800416100142,0
2656144900609100183,0
2787889600378100091,4
2787889600444100248,3
2656144900516100033,4
2656144900635100073,0
2795903600159100064,0
2795903600590100039,1
2787889600282100136,2
2707604800014100021,2
2787445900195100061,1
2707604800079100073,2
2787889600584100162,4
2707604800143100301,2
2795903600322100204,2
2787889600487100038,2
2787889600449100032,2
2946331700000020192,0
2656143800416100121,1
2656144900530100071,0
2787889600409100136,1
2796212800980100212,3
2787445900807100022,0
2656144900642100151,0
2787445900230100154,1
2656144900557100072,4
2945606900000011723,3
2787889600485100085,1
2656144900237100124,4
2707604700108100260,4
2787889600449100056,1
2707604800102100133,1
2656144900210100051,2
2795584800418100082,2
2787889600094100056,2
2787445900353100117,1
2946331700000003302,4
2656144900323100254,0
2656144900323100224,2
2707604800423100115,2
2795584800137100109,1
2787445900131100144,1
2787445900389100202,2
2796212800882100352,1
2787889600059100160,0
2795584800389100090,3
2787445900265100130,4
2707604700130100181,1
2796212800627100117,3
2795103300332100203,3
2795584800202100076,2
2787445900325100206,3
2795584800226100153,0
2787445900548100210,4
2787445900210100028,2
2726562700215100205,3
2787445900797200064,1
2707604700410100019,3
2707604800079100127,2
2945606900000014558,4
2707604800012100008,2
2787445900285100229,3
2796212800882100229,0
2707737900100100158,1
2787445900587100066,3
2787889600231100319,1
2796212800945100102,2
2787445900686100188,3
2656144300086100193,0
2795584800450100146,4
2795584800168100157,0
2796212800430100230,0
2707604700156100056,3
2787445900583100201,4
2656144900110100189,1
2787445900402100022,3
2726543700538100148,3
2656143800468100203,3
2726544600431100105,4
2787445900053100072,3
2656144900558100063,3
2787889600094100035,4
2787445900724100037,0
2787445900625100146,4
2787445900250100130,0
2795103300230100016,1
2796212800264100110,1
2795903600453100052,3
2707604800034100030,3
2787445900624100141,3
2787889600094100228,2
2787445900437100097,3
2796212800356100047,3
2787445900698100019,3
2707604800035100111,2
2787889600405100262,0
2787889600443100146,3
2707604000153100184,1
2656143800054100051,0
2707604800119100170,2
2787889600231100108,3
2707604700063100177,4
2787445900804100135,2
2656144900396100015,3
2796212800388100187,3
2796212800485100033,3
2787445900399100076,4
2787445900207100045,2
2787445900715100162,1
2945606900000005006,0
2795903600349100092,1
2726544600273200013,1
2656144900615100219,2
2787445900402100051,4
2656143800190100061,1
2796212800946100256,1
2795584800189100126,4
2787889600446100041,3
2707604800385100203,4
2787889600301100030,2
2707604700131100087,0
2656143800103100063,0
2795584800418100125,1
2795903600346100138,4
2796212800600100219,4
2795584800412100226,4
2795584800204100209,3
2787445900620100087,0
2796212800561100246,0
2796212800423100040,0
2795103300145100127,1
2946331700000006978,0
2707604800384100110,2
2656143800394100142,0
2787889600279100240,1
2787889600195100160,0
2796212800431100240,4
2946331700000011054,0
2787445900896100233,4
2707604700226100081,1
2707604000085200113,3
2795103300381100284,2
2796212800657100043,0
2656144900565100156,3
2787889600266100092,4
2796212800297100156,4
2656144900165100167,1
2796212800882100193,0
2945606900000005080,4
2787445900290100191,2
2707737900133100071,3
2946331700000018516,3
2795103300382100194,2
2946331700000000678,2
2796212800792100241,4
2787445900618100098,3
2787445900094100074,0
2656144300188100135,1
2707604700250100107,1
2787445900544100118,1
2946331700000014482,2
2656144300171100041,2
2795584800224100074,0
2787889600441100176,1
2787445900437100053,0
2707604800055100067,4
2656144900372100081,1
2795584800413100082,0
2795584800136100189,4
2795584800017100073,4
2787445900789100205,2
2796212800355100124,4
2946331700000020283,4
2787889600231200090,4
2796212800946100284,2
2707737900147100218,4
2707604700271100136,0
2795903600354100080,1
2656143800052100097,0
2787445900265100059,2
2707604800425100074,1
2787889600523100074,1
2796212800328100098,4
2795103300232100120,4
2656143800078100256,4
2787889600414100171,3
2796212800046100161,0
2795103300267100029,2
2707604700177100040,3
2707604700271100311,3
2795903600616100063,2
2656144900584100151,2
2946331700000003300,4
2946331700000003208,4
2787445900245100152,4
2796212800595100096,2
2787889600387100019,4
2795584800435100204,0
2796212801010100018,4
2795584800088100011,1
2787445900546100109,3
2795903600320100064,2
2946331700000010656,0
2787889600317100098,0
2796212800295100034,0
2787445900876100003,3
2787889600127100176,1
2656144900325100207,2
2795903600294100147,2
2796212800364100180,0
2707604800058100079,0
2795103300344100214,0
2787445900358100146,2
2707604700059100090,0
2707604700092100290,3
2707737900076100027,4
2707604700116100020,4
2795584800237100138,3
2787889600396100108,3
2787445900660100104,4
2787445900288100242,3
2787445900364100179,3
2946331700000015862,0
2787445900463100036,0
2796212800889100168,4
2795103300088100150,1
2707604700248100186,2
2787889600230100272,1
2707604700250100283,3
2707737900035100070,3
2787889600412100156,1
2656144300211100126,1
2946331700000003534,4
2707604700362100129,0
2795103300120100144,0
2796212800109100042,2
2707604700068100033,3
2946331700000020146,2
2787889600479100028,3
2945606900000017121,2
2795103300179100161,4
2796212800295100086,2
2945606900000014636,2
2787445900656200131,1
2787445900226100204,4
2795584800384100257,2
2795103300346100246,1
2787889600060100077,4
2656143800216100133,3
2787445900323100118,3
2787889600129100078,0
2787445900623100048,0
2795584800089100161,4
2795103300346100289,0
2787445900826100009,2
2726544200026100175,3
2795103300268100072,3
2795903600491200037,2
2796212800625100295,2
2787445900620100233,3
2945606900000003759,3
2946331700000013083,1
2946331700000016051,1
2707604000070100198,3
2787889600482100147,0
2945606900000001874,3
2707604700069100159,1
2656144300125100079,0
2656144900314100067,0
2795584800398100095,4
2787445900265100296,4
2787889600481100179,4
2787445900726100287,2
2787445900351100073,2
2707604700104100066,4
2787889600094100023,2
2946331700000010492,0
2787889600061100027,0
2707737900034100153,3
2796212800980100276,0
2795903600349100051,2
2796212800399100109,0
2707604800240100022,2
2787445900094100143,4
2787889600127100032,4
2656144900139100232,2
2787889600396100026,3
2945606900000007993,2
2656144900111100285,4
2707604700092100300,1
2795584800412100193,2
2656144900212100090,4
2795103300195100284,3
2795903600401100121,4
2795584800511100042,0
2787445900243100030,1
2787445900202100061,0
2946331700000022386,3
2726542200027100086,2
2795584800240200158,1
2796212800363100236,1
2707604800341100175,1
2795103300447100274,0
2795103300145100343,3
2795584800188100277,0
2787889600544100140,0
2656144900289100211,2
2707604000067100058,1
2787889600478100185,4
2796212800080100018,1
2787445900821100145,4
2707737900089200051,0
2787445900719100029,2
2796212800617100009,3
2656144900111100294,2
2787445900723100162,0
2945606900000014513,2
2795584800639100140,0
2787445900619100052,4
2787889600166100025,0
2795903600669100153,4
2707604700044100041,2
2787445900622100096,0
2787889600406100073,1
2656144900111100129,0
2787445900621100304,3
2946331700000022166,4
2796212801050100028,1
2795903600354100173,0
2787445900131100077,3
2656143800080100205,4
2795584800163100102,4
2795584800449100183,3
2795103300332100065,4
2795584800713100117,2
2796212800553100039,1
2787889600350100266,1
2796212800812100072,2
2707604700094100140,4
2796212800821100152,1
2656144900515100215,4
2796212800295100043,3
2656143800052200085,0
2796212800420100106,2
2796212800625100259,4
2656144900217100111,2
2795584800172100130,3
2707604800360100107,1
2946331700000012764,0
2656143800027100179,1
2796212800398100110,0
2707737900048100228,1
2945606900000006347,2
2656144900541100283,1
2707604700094100196,0
2946331700000012697,4
2796212800593100063,2
2707604800405100081,0
2795584800701100074,0
2787445900253100203,1
2656144900238100084,2
2787445900754100069,1
2795103300347200110,1
2945606900000001974,0
2787445900396100203,2
2796212800952100106,0
2795584800203100229,2
2946331700000010782,0
2707604000110100019,1
2726544600405100096,2
2795584800450100076,1
2726562700298100134,4
2707604000056100217,4
2787889600267100014,4
2787445900224100201,3
2656143800214100038,0
2726543700466100088,2
2656144900635100149,0
2707604800058100096,4
2795903600112100070,3
2796212800264100108,2
2945606900000000572,2
2795584800222100031,4
2656143800077100029,4
2946331700000016260,1
2796212800880100067,0
2787889600093100257,1
2946331700000000664,2
2795584800166100182,1
2707604800241100041,3
2795903600194100041,1
2945606900000018159,2
2707604000109100025,0
2946331700000013295,4
2796212800210100126,2
2787889600312100274,0
2707604800341100137,0
2787889600355100079,0
2656144900503100206,0
2707604700035100019,2
2795903600669100212,0
2726562800258100105,3
2787889600546100097,4
2796212800715100159,2
2787445900718100196,2
2795903600435100030,0
2707604000040200169,0
2656144900504100170,3
2707737900100100230,4
2946331700000015672,3
2707737900062100244,0
2707604700058100182,3
2726544600245100298,0
2795584800086100119,1
2795584800436100303,3
2656143800192100137,4
2787445900584100130,1
2796212800232100166,1
2707604800014100240,0
2656143800392100281,4
2707604000027100015,2
2795584800125100087,2
2707604800143100139,3
2946331700000002516,2
2707604700199100046,1
2946331700000006518,0
2656144900185100079,3
2656144900085100059,1
2656144900421100083,1
2707737900008100115,0
2707604800199100173,0
2946331700000002071,2
2795584800413100228,4
2796212800593100137,2
2656144900112100033,2
2707604800219100169,3
2946331700000005061,1
2795584800446100124,2
2707604800340100075,0
2796212801010100253,0
2795903600589100275,4
2787445900207100232,4
2707737900034200090,4
2787445900402100112,3
2787445900550100022,2
2656143800027200224,3
2787445900326100061,0
2796212800375100106,1
2795103300332100037,1
2796212800585100162,2
2707604700034200011,1
2796212800395100111,0
2787445900545100071,0
2707604700250100221,0
2787445900622100025,4
2946331700000003192,3
2707604700034100014,2
2787889600584100191,4
2707604000057100100,4
2795103300153100228,4
2707604700086100252,1
2656144900376200073,4
2707604700338100114,1
2787445900694100067,3
2656144900166100142,4
2787889600389100058,3
2726544200046100231,2
2795903600563100287,3
2787445900128100098,4
2787445900266200023,2
2796212800375100176,0
2787889600396100207,3
2707737900061100018,0
2946331700000004265,1
2707737900113100018,1
2787445900265100036,1
2707604000039100163,3
2707604800013100183,1
2946331700000013032,2
2795584800713100064,3
2795103300409100112,0
2656144900505100087,0
2656143800053100117,4
2707604700227100146,2
2946331700000010921,2
2946331700000017554,3
2707604800079100114,3
2656144900394100123,3
2796212800946100203,1
2707604800034100082,1
2726562700178100238,3
2656144900503100227,3
2796212801050100127,0
2707604800141100181,2
2796212800242100045,0
2787889600351100314,3
2795903600269100167,1
2656144300187100018,3
2787445900550100129,1
2726544600108100122,2
2656144300188100154,2
2707604700222100065,4
2796212800823100133,3
2795903600144100058,4
2787889600244100030,0
2656143800153100282,1
2945606900000014601,2
2707737900033100017,2
2795903600300100103,4
2787445900252100162,0
2945606900000001470,2
2795903600032100139,0
2707737900063100081,3
2656144300212100072,2
2796212800232100155,2
2795103300164100105,1
2707604700410100048,3
2796212800887100043,2
2795103300331100141,3
2946331700000018966,2
2787445900325100182,3
2787445900619100155,1
2726562700255100114,3
2787889600195100212,4
2707604700109100199,3
2787445900204100101,4
2796212800461200087,2
2795584800493100180,4
2787445900321100105,0
2945606900000016601,0
2795584800161100313,4
2795903600453100037,0
2796212800421100119,1
2656143800442200162,1
2656144900087100128,3
2787445900134100141,1
2787445900260100123,3
2795584800227100019,2
2707604700226200053,1
2787445900288100031,2
2707604800242100179,4
2796212801042200051,1
2787445900126100121,3
2656143800005200064,3
2787889600546100314,3
2787889600132100205,3
2795903600031100190,2
2787445900715100108,2
2656144900114100017,1
2656144900504100138,3
2787889600349100193,4
2796212800364200078,3
2787445900860100153,3
2656144900480100142,2
2795103300382100163,4
2946331700000017344,2
2787445900399100081,4
2787889600276100013,2
2656144900369100130,4
2946331700000013514,4
2656144900589100107,3
2795903600481100047,1
2726544600107200114,0
2726562800241100012,3
2796212800890100038,1
2795103300110100181,3
2707604700083100291,4
2707604800283100110,2
2787445900677100038,4
2946331700000013128,3
2787889600316100216,2
2796212800918100051,4
2795903600542100082,0
2795584800435100297,3
2707737900086100089,2
2787889600422100054,2
2795903600355100061,2
2787445900300100056,1
2656144900642100137,1
2707604700012100151,3
2796212800431100265,3
2656144900582100162,4
2656144900447100099,4
2707604000086200254,1
2796212800273100138,1
2787445900859100074,2
2795903600696100023,3
2795584800741100095,4
2787445900471100057,1
2795903600461100105,1
2707737900020100052,3
2946331700000004413,0
2796212800141100067,1
2726543700098100127,1
2787445900291100123,4
2946331700000022128,2
2795103300127100179,1
2707604700338100110,1
2795584800102100067,2
2795103300064100040,0
2787445900330200031,3
2946331700000004525,0
2787889600513100073,0
2707604700060100058,2
2795103300108100038,2
2787445900400100018,4
2787445900395100073,2
2787889600451100166,1
2795584800371100068,2
2656144900477100034,4
2787445900232100111,0
2795903600057100096,0
2707604800403100177,2
2796212800454200071,2
2707604000124100196,0
2707604800362100014,1
2795103300196100110,1
2795584800424100151,3
2795584800137100097,2
2795584800451100007,2
2707604700094100060,4
2707604800162100101,0
2787445900390100101,0
2787445900550100258,1
2726544600053100085,2
2796212800398100158,4
2656144900615100280,1
2796212800715100151,2
2707604700058100151,1
2795903600211100265,3
2787445900723100091,1
2796212800759100078,0
2656144900138100112,2
2796212800822100044,3
2946331700000013478,3
2656143800028100205,1
2787889600128100154,2
2656144900615100019,4
2796212801042100136,2
2787445900695100023,3
2945606900000028641,1
2656144300163100237,0
2656143800215100172,1
2946331700000008207,1
2707604700107100149,0
2787445900210100014,1
2795584800383100039,3
2795903600346100134,4
2726543700370100185,0
2795903600668100212,3
2787889600481100234,3
2787445900621100235,2
2726544600410100062,1
2787445900089100059,2
2707604000124100020,1
2787445900434100081,2
2707604700342100107,1
2787445900770100037,4
2787889600396100087,2
2796212800110100094,4
2656144900315100160,4
2726544200037200045,2
2787889600230100129,4
2787889600378100136,2
2945606900000016668,4
2796212800364100254,1
2796212800849100208,2
2796212800242100209,2
2796212800330100077,4
2707604700249100076,1
2945606900000016917,3
2795103300446100249,4
2656144300148100178,4
2787445900053200095,1
2787445900716100170,1
2795903600268100291,3
2656144900112100151,2
2787445900363100046,1
2796212800978100048,4
2707604000069100158,4
2795584800454100158,4
2796212800441100176,1
2787889600406100092,3
2787445900545200035,0
2795584800711100172,0
2656144900397100106,0
2707737900034100121,1
2795584800136100096,1
2726543700099100133,1
2796212800714200091,2
2707737900101100037,2
2787445900137100055,1
2787889600415100032,1
2656144900541100067,1
2726543700402100134,1
2787445900289100088,3
2787445900326100037,0
2787889600517100093,2
2726544600056100123,2
2787889600396200029,0
2707737900073100016,4
2787889600163100092,1
2787889600232100154,0
2795903600670100187,3
2787445900585100050,2
2795584800378200068,2
2796212800109100174,0
2707604700091100246,4
2796212801010100023,1
2707604800220100013,4
2787889600056100182,3
2946331700000012285,0
2946331700000003104,2
2796212800487200120,3
2795584800639100111,3
2795584800434100185,2
2787445900805100115,0
2707604800362100074,1
2787445900199100058,4
2787445900762100013,3
2707604000083100070,4
2656144900541100148,4
2787889600546100149,0
2726562700098100027,1
2787889600360100223,4
2656144900289100044,4
2787445900206100028,3
2796212801050100054,3
2795903600436100267,2
2946331700000006799,4
2796212800387100075,1
2787445900361100142,0
2796212800297100043,4
2707604700085100254,4
2707604000083100153,1
2795103300178100151,1
2656143800079100226,2
2787889600583100050,4
2795903600455100139,4
2796212800559100014,2
2787445900050100090,3
2795584800413100085,2
2707604800364100115,2
2787889600132100020,1
2795903600302100050,0
2787889600487100105,3
2796212800080100019,0
2656143800218100032,1
2795584800137100267,4
2707604700365100187,1
2795584800638100109,0
2656144900395100146,4
2707604000124200185,1
2787445900788100056,1
2796212800913100090,1
2795584800086100217,2
2656144900446100022,1
2656144300102100167,4
2787445900162200068,3
2796212800586100041,0
2787445900658100034,1
2795103300145100096,2
2796212800954100107,1
2795584800472100167,1
2726544200026100065,0
2795584800624100037,0
2656143800241100171,4
2795903600615100158,1
2795584800175100109,4
2787889600481100103,1
2707604800382100086,4
2707604000110100022,3
2656144900422100081,1
2656144900183100082,3
2787445900250100157,0
2796212801042100021,2
2726543700228100181,0
2787445900229100131,2
2796212800595100100,4
2795584800167100132,2
2787445900051100093,0
2707737900102100032,3
2795903600266100201,2
2656143800129100064,0
2787889600095100179,4
2787445900734100041,2
2796212800394100051,4
2656144900288100266,3
2787445900324100115,3
2796212800398100198,4
2656144900510100004,4
2656144900585100020,2
2787445900134100239,4
2795903600454100235,0
2707604700060100196,0
2945606900000003671,1
2796212800554100278,0
2787889600485200069,0
2656144300103100189,2
2707604700343100079,4
2946331700000002954,1
2945606900000014812,4
2787889600479100155,3
2946331700000017402,3
2787889600057100060,1
2707604700069100115,2
2707604700132100321,4
2656144300102100198,0
2946331700000001926,1
2707604700364100164,0
2787445900617200024,0
2707604700248100055,4
2656143800215100150,1
2787445900620100226,3
2656144900641100169,3
2795903600620100053,4
2787889600197100027,3
2795903600461100149,1
2787889600326100171,0
2787889600312100022,4
2656144900110100032,3
2787889600447100088,2
2946331700000006248,0
2795584800237100094,3
2795903600115100030,3
2656143800443100154,1
2787445900284100252,0
2796212800880100059,0
2656144900085100083,3
2796212800365100110,2
2787445900200100182,2
2946331700000003100,1
2946331700000021324,1
2795584800512100034,0
2796212800461100233,4
2787889600231100134,0
2795584800749100172,2
2795584800696100019,1
2946331700000020112,2
2656144300168100024,4
2796212800746100242,1
2787445900328100174,0
2787889600409100150,2
2656143800052200067,4
2946331700000014829,0
2795903600267200054,1
2787445900133100029,3
2946331700000012811,3
2787889600546100297,2
2787445900717100055,0
2787445900210100079,3
2796212800456100223,4
2787445900325100219,2
2795584800450100058,0
2795903600516100119,2
2795584800184100020,4
2795903600696100056,1
2795584800139100144,4
2795103300346100239,4
2787445900622100118,2
2795903600194100088,4
2796212800595100035,3
2707604700201100067,3
2946331700000004296,1
2787889600231100234,1
2787445900225100143,3
2656144900542100245,2
2796212800659100083,3
2796212800783100090,1
2946331700000014421,1
2787445900391100109,4
2787445900752100181,3
2787445900750100094,0
2656143800190100124,4
2787445900170100231,2
2656144900617100113,1
2707604800280100011,0
2795584800202100134,4
2945606900000001942,2
2945606900000008074,1
2707737900063100045,2
2787889600351100169,1
2787889600481100084,2
2796212800953100013,0
2795584800696100219,4
2796212800716100181,4
2787889600163100026,0
2787445900550100185,3
2795903600438100042,2
2656143800028200185,0
2787445900298100030,0
2795903600167100157,4
2707604800013100163,4
2656144900086100088,1
2707604700037100127,0
2795903600463100205,4
2787889600382100037,3
2656144900351100279,0
2787445900761100024,1
2796212800715100169,3
2796212800879100121,1
2787889600433100116,4
2787889600617100185,3
2787445900262100065,4
2796212800461100225,1
2707604700106100129,0
2787445900360100123,3
2795903600481100068,2
2795103300344100210,1
2707604000054100131,1
2796212800562100106,3
2795903600544200060,0
2795103300332100030,3
2795584800589100125,0
2656143800128100017,0
2707604000110100203,3
2707604700272100156,4
2795903600031100177,2
2796212800664100186,1
2795584800588100034,4
2787889600277100054,3
2787889600095100121,2
2945606900000029531,3
2787889600450100232,3
2707604700390100073,0
2787445900693100023,3
2795103300233100072,2
2787445900400100148,1
2787445900226100033,4
2795103300400100174,1
2707604700086100238,3
2796212800494200034,2
2707604700044100127,1
2707604700091100092,2
2707604700084200064,0
2707604700366100214,0
2787889600055100044,2
2707604800143100337,4
2726544600028100160,3
2796212800422100057,0
2787445900502100020,2
2796212800756200038,1
2796212800238100207,1
2787445900358100094,3
2795584800391100090,1
2796212800418100022,1
2707604700155100038,1
2795584800353100199,2
2707604700133100099,0
2795103300233100258,4
2795903600438100298,3
2726544600431100063,4
2795903600454100196,2
2795584800416100124,3
2656144900113100206,1
2795903600115100122,0
2796212800667100273,1
2707604800383100170,4
2795903600669100297,0
2726543700464100188,4
2787445900688100093,4
2787889600412100086,0
2707604800034100286,4
2787445900581200027,3
2707604700068100243,2
2787445900357100080,2
2945606900000005334,2
2656144300186100045,1
2795903600570100068,0
2787889600413100137,1
2787889600057100160,1
2796212801008100053,1
2795584800173100264,2
2796212800980100248,1
2795903600401100113,1
2795903600353200105,3
2787445900204100050,1
2795903600374100028,4
2656144900563100121,4
2787445900337100027,0
2946331700000020347,4
2796212800439100064,0
2796212801012100064,4
2787889600444100216,4
2656143800054100156,3
2787889600347100126,2
2707604800219100172,0
2787445900695100107,4
2656143800242100162,2
2656143800052100222,2
2787889600373100086,0
2707604700250100319,1
2787445900164100094,1
2707604800142100058,4
2796212800635100072,1
2795903600194100139,1
2787445900821100164,4
2656144300125100179,1
2656143800154100152,4
2787889600443100263,0
2787889600229100102,0
2656144300170100090,0
2787445900387100064,4
2787445900582100036,2
2787889600456100029,1
2795584800381100069,3
2787445900353100101,4
2787889600245100078,2
2795584800125200038,4
2795103300163100231,1
2795903600517200076,0
2795103300127100120,2
2787889600267100112,1
2796212800632100120,3
2707604000136100065,4
2787889600091100011,1
2707604700227100029,0
2795903600455100171,0
2787445900620100253,2
2787889600166100141,3
2796212800945100155,1
2796212801050200059,3
2707604700091100170,0
2707604700036100158,1
2707604000040100253,4
2656144300147100030,4
2796212800657200009,1
2787889600486100091,1
2796212800650100010,4
2787445900351100038,3
2656144900529100118,4
2656144900186100123,4
2787889600360100197,4
2787445900207100059,2
2795903600616100113,4
2787445900250100184,2
2787445900244100077,1
2707737900134200082,3
2787445900760100097,0
2795584800189100182,2
2656144900325100108,2
2787445900659100056,4
2795103300400100052,2
2787445900770100020,1
2787889600422100176,0
2707604000085100209,0
2796212800882100083,2
2796212800882100105,2
2795903600267100238,0
2795584800348100087,3
2656143800469100187,2
2656144300147100033,0
2707604800014100084,4
2946331700000008218,0
2707604000155100066,1
2787889600314100176,2
2787445900301100029,4
2787889600134100031,4
2795903600428100079,0
2707737900099100108,4
2787889600411100089,1
2707737900132100020,3
2787889600581100124,3
2787445900328100068,1
2726543700227100078,2
2787889600129100087,4
2945606900000002040,4
2656144900564100021,2
2707604800103100083,3
2946331700000008386,1
2795903600454100124,2
2787889600231100297,4
2796212800529100125,2
2796212800954100029,0
2656143800003100123,0
2787889600313100176,1
2795903600613100078,2
2787889600094100218,0
2946331700000003590,1
2787889600486100113,2
2656144900327200061,3
2656144900535100189,0
2795903600220100034,2
2707604800382100113,4
2795584800436100321,4
2656143800052100227,0
2795584800419100238,4
2707737900112100028,4
2707604700067100194,3
2707604700083100228,0
2795584800089100218,2
2796212800537200010,3
2796212800408200068,0
2707604700227100068,4
2726544600435100028,0
2795584800485100054,2
2795584800130100205,3
2795103300198100171,3
2707737900063100163,4
2787445900585100216,3
2787889600193100015,1
2656144900370100176,2
2707604000072100079,3
2787889600281100092,0
2787445900338100016,0
2945606900000007957,3
2707604700412100039,1
2945606900000008245,1
2795584800237100106,4
2787889600422100062,4
2787445900550100068,2
2796212800944100093,3
2787445900403100045,1
2796212800914100178,4
2787445900897100148,2
2787445900098100150,3
2707604800219100061,0
2787445900463100100,3
2656144900136100106,4
2707604700226100107,3
2787445900803100037,0
2795903600354100060,4
2795103300415100059,0
2946331700000002594,3
2787445900511100010,2
2787445900326100040,3
2796212800080100043,3
2796212800521100134,0
2707737900008100185,4
2656144900536100103,2
2707737900147100172,4
2787445900301100035,0
2796212800371200067,1
2796212800537100211,4
2796212800598100156,4
2787889600443100212,2
2656143800153100155,2
2946331700000016068,2
2787889600230100066,0
2656144300108100177,0
2787889600444100215,3
2796212800483100024,1
2707737900147100189,2
2787445900859100202,3
2795584800240100053,1
2656144900504100163,2
2787445900717100078,1
2707604800141100034,1
2787889600058100074,0
2787445900682100128,3
2796212800429100114,0
2795584800412100278,3
2707604800283100024,0
2795584800456100094,2
2787445900731100026,2
2656144900476200071,0
2796212800759100295,2
2787889600277100226,4
2796212800461100222,4
2795584800203100322,3
2707604800118100027,4
2726542200026100134,0
2796212801011100022,2
2787445900800100075,1
2795903600299100132,1
2787445900301100016,2
2796212800919100095,0
2726562800203100120,2
2707604700062100194,1
2796212800913100297,4
2795903600374100128,0
2795903600006100051,1
2707604700364100125,0
2707604000153100083,2
2787445900287200061,2
2787445900545100074,3
2656144900583100192,0
2787889600486100089,1
2707604700250100313,2
2945606900000002902,2
2796212800918100117,4
2707604000110100144,0
2795584800201100136,2
2795584800448100039,1
2795584800476100046,3
2795903600242100166,2
2795103300145100291,0
2796212800342100080,0
2796212800951100085,4
2795584800447100260,0
2795103300312100041,0
2796212800890100143,1
2787445900170100133,0
2787889600097100036,2
2707604700388100220,4
2796212800747100097,3
2707737900074100169,3
2796212800553100031,0
2946331700000014009,4
2796212800593200044,3
2945606900000006622,1
2656144900541100206,2
2656143800055100113,1
2795903600516100102,2
2787889600379100132,1
2707604800082100030,3
2787445900512100017,2
2787445900352100148,0
2656144900557100254,1
2946331700000020169,2
2795584800124100180,4
2656144900263100219,2
2707604700128100030,0
2946331700000001579,3
2787445900597100052,2
2787889600349100073,1
2795584800426100121,4
2795903600355200166,2
2795903600114100170,1
2946331700000001833,1
2707737900060200124,0
2946331700000014057,1
2795103300129100178,1
2795103300153100110,3
2787889600414100093,1
2795584800670100085,3
2787889600317100090,1
2707604000140100089,4
2787889600348200081,0
2946331700000008641,3
2787889600485100104,2
2945606900000001437,4
2946331700000001544,4
2796212800424100103,4
2787445900695100045,0
2795903600427100147,0
2656144300109100140,4
2946331700000012282,1
2787889600370100102,3
2787889600131100210,2
2656144900138100115,0
2787445900131100032,1
2787445900426100052,0
2707604000056100216,4
2656144900641100094,4
2795584800491100106,3
2707737900046100132,2
2795103300309100085,2
2787889600281100069,4
2656144900165100138,3
2656144900555100187,3
2787445900761100221,4
2787889600515100014,4
2656144900530100130,2
2796212800431100204,3
2787445900548100095,2
2787889600093100265,1
2945606900000020380,2
2787889600354100121,1
2796212800231100142,3
2795903600435100165,3
2795903600246100041,3
2787445900726100019,1
2707604000136100037,2
2795903600355100216,3
2796212800424100035,0
2787445900661100019,2
2795584800411100047,2
2795103300297100029,0
2787445900194100031,0
2787445900762100106,1
2787889600410100296,0
2795903600489100060,4
2796212800601100080,0
2795903600242100254,0
2796212800592100058,2
2796212800946100286,2
2726562700257100091,2
2787445900859100192,3
2946331700000018293,0
2787445900290100090,1
2946331700000017216,3
2707604000101200039,1
2707737900085100037,0
2787889600280100284,0
2787445900433100141,0
2796212800295100265,4
2945606900000006860,3
2795103300125100241,2
2787445900288100227,1
2787445900587100114,3
2787889600023100289,0
2707604800100100027,3
2656143800214100013,3
2796212800079100090,0
2795584800139100104,4
2656144900217100140,0
2795903600570200068,4
2707604000100100216,2
2656144900191100167,4
2787445900397100130,0
2707604800035200013,4
2795584800399100146,0
2796212800946100053,3
2787445900322100033,2
2656144900246100049,1
2656144900298100114,4
2656143800217200104,1
2787445900200100108,0
2795584800241100289,4
2787445900932100014,3
2795584800102100178,0
2787889600350100053,1
2707604800078100044,2
2787445900545100298,2
2787889600167100034,1
2795103300368100254,1
2945606900000001401,4
2946331700000019031,4
2795584800434100164,0
2796212800913100146,2
2707604800140100112,0
2656143800053100114,0
2796212800919100175,2
2707604700133100125,1
2796212800947100062,0
2795903600402100076,2
2946331700000018655,2
2787445900320100024,1
2795584800492100116,3
2795584800671100252,1
2795903600243100106,4
2795584800398100141,3
2946331700000018987,1
2726562700256100271,2
2787445900357100069,4
2787889600132100155,4
2787889600480100136,3
2945606900000021324,4
2787889600350100152,1
2787445900587100057,3
2656144900635100108,1
2945606900000003088,0
2946331700000010505,3
2787445900756100108,4
2656144900194100116,4
2656144300163100179,4
2795584800101100203,1
2787889600347100035,3
2787445900289100205,0
2795103300331100081,0
2707604800282100069,0
2796212801018100120,0
2707737900133100117,0
2787889600390100077,3
2656143800191100094,1
2795103300049100018,0
2707604000041100154,1
2656143800052100258,2
2787445900761100241,3
2796212800779100235,2
2795903600693100176,2
2707604700271100244,2
2707604700069100073,3
2795584800472100061,3
2795903600595100184,1
2707604700317100101,4
2707604000099100034,4
2796212800462100059,3
2795903600667100156,4
2787445900195100041,0
2656143800103100072,1
2707604800343100193,4
2796212800080100061,0
2795903600411100094,2
2795584800389100153,1
2796212800951100097,1
2796212800240100232,2
2787889600024100097,3
2707604000070100047,2
2787889600314100043,2
2656144900561100046,4
2795584800204100229,3
2787445900365100030,2
2787445900098100223,0
2707737900047100034,1
2945606900000000746,4
2787889600409100126,3
2787445900499100076,2
2946331700000010497,2
2656143800214100151,0
2787445900584100125,0
2656144900116100134,0
2795903600269100080,4
2787445900130100076,2
2707604700094100104,3
2656143800052100087,4
2795903600186100133,0
2707604700250100117,0
2787889600410100063,3
2795103300382100212,0
2796212800922100150,2
2946331700000003541,1
2795103300230100111,4
2707737900087100135,2
2787889600448100030,4
2656144300188100239,4
2795103300380100106,0
2796212800460100017,1
2787889600544100149,4
2707604700248100072,4
2707604700060100131,3
2795903600323100066,0
2656144900111100321,3
2707604800242100223,1
2787445900130100144,1
2787889600444100168,4
2656144900192100014,1
2726544600410100154,0
2787889600584100018,3
2795584800435100084,2
2787445900655100067,4
2787445900618100152,4
2796212800922100039,0
